"asn","match_name","organization","comment"
"209","src_asn_isp_","Lumen AS209",""
"701","src_asn_isp_","Verizon",""
"803","src_asn_isp_","Saskatchewan Telecommunications",""
"852","src_asn_isp_","TELUS Communications",""
"996","src_asn_isp_","JY Mobile Communications",""
"1136","src_asn_isp_","KPN NL",""
"1221","src_asn_isp_","Telstra Corporation Ltd",""
"1257","src_asn_isp_","TELE2",""
"1267","src_asn_isp_","WINDTRE",""
"1299","src_asn_isp_","Arelion (Twelve99)",""
"1378","src_asn_isp_","Interbel Telephone Cooperative Inc.",""
"1640","src_asn_isp_","Thacker-Grigsby Communications",""
"1729","src_asn_isp_","Telia Company AB",""
"1759","src_asn_isp_","Telia Finland",""
"1764","src_asn_isp_","next layer",""
"1767","src_asn_isp_","Indiana Higher Education Telecommunication System (IHETS)",""
"1820","src_asn_isp_","Wnet Telecom USA",""
"2027","src_asn_isp_","MilkyWan",""
"2119","src_asn_isp_","Telenor (Norway/Sweden)",""
"2585","src_asn_isp_","Optic Telecom LLC",""
"2606","src_asn_isp_","Wifiber.es",""
"2609","src_asn_isp_","Tunisie Telecom",""
"2615","src_asn_isp_","Bechtel",""
"2731","src_asn_isp_","Horizon Telcom",""
"2840","src_asn_isp_","Stiftelsen Goteborgs Studentbostader",""
"2856","src_asn_isp_","BTnet (BT's UK IP Network - AS2856)",""
"3165","src_asn_isp_","Przedsiebiorstwo Telekomunikacyjne LANET sp. z o.o.",""
"3188","src_asn_isp_","Alastyr Telekomunikasyon",""
"3209","src_asn_isp_","Vodafone Germany",""
"3212","src_asn_isp_","Telemach Slovenia",""
"3215","src_asn_isp_","Orange France",""
"3216","src_asn_isp_","VimpelCom",""
"3249","src_asn_isp_","Telia Eesti",""
"3269","src_asn_isp_","Telecom Italia S.p.a.",""
"3300","src_asn_isp_","British Telecom GIIB",""
"3301","src_asn_isp_","Telia Sweden",""
"3302","src_asn_isp_","Retelit S.p.A.",""
"3303","src_asn_isp_","Swisscom",""
"3308","src_asn_isp_","Telia Denmark",""
"3320","src_asn_isp_","Deutsche Telekom",""
"3327","src_asn_isp_","CITIC Telecom CPC Netherlands",""
"3329","src_asn_isp_","VODAFONE-PANAFON HELLENIC TELECOMMUNICATIONS COMPANY SA",""
"3330","src_asn_isp_","eww ag / ITandTEL AS3330",""
"3339","src_asn_isp_","FIBRAWORLD TELECOM S.A.U. AS3339",""
"3352","src_asn_isp_","Telefonica de España",""
"3356","src_asn_isp_","Lumen AS3356",""
"3462","src_asn_isp_","HiNet",""
"3695","src_asn_isp_","SPM TELECOM",""
"3737","src_asn_isp_","PenTeleData",""
"3748","src_asn_isp_","Electronics and Telecommunications Research Institute",""
"3816","src_asn_isp_","COLOMBIA TELECOMUNICACIONES S.A. ESP",""
"3848","src_asn_isp_","WorldLinx Telecommunications Inc.",""
"3853","src_asn_isp_","Whidbey Telephone Company",""
"4058","src_asn_isp_","CITIC Telecom International CPC Limited",""
"4134","src_asn_isp_","China Telecom",""
"4181","src_asn_isp_","TDS Telecom",""
"4230","src_asn_isp_","Claro",""
"4497","src_asn_isp_","Upsala Co-operative Telephone Association",""
"4540","src_asn_isp_","Sogetel",""
"4581","src_asn_isp_","Socket Telecom LLC",""
"4637","src_asn_isp_","Telstra (International)",""
"4638","src_asn_isp_","Telecom Fiji AS4638",""
"4651","src_asn_isp_","NT(CAT) IIG",""
"4725","src_asn_isp_","Softbank Corp. (former Japan Telecom)",""
"4760","src_asn_isp_","HKT Limited",""
"4761","src_asn_isp_","Indosat Ooredoo",""
"4766","src_asn_isp_","KT Corporation (Korea Telecom)",""
"4775","src_asn_isp_","Globe Telecom",""
"4780","src_asn_isp_","New Century InfoComm Tech Co.Ltd.",""
"4782","src_asn_isp_","Chunghwa Telecom Co. AS4782",""
"4788","src_asn_isp_","Telekom Malaysia Berhad (TM)",""
"4800","src_asn_isp_","Lintasarta",""
"4804","src_asn_isp_","Optus Internet",""
"4808","src_asn_isp_","China Unicom Beijing Province Network",""
"4809","src_asn_isp_","China Telecom / CN2",""
"4811","src_asn_isp_","China Telecom (Group)",""
"4812","src_asn_isp_","China Telecom (Group)",""
"4816","src_asn_isp_","CHINANET-IDC-GD",""
"4817","src_asn_isp_","SIMBA Telecom",""
"4821","src_asn_isp_","Sinergi Semesta Telematika",""
"4835","src_asn_isp_","China Telecom (Group)",""
"4837","src_asn_isp_","China Unicom",""
"4922","src_asn_isp_","Shentel Service Company",""
"4983","src_asn_isp_","Intel Corporation",""
"5391","src_asn_isp_","Croatian Telecom",""
"5400","src_asn_isp_","BT",""
"5410","src_asn_isp_","Bouygues Telecom ISP",""
"5416","src_asn_isp_","Batelco",""
"5425","src_asn_isp_","Primetel PLC",""
"5432","src_asn_isp_","Proximus",""
"5467","src_asn_isp_","MIPT-Telecom",""
"5483","src_asn_isp_","Magyar Telekom plc.",""
"5518","src_asn_isp_","Telia Latvija SIA",""
"5523","src_asn_isp_","CREDO-TELECOM",""
"5547","src_asn_isp_","Orient-Telecom",""
"5573","src_asn_isp_","PJSC Rostelecom",""
"5588","src_asn_isp_","T-Mobile CZ AS5588",""
"5602","src_asn_isp_","Retelit S.p.A. (formerly KPNQwest Italia)",""
"5603","src_asn_isp_","Telekom Slovenije",""
"5606","src_asn_isp_","GTS Telecom",""
"5607","src_asn_isp_","Sky Broadband",""
"5617","src_asn_isp_","Orange Polska - TPNET",""
"5639","src_asn_isp_","Telecommunication Services of Trinidad and Tobago",""
"5713","src_asn_isp_","Telkom SA",""
"6057","src_asn_isp_","ANTEL",""
"6058","src_asn_isp_","Northwestel Inc.",""
"6147","src_asn_isp_","Telefonica Del Perú",""
"6181","src_asn_isp_","Cincinnati Bell Telephone",""
"6306","src_asn_isp_","Telefonica Venezolana C.A.",""
"6327","src_asn_isp_","Shaw Cablesystems",""
"6368","src_asn_isp_","Northwestern Indiana Telephone Co.",""
"6400","src_asn_isp_","Claro Dominicana",""
"6407","src_asn_isp_","Primus Telecommunications Canada Inc",""
"6412","src_asn_isp_","Zajil International Telecom Company K.S.C.C",""
"6471","src_asn_isp_","entel Chile Servicios Fijos",""
"6503","src_asn_isp_","Axtel S.A.B. de C.V.",""
"6535","src_asn_isp_","Telmex Servicios Empresariales AS6535",""
"6559","src_asn_isp_","State of NC - State Telecommunications Services",""
"6568","src_asn_isp_","Entel S.A. - EntelNet",""
"6580","src_asn_isp_","Golden West Telecommunications",""
"6648","src_asn_isp_","Bayan Telecommunications Inc.",""
"6663","src_asn_isp_","Türk Telekom International",""
"6697","src_asn_isp_","Beltelecom",""
"6700","src_asn_isp_","BeotelNet-ISP",""
"6703","src_asn_isp_","PRIVATE JOINT-STOCK COMPANY 'FARLEP-INVEST'",""
"6713","src_asn_isp_","MAROC TELECOM",""
"6730","src_asn_isp_","Sunrise GmbH",""
"6752","src_asn_isp_","ANDORRA TELECOM",""
"6758","src_asn_isp_","Monaco Telecom",""
"6762","src_asn_isp_","Telecom Italia Sparkle",""
"6768","src_asn_isp_","EUROTELE-PLUS",""
"6769","src_asn_isp_","Kertinis valstybes telekomunikaciju centras",""
"6775","src_asn_isp_","Fink Telecom Services GmbH",""
"6794","src_asn_isp_","HRT - Croatian Radio Television",""
"6805","src_asn_isp_","Telefónica Germany GmbH & Co. OHG",""
"6810","src_asn_isp_","Bezeq",""
"6821","src_asn_isp_","Makedonski Telekom",""
"6823","src_asn_isp_","3C1B Telekom",""
"6828","src_asn_isp_","",""
"6848","src_asn_isp_","Telenet",""
"6849","src_asn_isp_","Ukrtelecom",""
"6855","src_asn_isp_","Slovak Telekom/T-Mobile CZ",""
"7004","src_asn_isp_","CTC Transmisiones Regionales S.A.",""
"7015","src_asn_isp_","Comcast - New England",""
"7057","src_asn_isp_","MNSI Telecom",""
"7063","src_asn_isp_","LESTE FLU SERVIÇOS DE TELECOM",""
"7303","src_asn_isp_","TELECOM ARGENTINA",""
"7418","src_asn_isp_","Movistar ISP",""
"7438","src_asn_isp_","Telefonica Mexico (Movistar)",""
"7474","src_asn_isp_","SingTel Optus",""
"7516","src_asn_isp_","Tohoku Intelligent Telecommunication",""
"7545","src_asn_isp_","TPG Telecom",""
"7552","src_asn_isp_","Viettel",""
"7602","src_asn_isp_","Saigon Postel Corp.",""
"7616","src_asn_isp_","JasTel Network",""
"7643","src_asn_isp_","Vietnam Posts and Telecommunications (VNPT)",""
"7713","src_asn_isp_","Telekomunikasi Indonesia Int (TELIN)",""
"7727","src_asn_isp_","HONDUTEL (Honduras)",""
"7794","src_asn_isp_","Execulink Telecom",""
"7849","src_asn_isp_","Crocker Communications Inc",""
"7922","src_asn_isp_","Comcast",""
"7925","src_asn_isp_","West Virginia Network for Educational Telecomputing",""
"8014","src_asn_isp_","Bahamas Telecommunications Company LTD.",""
"8103","src_asn_isp_","Florida Department of Management Services - Division of Telecommunications",""
"8134","src_asn_isp_","up.net",""
"8151","src_asn_isp_","Uninet S.A. de C.V.",""
"8163","src_asn_isp_","Metrotel SA ESP",""
"8193","src_asn_isp_","'Uzbektelekom' Joint Stock Company",""
"8194","src_asn_isp_","LVRTC Network",""
"8234","src_asn_isp_","RAI-AS",""
"8242","src_asn_isp_","Apex Telecom Ltd.",""
"8244","src_asn_isp_","TELECOM ITALIA SPARKLE S.p.A.",""
"8251","src_asn_isp_","NFX z.s.p.o. (FreeTel s.r.o.)",""
"8280","src_asn_isp_","Synapsecom Telecoms S.A.",""
"8301","src_asn_isp_","Gibraltar Telecom",""
"8304","src_asn_isp_","Ecritel",""
"8334","src_asn_isp_","LLC SETEL",""
"8345","src_asn_isp_","JSC 'ER-Telecom Holding'",""
"8346","src_asn_isp_","SONATEL DAKAR",""
"8359","src_asn_isp_","Mobile TeleSystems PJSC",""
"8368","src_asn_isp_","DSTNY",""
"8374","src_asn_isp_","Polkomtel",""
"8375","src_asn_isp_","Telehouse Deutschland GmbH",""
"8393","src_asn_isp_","ASTEL JSC",""
"8395","src_asn_isp_","East Telecom Ltd.",""
"8400","src_asn_isp_","TSSRB - Telekom Srbija",""
"8402","src_asn_isp_","Corbina Telecom",""
"8410","src_asn_isp_","NIR-AS",""
"8412","src_asn_isp_","Magenta Telekom",""
"8414","src_asn_isp_","International Telecommunication Union",""
"8422","src_asn_isp_","NetCologne",""
"8427","src_asn_isp_","Joint Stock Company TransTeleCom",""
"8443","src_asn_isp_","PJSC Rostelecom",""
"8447","src_asn_isp_","A1 Telekom Austria AG",""
"8452","src_asn_isp_","Telecom Egypt",""
"8487","src_asn_isp_","Phibee Telecom",""
"8529","src_asn_isp_","Zain Omantel International",""
"8544","src_asn_isp_","PrimeTel Telecom",""
"8562","src_asn_isp_","A1 Telekom Austria AG",""
"8570","src_asn_isp_","PJSC Rostelecom",""
"8580","src_asn_isp_","MTS PJSC",""
"8585","src_asn_isp_","Crnogorski Telekom a.d.Podgorica",""
"8615","src_asn_isp_","Central Telegraph",""
"8661","src_asn_isp_","Posta dhe telekomi i Kosoves",""
"8675","src_asn_isp_","PJSC Rostelecom",""
"8697","src_asn_isp_","Jordan Telecommunications",""
"8711","src_asn_isp_","JSC Avantel",""
"8717","src_asn_isp_","A1 BG EAD",""
"8720","src_asn_isp_","Aspan telecom",""
"8732","src_asn_isp_","COMCOR",""
"8753","src_asn_isp_","Mediateleset Ltd.",""
"8764","src_asn_isp_","Telia Lietuva AB",""
"8767","src_asn_isp_","M-net",""
"8781","src_asn_isp_","Ooredoo Qatar",""
"8814","src_asn_isp_","Aztelekom LLC",""
"8821","src_asn_isp_","WWZ Telekom",""
"8847","src_asn_isp_","Telecomm Technology",""
"8881","src_asn_isp_","1&1 Versatel Deutschland",""
"8887","src_asn_isp_","TESATEL s.r.o.",""
"8926","src_asn_isp_","Moldtelecom",""
"8966","src_asn_isp_","Etisalat",""
"9000","src_asn_isp_","Eser Telekom Sanayi ve Ticaret A.S.",""
"9038","src_asn_isp_","Umniah Mobile Company",""
"9066","src_asn_isp_","EWE TEL SO",""
"9110","src_asn_isp_","'AMT GROUP TELECOM' Limited Liability Company",""
"9121","src_asn_isp_","Turk Telekom",""
"9125","src_asn_isp_","Orion Telekom",""
"9145","src_asn_isp_","EWE TEL",""
"9146","src_asn_isp_","BHTelecom",""
"9158","src_asn_isp_","Telenor Denmark",""
"9198","src_asn_isp_","Kazakhtelecom",""
"9205","src_asn_isp_","'SATELIT SERVIS' Ltd",""
"9231","src_asn_isp_","China Mobile Hong Kong",""
"9246","src_asn_isp_","GTA/Teleguam Holdings LLC",""
"9249","src_asn_isp_","Telecom Vanuatu",""
"9299","src_asn_isp_","Philippine Long Distance Company",""
"9318","src_asn_isp_","SK Broadband",""
"9329","src_asn_isp_","Sri Lanka Telecom",""
"9336","src_asn_isp_","Spirit Telecom Limited Backbone",""
"9341","src_asn_isp_","Indonesia Comnets Plus AS9341",""
"9444","src_asn_isp_","PCCW Mobile",""
"9498","src_asn_isp_","Bharti Airtel Limited",""
"9506","src_asn_isp_","Singtel Fibre Broadband",""
"9519","src_asn_isp_","Vertical Telecoms Pty Ltd",""
"9614","src_asn_isp_","OCT",""
"9644","src_asn_isp_","SKTELECOM-NET-AS-KR",""
"9658","src_asn_isp_","Eastern Telecommunications Philippines Inc.",""
"9664","src_asn_isp_","AUK Telecom(SG)",""
"9674","src_asn_isp_","Far EastTone Telecommunication Co. Ltd.",""
"9694","src_asn_isp_","Seokyung Cable Television Company",""
"9751","src_asn_isp_","AMERICAN SAMOA TELECOMMUNICATIONS AUTHORITY",""
"9781","src_asn_isp_","GCS-AS-KR-KR",""
"9808","src_asn_isp_","China Mobile Communications Group Co. Ltd.",""
"9829","src_asn_isp_","National Internet Backbone India",""
"9848","src_asn_isp_","Sejong Telecom",""
"9873","src_asn_isp_","LAOTELECOM",""
"9889","src_asn_isp_","Two Degrees Mobile Limited",""
"9908","src_asn_isp_","Hong Kong Cable Television Limited",""
"9924","src_asn_isp_","Taiwan Fixed Network",""
"9931","src_asn_isp_","NT(CAT) Corporate Internet",""
"9934","src_asn_isp_","Mongolia Telecom",""
"9988","src_asn_isp_","Myanma Posts and Telecommunications (MPT)",""
"10002","src_asn_isp_","Igaueno Cable Television Co.Ltd.",""
"10003","src_asn_isp_","Ogaki Cable Television",""
"10024","src_asn_isp_","LGA Telecom Pte Ltd",""
"10031","src_asn_isp_","WEBSATMEDIA PTE LTD Satellite Over IP Singapore",""
"10094","src_asn_isp_","Unified National Networks",""
"10118","src_asn_isp_","Hutchison Telecommunications Hong Kong Holdings Limited",""
"10131","src_asn_isp_","Telecom Cook Islands",""
"10132","src_asn_isp_","Towngas Telecommunications Fixed Network Limited",""
"10143","src_asn_isp_","Exetel Pty Ltd",""
"10225","src_asn_isp_","Nettlinx",""
"10269","src_asn_isp_","Belize Telemedia",""
"10279","src_asn_isp_","West Carolina Communications",""
"10423","src_asn_isp_","STELLAR Broadband",""
"10429","src_asn_isp_","TELEFÔNICA BRASIL AS10429",""
"10430","src_asn_isp_","Washington State K-20 Telecommunications Network",""
"10620","src_asn_isp_","Telmex Colombia S.A.",""
"10704","src_asn_isp_","Microlink Telecom",""
"10750","src_asn_isp_","Mark Twain Rural Telephone",""
"10821","src_asn_isp_","PIONEERINTERNET",""
"10834","src_asn_isp_","Telefonica Empresas",""
"11014","src_asn_isp_","CPS",""
"11067","src_asn_isp_","PTSINET",""
"11081","src_asn_isp_","United Telecommunication Services UTS",""
"11084","src_asn_isp_","Huron Telecommunications Cooperative",""
"11090","src_asn_isp_","Matanuska Telecom Association",""
"11172","src_asn_isp_","Alestra",""
"11183","src_asn_isp_","Mount Horeb Telephone Co",""
"11259","src_asn_isp_","Angola Telecom",""
"11272","src_asn_isp_","C Spire Fiber",""
"11367","src_asn_isp_","WORLDNETPR",""
"11432","src_asn_isp_","Telium Telecomunicações Ltda",""
"11722","src_asn_isp_","Westelcom Networks",""
"11727","src_asn_isp_","Bruce Telecom",""
"11749","src_asn_isp_","Smart City Telecom AS11749",""
"11814","src_asn_isp_","Distributel Communications Limited",""
"11815","src_asn_isp_","Cooperativa Telefónica de Villa Gobernador Gálvez",""
"11830","src_asn_isp_","ICE (Costa Rica)",""
"11844","src_asn_isp_","EMPRESA CATARINENSE DE TECNOLOGIA EM TEL",""
"11845","src_asn_isp_","Vox Telecom",""
"11888","src_asn_isp_","Televisión Internacional SA de CV AS11888",""
"11915","src_asn_isp_","TelePacific Communications AS11915",""
"11949","src_asn_isp_","COZAD TELEPHONE COMPANY",""
"11961","src_asn_isp_","Mid-Rivers Telephone Cooperative",""
"11992","src_asn_isp_","Liberty Mobile Puerto Rico Inc.",""
"12033","src_asn_isp_","Adams TelSystems Inc.",""
"12056","src_asn_isp_","Yucca Telecom",""
"12127","src_asn_isp_","Telefonica Moviles El Salvador S.A. de C.V.",""
"12150","src_asn_isp_","COTELCAM",""
"12297","src_asn_isp_","TELECOM ARMENIA",""
"12302","src_asn_isp_","Vodafone Romania",""
"12312","src_asn_isp_","ecotel communication ag",""
"12332","src_asn_isp_","PJSC Rostelecom",""
"12334","src_asn_isp_","R Cable y Telecable Telecomunicaciones S.A.U.",""
"12338","src_asn_isp_","EUSKALTEL S.A.",""
"12355","src_asn_isp_","HeLi NET Telekommunikation",""
"12357","src_asn_isp_","COMUNITEL",""
"12360","src_asn_isp_","KEVAG Telekom GmbH",""
"12361","src_asn_isp_","VODAFONE-PANAFON HELLENIC TELECOMMUNICATIONS COMPANY SA",""
"12365","src_asn_isp_","Sarkor Telecom",""
"12372","src_asn_isp_","Cubic Telecom Limited",""
"12380","src_asn_isp_","PJSC Rostelecom",""
"12389","src_asn_isp_","Rostelecom",""
"12392","src_asn_isp_","Brutele SC / Voo",""
"12444","src_asn_isp_","TELNET TELEKOM HIZMETLERI ANONIM SIRKETI",""
"12455","src_asn_isp_","Telkom Kenya",""
"12479","src_asn_isp_","Orange Spain",""
"12486","src_asn_isp_","TeleYemen",""
"12491","src_asn_isp_","Gilat Telecom",""
"12494","src_asn_isp_","OOO 'Post ltd'",""
"12616","src_asn_isp_","Citytelecom LLC",""
"12668","src_asn_isp_","MiraLogic Telecommunication Systems",""
"12683","src_asn_isp_","PJSC Rostelecom",""
"12688","src_asn_isp_","Joint Stock Company TransTeleCom",""
"12693","src_asn_isp_","e.discom Telekommunikation GmbH",""
"12730","src_asn_isp_","PJSC Rostelecom",""
"12762","src_asn_isp_","VTG",""
"12768","src_asn_isp_","JSC 'ER-Telecom Holding'",""
"12777","src_asn_isp_","Eser Telekom Sanayi ve Ticaret A.S.",""
"12796","src_asn_isp_","Telecommunication Company Varna",""
"12843","src_asn_isp_","TelemaxX",""
"12844","src_asn_isp_","Bouygues Telecom",""
"12846","src_asn_isp_","PJSC Rostelecom",""
"12847","src_asn_isp_","Latvijas Mobilais Telefons AS12847",""
"12850","src_asn_isp_","Retelit S.p.A. (formerly Enter)",""
"12861","src_asn_isp_","Vestel Elektronik Sanayi ve Ticaret A.S.",""
"12874","src_asn_isp_","Fastweb",""
"12880","src_asn_isp_","TIC AS12880",""
"12886","src_asn_isp_","LEW TelNet",""
"12912","src_asn_isp_","T-Mobile Polska",""
"12926","src_asn_isp_","Ar Telecom PT",""
"12929","src_asn_isp_","Telia Norge (mobile)",""
"12946","src_asn_isp_","R Cable y Telecable Telecomunicaciones S.A.U.",""
"12956","src_asn_isp_","Telxius Cable",""
"12958","src_asn_isp_","T2 Russia Network",""
"12975","src_asn_isp_","Palestinian Telecommunications",""
"12997","src_asn_isp_","Kyrgyztelecom",""
"13022","src_asn_isp_","Streams Telecommunicationsservices GmbH",""
"13036","src_asn_isp_","T-Mobile CZ AS13036",""
"13046","src_asn_isp_","ISKON INTERNET",""
"13056","src_asn_isp_","PJSC Rostelecom",""
"13099","src_asn_isp_","'AZ-EVRO TEL' LLC",""
"13118","src_asn_isp_","PJSC Rostelecom",""
"13122","src_asn_isp_","Manx Telecom",""
"13126","src_asn_isp_","Satellite Mediaport Services Ltd.",""
"13156","src_asn_isp_","Cabovisao televisao por cabovisao sa",""
"13208","src_asn_isp_","Newtel",""
"13259","src_asn_isp_","Delta Telesystems Ltd.",""
"13357","src_asn_isp_","Irati Telecomunicações Ltda.",""
"13370","src_asn_isp_","LocalTel Communications",""
"13388","src_asn_isp_","Egyptian Telephone",""
"13489","src_asn_isp_","TigoUne",""
"13585","src_asn_isp_","PowerVT SA",""
"13682","src_asn_isp_","TELECOMUNICACIONES DE GUATEMALA SOCIEDAD ANONIMA",""
"13765","src_asn_isp_","Nedelco",""
"14080","src_asn_isp_","Telmex Colombia",""
"14117","src_asn_isp_","Telefonica del Sur",""
"14155","src_asn_isp_","Rural Telephone Service Co",""
"14178","src_asn_isp_","Megacable Comunicaciones de Mexico",""
"14232","src_asn_isp_","Telpin - Cooperativa Telefonica Pinamar Ltda.",""
"14265","src_asn_isp_","TelePacific Communications",""
"14282","src_asn_isp_","PERSIS TELECOM",""
"14288","src_asn_isp_","Smart City Telecom AS14288",""
"14569","src_asn_isp_","Intellipop LLC",""
"14703","src_asn_isp_","MARQUETTE-ADAMS TELEPHONE COOPERATIVE INC.",""
"14750","src_asn_isp_","Sierra Tel Internet",""
"14754","src_asn_isp_","Telgua",""
"14813","src_asn_isp_","BB-COLUMBUS",""
"14860","src_asn_isp_","Smartcom Telephone",""
"14868","src_asn_isp_","Ligga Telecomunicações S.A.",""
"14988","src_asn_isp_","Botswana Telecommunications Corporation",""
"15129","src_asn_isp_","Geneseo Communications Services",""
"15165","src_asn_isp_","Mutual Telephone Company",""
"15311","src_asn_isp_","Telefonica Empresas Network",""
"15321","src_asn_isp_","Groupe Maskatel",""
"15335","src_asn_isp_","KAPLAN TELEPHONE COMPANY INC.",""
"15378","src_asn_isp_","T2 North-West",""
"15389","src_asn_isp_","Telefonverkid",""
"15397","src_asn_isp_","TelenorMontenegro",""
"15433","src_asn_isp_","Telecom Italia San Marino",""
"15466","src_asn_isp_","Defensie Telematica Organisatie",""
"15468","src_asn_isp_","PJSC Rostelecom",""
"15557","src_asn_isp_","SFR Group",""
"15595","src_asn_isp_","Skyline Telecom",""
"15599","src_asn_isp_","Avantel Neftejugansk",""
"15617","src_asn_isp_","Nova Telecommunications & Media Single Member S.A",""
"15659","src_asn_isp_","NextGenTel",""
"15672","src_asn_isp_","OOO Telecom TZ",""
"15673","src_asn_isp_","Teleseti Plus",""
"15706","src_asn_isp_","Sudatel Telecom Group",""
"15736","src_asn_isp_","'Mobile Business Solutions' MBS LLP",""
"15751","src_asn_isp_","Meteor Mobile Communications Limited",""
"15759","src_asn_isp_","PJSC Rostelecom",""
"15763","src_asn_isp_","DOKOM21",""
"15796","src_asn_isp_","SALT MOBILE",""
"15802","src_asn_isp_","du",""
"15808","src_asn_isp_","AccessKenya Group",""
"15824","src_asn_isp_","A1 Telekom Austria AG",""
"15868","src_asn_isp_","Nalchik-Telecom Ltd",""
"15897","src_asn_isp_","Vodafone Telekomunikasyon A.S.",""
"15934","src_asn_isp_","PJSC Rostelecom",""
"15943","src_asn_isp_","wilhelm.tel",""
"15964","src_asn_isp_","CAMTEL",""
"15974","src_asn_isp_","Volgatranstelecom",""
"15997","src_asn_isp_","Intelligent Technologies",""
"16058","src_asn_isp_","Gabon Telecom",""
"16097","src_asn_isp_","HLkomm",""
"16154","src_asn_isp_","Telecoms Ltd.",""
"16202","src_asn_isp_","PŸUR - Mitte",""
"16223","src_asn_isp_","Columbus AS16223",""
"16227","src_asn_isp_","Vip Line Telecom Ltd.",""
"16229","src_asn_isp_","Primetel PLC",""
"16232","src_asn_isp_","Telecom Italia S.p.A.",""
"16236","src_asn_isp_","Stellantis Auto SAS",""
"16281","src_asn_isp_","Utelisys Communications B.V.",""
"16285","src_asn_isp_","Joint Stock Company TransTeleCom",""
"16345","src_asn_isp_","BEE",""
"16381","src_asn_isp_","Osterreichischer Automobil Motorrad und Touringclub (OAMTC) Verband",""
"16413","src_asn_isp_","Telebermuda International Limited",""
"16438","src_asn_isp_","Satelcom Internet Inc.",""
"16504","src_asn_isp_","Granite Telecommunications",""
"16524","src_asn_isp_","MetTel",""
"16527","src_asn_isp_","Guadalupe Valley Telephone Cooperative",""
"16531","src_asn_isp_","Protel i-Next",""
"16591","src_asn_isp_","Google Fiber Inc.",""
"16604","src_asn_isp_","HUNTEL.NET",""
"16629","src_asn_isp_","CTCCORP",""
"16696","src_asn_isp_","iTel Networks Inc",""
"16708","src_asn_isp_","Telcom Systems LLC",""
"16717","src_asn_isp_","CRAWKANINTERNET",""
"16728","src_asn_isp_","Mattel Inc.",""
"16814","src_asn_isp_","IPLAN Telecomunicaciones - NSS S.A.",""
"16863","src_asn_isp_","Home Telecom",""
"16934","src_asn_isp_","Leaco Rural Telephone",""
"16942","src_asn_isp_","Citizens Telephone Cooperative",""
"16954","src_asn_isp_","Three River Telco",""
"17069","src_asn_isp_","Cotel Argentina",""
"17072","src_asn_isp_","TOTAL PLAY TELECOMUNICACIONES AS17072",""
"17079","src_asn_isp_","Telemovil El Salvador S.A.",""
"17133","src_asn_isp_","T-Mobile USA Inc.",""
"17143","src_asn_isp_","Winn Telecom",""
"17356","src_asn_isp_","Vermont Telephone",""
"17380","src_asn_isp_","Project Mutual Telephone Cooperative Association Inc.",""
"17385","src_asn_isp_","Orbitel Communications LLC",""
"17400","src_asn_isp_","MSTELCOM SARL",""
"17408","src_asn_isp_","Chief",""
"17421","src_asn_isp_","Mobile Business Group",""
"17465","src_asn_isp_","Asianet Satellite Communications Ltd",""
"17469","src_asn_isp_","Access Telecom",""
"17470","src_asn_isp_","Etisalat Lanka",""
"17477","src_asn_isp_","Macquarie Telecom",""
"17483","src_asn_isp_","City Online services Limited",""
"17494","src_asn_isp_","Bangladesh Telecommunications",""
"17501","src_asn_isp_","Worldlink Communications",""
"17554","src_asn_isp_","CITIC-HK-AP",""
"17557","src_asn_isp_","PTCL",""
"17621","src_asn_isp_","China Unicom Shanghai Network",""
"17623","src_asn_isp_","China Unicom Shenzen network",""
"17709","src_asn_isp_","FarEasTone Telecom",""
"17726","src_asn_isp_","Telecom Cambodia",""
"17771","src_asn_isp_","Southern Online Bio Technologies Limited",""
"17806","src_asn_isp_","Mango Teleservices Limited",""
"17813","src_asn_isp_","Mahanagar Telephone Nigam Limited",""
"17853","src_asn_isp_","LGTELECOM",""
"17885","src_asn_isp_","XLSmart AS17885",""
"17911","src_asn_isp_","Brain Telecommunication",""
"17917","src_asn_isp_","Quadrant Televentures",""
"17924","src_asn_isp_","SmarTone Mobile Communications",""
"17936","src_asn_isp_","Cable  Television  Kani Co.Inc.",""
"17968","src_asn_isp_","Daqing zhongji petroleum telecommunication construction limited cpmpany",""
"18004","src_asn_isp_","SMARTFREN TELECOM Tbk",""
"18024","src_asn_isp_","BT ACCESS",""
"18025","src_asn_isp_","BT DC",""
"18042","src_asn_isp_","Koos Broadband Telecom",""
"18092","src_asn_isp_","Q-shu Tele Communications",""
"18126","src_asn_isp_","Chubu Telecommunications Co.Inc. (ctc)",""
"18187","src_asn_isp_","Source Telecoms",""
"18199","src_asn_isp_","Link Telecom (NZ) Limited",""
"18209","src_asn_isp_","Atria Convergence Technologies",""
"18214","src_asn_isp_","Telus International",""
"18233","src_asn_isp_","PT&T",""
"18302","src_asn_isp_","SK Telecom",""
"18390","src_asn_isp_","Spin Internet Services",""
"18399","src_asn_isp_","Yatanarpon Teleport ASN 18399",""
"18403","src_asn_isp_","FPT Telecom",""
"18490","src_asn_isp_","VIRTELA-NET-VTXDAL1",""
"18491","src_asn_isp_","VIRTELA-NET-VILCHI1",""
"18734","src_asn_isp_","Bestel",""
"18780","src_asn_isp_","Reservation Telephone Coop.",""
"18881","src_asn_isp_","TELEFÔNICA BRASIL AS18881",""
"18914","src_asn_isp_","ETS TELECOM",""
"18943","src_asn_isp_","YELCOT TELEPHONE COMPANY",""
"18988","src_asn_isp_","City West Cable & Telephone",""
"19112","src_asn_isp_","New Lisbon Telephone Co.",""
"19114","src_asn_isp_","Otecel",""
"19180","src_asn_isp_","Americatel Perú",""
"19182","src_asn_isp_","TELEFÔNICA BRASIL AS19182",""
"19201","src_asn_isp_","Eastex Telephone Cooperative",""
"19212","src_asn_isp_","Piedmont Rural Telephone Cooperative Incorporated",""
"19218","src_asn_isp_","Midvale Telephone Exchange",""
"19331","src_asn_isp_","Twin Lakes",""
"19332","src_asn_isp_","Marcatel COM",""
"19420","src_asn_isp_","West Wisconsin Telcom Cooperative Inc",""
"19422","src_asn_isp_","Telefonica Moviles del Uruguay",""
"19465","src_asn_isp_","Gosfield North Communications Co-operative",""
"19523","src_asn_isp_","BH TELECOM",""
"19577","src_asn_isp_","CASTRO TELECOM LLC",""
"19605","src_asn_isp_","3 Rivers Telephone Cooperative Inc.",""
"19635","src_asn_isp_","Sandhill Telephone Cooperative",""
"19752","src_asn_isp_","Hydro One Telecom",""
"19830","src_asn_isp_","RTC-RINGGOLD-GA",""
"19863","src_asn_isp_","Guyana Telephone & Telegraph Co.",""
"19881","src_asn_isp_","Valley Telecom",""
"19889","src_asn_isp_","Telviso Argentina",""
"19939","src_asn_isp_","Beaver Creek Telephone Company",""
"19955","src_asn_isp_","Pineland Telephone Cooperative Inc.",""
"19970","src_asn_isp_","R&R Managed Telecom Services",""
"19990","src_asn_isp_","ZetaNET Telecom",""
"20018","src_asn_isp_","Moapa Valley Telephone",""
"20058","src_asn_isp_","Totelcom Communications LLC",""
"20115","src_asn_isp_","Charter Communications",""
"20135","src_asn_isp_","Millennium Telcom LLC",""
"20222","src_asn_isp_","Plant Telephone Company",""
"20257","src_asn_isp_","Farmers Telephone Cooperative",""
"20260","src_asn_isp_","Sawtel Inc",""
"20283","src_asn_isp_","CONSOLIDATED TELEPHONE AS 20283",""
"20300","src_asn_isp_","Woodstock Telephone Company",""
"20436","src_asn_isp_","Prairie Grove Telephone Co.",""
"20477","src_asn_isp_","Randolph Telephone Company",""
"20485","src_asn_isp_","TransTelecom",""
"20634","src_asn_isp_","Telecom Liechtenstein AG",""
"20661","src_asn_isp_","State Company of Electro Communications Turkmentelecom",""
"20686","src_asn_isp_","Bisping & Bisping GmbH & Co. KG",""
"20714","src_asn_isp_","Merlin-Telekom",""
"20746","src_asn_isp_","Telecom Italia S.p.A.",""
"20776","src_asn_isp_","Outremer Telecom SAS",""
"20804","src_asn_isp_","EXATEL SA",""
"20807","src_asn_isp_","JSC 'ER-Telecom Holding'",""
"20845","src_asn_isp_","DIGI Ltd",""
"20870","src_asn_isp_","Joint Stock Company TransTeleCom",""
"20880","src_asn_isp_","PŸUR - Nord",""
"20886","src_asn_isp_","bn:t Blatzheim Networks Telecom",""
"20895","src_asn_isp_","'Yuzhniy TELECOM' ltd.",""
"20932","src_asn_isp_","SIG Telecom",""
"20960","src_asn_isp_","TKTelekom",""
"20978","src_asn_isp_","TT Mobil Iletisim Hizmetleri A.S",""
"21001","src_asn_isp_","NETKA TELEKOM",""
"21003","src_asn_isp_","General Post and Telecommunication Company (GPTC)",""
"21013","src_asn_isp_","eww ag / ITandTEL",""
"21017","src_asn_isp_","PJSC Rostelecom",""
"21032","src_asn_isp_","TELTA Citynetz GmbH",""
"21050","src_asn_isp_","Fast Telecommunications Company",""
"21127","src_asn_isp_","Joint Stock Company TransTeleCom",""
"21191","src_asn_isp_","Joint Stock Company TransTeleCom",""
"21193","src_asn_isp_","CTTI-XTEC",""
"21243","src_asn_isp_","Polkomtel Sp. z o.o.",""
"21246","src_asn_isp_","Ipko Telecommunication",""
"21263","src_asn_isp_","TeleData GmbH",""
"21271","src_asn_isp_","SOTELMA",""
"21277","src_asn_isp_","Newroz Telecom",""
"21283","src_asn_isp_","A1 Slovenija",""
"21299","src_asn_isp_","Beeline Kazakhstan",""
"21305","src_asn_isp_","IP TelCom LLC",""
"21310","src_asn_isp_","Satellite Ltd",""
"21351","src_asn_isp_","Canal+ Telecom",""
"21353","src_asn_isp_","JSC 'ER-Telecom Holding'",""
"21360","src_asn_isp_","Empirion Telekommunikations Services GmbH",""
"21378","src_asn_isp_","PJSC Rostelecom",""
"21391","src_asn_isp_","Algerian Broadcasting (Tele Diffusion d'Algerie TDA)",""
"21413","src_asn_isp_","envia TEL",""
"21438","src_asn_isp_","Joint Stock Company TransTeleCom",""
"21446","src_asn_isp_","SOTEL",""
"21450","src_asn_isp_","HOT Mobile Ltd.",""
"21479","src_asn_isp_","PJSC Rostelecom",""
"21487","src_asn_isp_","PJSC Rostelecom",""
"21491","src_asn_isp_","Uganda Telecom",""
"21555","src_asn_isp_","LAUREL HIGHLAND TELEPHONE COMPANY",""
"21565","src_asn_isp_","Horry Telephone Cooperative Inc.",""
"21574","src_asn_isp_","CENTURY TELECOM",""
"21575","src_asn_isp_","Entel Peru S.A.",""
"21713","src_asn_isp_","Bulloch County Rural Telephone Cooperative Inc.",""
"21730","src_asn_isp_","Halstad Telephone Company",""
"21766","src_asn_isp_","Ben Lomand Connect",""
"21779","src_asn_isp_","Harlan Community Television Inc.",""
"21782","src_asn_isp_","Plateau Telecommunications",""
"21826","src_asn_isp_","Corporación Telemic Network",""
"21921","src_asn_isp_","New Hope Telephone Cooperative",""
"21928","src_asn_isp_","T-Mobile USA",""
"22056","src_asn_isp_","Sitel",""
"22110","src_asn_isp_","Ligtel Communications Inc.",""
"22324","src_asn_isp_","XTEL",""
"22351","src_asn_isp_","INTELSAT",""
"22353","src_asn_isp_","Taylor Telephone Cooperative Inc.",""
"22363","src_asn_isp_","Powerhouse Management Inc.",""
"22368","src_asn_isp_","TELEBUCARAMANGA S.A. E.S.P.",""
"22381","src_asn_isp_","Megatelecom Telecomunicacoes",""
"22423","src_asn_isp_","Altima Telecom",""
"22464","src_asn_isp_","Northeast Louisiana Telephone Company Inc.",""
"22561","src_asn_isp_","LightCore a CenturyTel Co.",""
"22573","src_asn_isp_","Northwestel",""
"22639","src_asn_isp_","Cooptel Coop de Telecommunication",""
"22689","src_asn_isp_","Internet by Sercomtel",""
"22800","src_asn_isp_","IRVINE COMMUNITY TELEVISION",""
"22884","src_asn_isp_","TOTAL PLAY TELECOMUNICACIONES AS22884",""
"22925","src_asn_isp_","Allied Telecom Group",""
"22927","src_asn_isp_","Telefonica de Argentina",""
"23031","src_asn_isp_","TELECU AS23031",""
"23155","src_asn_isp_","HARRISONVILLE TELEPHONE",""
"23242","src_asn_isp_","LLC 'City-Telekom'",""
"23308","src_asn_isp_","Utility Telephone Inc.",""
"23418","src_asn_isp_","The Darien Telephone Co. Inc.",""
"23481","src_asn_isp_","Hill Country Telephone Cooperative Inc.",""
"23624","src_asn_isp_","Chukai Cable Television System Operator",""
"23673","src_asn_isp_","Cogetel Ltd Online ISP Cambodia",""
"23674","src_asn_isp_","Nayatel",""
"23688","src_asn_isp_","Link3 Technologies Limited",""
"23693","src_asn_isp_","Telekomunikasi Selular",""
"23724","src_asn_isp_","IDC China Telecommunications Corporation",""
"23752","src_asn_isp_","Nepal Telecom",""
"23764","src_asn_isp_","CTGNet",""
"23805","src_asn_isp_","Watarase Television",""
"23856","src_asn_isp_","SPTEL AS23856",""
"23888","src_asn_isp_","National Telecommunication Corporation HQ",""
"23889","src_asn_isp_","Mauritius Telecom Ltd",""
"23953","src_asn_isp_","ARTHA TELEKOMINDO",""
"23966","src_asn_isp_","LINKdotNET Telecom",""
"23969","src_asn_isp_","NT Broadband ISP",""
"24086","src_asn_isp_","Viettel Corporation",""
"24088","src_asn_isp_","Hanoi Telecom",""
"24122","src_asn_isp_","BDCOM Online",""
"24138","src_asn_isp_","China Tietong",""
"24157","src_asn_isp_","Taiwan Star Telecom Corporation Limited.",""
"24158","src_asn_isp_","Taiwan Mobile Co. Ltd.",""
"24186","src_asn_isp_","Railtel Corporation Of India",""
"24202","src_asn_isp_","PT. PASIFIKTEL INDOTAMA",""
"24203","src_asn_isp_","XLSmart AS24203",""
"24212","src_asn_isp_","JASNITA TELEKOMINDO",""
"24259","src_asn_isp_","kanuma cable television Corporation",""
"24337","src_asn_isp_","Best Telecom",""
"24400","src_asn_isp_","Shanghai Mobile Communications Co.Ltd.",""
"24444","src_asn_isp_","Shandong Mobile Communication Company Limited",""
"24445","src_asn_isp_","Henan Mobile Communications Co.Ltd",""
"24479","src_asn_isp_","Yurika Ergon Energy Telecommunications",""
"24499","src_asn_isp_","Telenor Pakistan",""
"24516","src_asn_isp_","Virtutel",""
"24530","src_asn_isp_","PT. Power Telecom",""
"24535","src_asn_isp_","Insan Sarana Telematika",""
"24545","src_asn_isp_","HKTEL",""
"24547","src_asn_isp_","Hebei Mobile Communication Company Limited",""
"24559","src_asn_isp_","G-Mobile",""
"24560","src_asn_isp_","Bharti Airtel Ltd. Telemedia Services",""
"24589","src_asn_isp_","Telenet SIA",""
"24626","src_asn_isp_","Joint Stock Company TransTeleCom",""
"24645","src_asn_isp_","CSC Telecom",""
"24651","src_asn_isp_","Balticom",""
"24663","src_asn_isp_","COMPLAT-TELECOM",""
"24689","src_asn_isp_","Rosintel",""
"24691","src_asn_isp_","Togocom",""
"24699","src_asn_isp_","PJSC Rostelecom",""
"24739","src_asn_isp_","Severen-Telecom",""
"24744","src_asn_isp_","SiNET Telecom s.r.o.",""
"24757","src_asn_isp_","Ethio Telecom",""
"24810","src_asn_isp_","TELESET KAZAN",""
"24872","src_asn_isp_","MAGNUS NG LLC",""
"24921","src_asn_isp_","Latvijas Mobilais Telefons AS24921",""
"24945","src_asn_isp_","Telecommunication Company Vinteleport Ltd.",""
"24978","src_asn_isp_","Telenec Telekommunikation Neustadt GmbH",""
"25019","src_asn_isp_","Saudi Telecom Company (STC SAUDINET)",""
"25082","src_asn_isp_","Viner Telecom LLC",""
"25093","src_asn_isp_","Ceska Sporitelna a.s.",""
"25106","src_asn_isp_","Mobile TeleSystems",""
"25117","src_asn_isp_","Bouygues Telecom Business-Distribution",""
"25135","src_asn_isp_","Vodafone UK Packet Backbone",""
"25141","src_asn_isp_","Teleradiocompany Soniko-Svyaz Ltd",""
"25144","src_asn_isp_","'Telekomunikacije Republike Srpske' akcionarsko drustvo Banja Luka",""
"25145","src_asn_isp_","Teknotel Telekom",""
"25159","src_asn_isp_","SONICDUO",""
"25227","src_asn_isp_","Avantel Moscow",""
"25229","src_asn_isp_","Volia",""
"25250","src_asn_isp_","Gamtel Co.",""
"25299","src_asn_isp_","Kompeatelecom Ltd.",""
"25328","src_asn_isp_","HEP-TELEKOMUNIKACIJE",""
"25355","src_asn_isp_","Intelecom",""
"25369","src_asn_isp_","Hydra Communications Ltd (EU)",""
"25386","src_asn_isp_","Inter-Telecom LLC",""
"25400","src_asn_isp_","Telia Norge",""
"25447","src_asn_isp_","JM-DATA Telekom GmbH",""
"25472","src_asn_isp_","WIND HELLAS TELECOMMUNICATIONS",""
"25474","src_asn_isp_","OKB-TELECOM JSC",""
"25490","src_asn_isp_","PJSC Rostelecom",""
"25512","src_asn_isp_","CD-Telematika a.s.",""
"25513","src_asn_isp_","MGTS",""
"25515","src_asn_isp_","PJSC Rostelecom",""
"25520","src_asn_isp_","JSC 'Futures Telecom'",""
"25531","src_asn_isp_","PJSC Rostelecom",""
"25543","src_asn_isp_","ONATEL (Office National des Telecommunications PTT)",""
"25548","src_asn_isp_","SCS-Telecom",""
"25549","src_asn_isp_","JSC Avantel",""
"25592","src_asn_isp_","NETIS Telecom LLC",""
"25671","src_asn_isp_","Wholesale Air-time",""
"25769","src_asn_isp_","Garden Valley Telephone Company",""
"25830","src_asn_isp_","Blue Valley Tele-communications Inc.",""
"25853","src_asn_isp_","Ellijay Telephone Company",""
"25880","src_asn_isp_","Public joint-stock company 'RUTELEKOM'",""
"25892","src_asn_isp_","VTX Telecom",""
"25933","src_asn_isp_","Vogel Telecom",""
"25943","src_asn_isp_","Intelliwave",""
"26088","src_asn_isp_","Inland Telephone Company",""
"26104","src_asn_isp_","Telespazio Brasil S.A.",""
"26123","src_asn_isp_","Independence Telecommunications Utility",""
"26472","src_asn_isp_","Mosaic Telecom",""
"26599","src_asn_isp_","TELEFÔNICA BRASIL AS26599",""
"26609","src_asn_isp_","Universal Telecom Ltda.",""
"26703","src_asn_isp_","Kalona Cooperative Telephone Company",""
"26724","src_asn_isp_","The North-Eastern Pennsylvania Telephone Company",""
"26727","src_asn_isp_","Brandenburg Telephone Company",""
"26744","src_asn_isp_","Planters Rural Telephone Cooperative",""
"26860","src_asn_isp_","SWIFTEL COMMUNICATIONS",""
"26932","src_asn_isp_","BRAVO TELECOM",""
"27221","src_asn_isp_","Ardmore Telephone Company Inc",""
"27284","src_asn_isp_","FOURPLEX-ASN",""
"27294","src_asn_isp_","RTC Reserve Telecommunications",""
"27425","src_asn_isp_","IdeaTek Telcom",""
"27539","src_asn_isp_","West River Telecommunications Cooperative",""
"27648","src_asn_isp_","TELECOMUNICACIONES BANTEL C.A.",""
"27651","src_asn_isp_","entel MPLS",""
"27660","src_asn_isp_","Curacao Telecom",""
"27672","src_asn_isp_","SERVICIO Y EQUIPO EN TELEFONÍA INTERNET Y TV S.A. DE C.V.",""
"27699","src_asn_isp_","TELEFÔNICA BRASIL AS27699",""
"27708","src_asn_isp_","GCA Telecom",""
"27717","src_asn_isp_","Corporacion Digitel AS27717",""
"27720","src_asn_isp_","Citta Telecom",""
"27725","src_asn_isp_","Empresa de Telecomunicaciones de Cuba S.A",""
"27738","src_asn_isp_","Ecuadortelecom",""
"27742","src_asn_isp_","Amnet Telecomunicaciones",""
"27745","src_asn_isp_","Telefonia Bonairiano N.V.",""
"27747","src_asn_isp_","Telecentro",""
"27757","src_asn_isp_","CORPORACION NACIONAL DE TELECOMUNICACIONES CNT EP",""
"27763","src_asn_isp_","ANDITEL S.A.S.",""
"27775","src_asn_isp_","TeleSur Suriname",""
"27792","src_asn_isp_","Wiltel Comunicaciones",""
"27813","src_asn_isp_","Teledifusora",""
"27864","src_asn_isp_","Telmex Colombia S.A.",""
"27877","src_asn_isp_","Cooperativa Telefónica de Capitán Bermúdez",""
"27879","src_asn_isp_","Informática y Telecomunicaciones S.A.",""
"27882","src_asn_isp_","Telefónica Celular de Bolivia",""
"27887","src_asn_isp_","WIND Telecom S.A.",""
"27889","src_asn_isp_","Telecomunicaciones MOVILNET",""
"27895","src_asn_isp_","Núcleo S.A. PY",""
"27923","src_asn_isp_","COMPAÑIA DE TELEVISION VIA SATELITE",""
"27925","src_asn_isp_","entel PCS",""
"27932","src_asn_isp_","Reytel",""
"27947","src_asn_isp_","Telconet Ecuador",""
"27948","src_asn_isp_","27948",""
"27950","src_asn_isp_","Cooperativa Telefonica Benavidez Ltda",""
"27960","src_asn_isp_","Coop. de Obras y Serv. Púb. Ltda. de Río Tercero",""
"27976","src_asn_isp_","Coop. de Servicios Públicos de Morteros",""
"27979","src_asn_isp_","Stel Chile",""
"27984","src_asn_isp_","TeleRed",""
"27988","src_asn_isp_","Servicios y Telecomunicaciones",""
"28006","src_asn_isp_","CNT EP",""
"28009","src_asn_isp_","Da.Vi.Tel. S.A.",""
"28024","src_asn_isp_","Nuevatel PCS de Bolivia",""
"28036","src_asn_isp_","Telefonia Celular de Nicaragua SA.",""
"28048","src_asn_isp_","Internet Para Todos",""
"28051","src_asn_isp_","Villa Flandria",""
"28066","src_asn_isp_","Cooperativa Telefonica Mariano Acosta",""
"28126","src_asn_isp_","Brisanet Servicos de Telecomunicacoes",""
"28130","src_asn_isp_","Certto Telecomunicações",""
"28131","src_asn_isp_","NET.COM PROVEDOR DE INTERNET",""
"28132","src_asn_isp_","Tri Telecom",""
"28138","src_asn_isp_","SCW Telecom",""
"28140","src_asn_isp_","Maxiweb Internet Provider",""
"28142","src_asn_isp_","DIGITAL DESIGN SERVIÇOS DE TELECOMUNICAÇÕES",""
"28145","src_asn_isp_","RLINE Telecom",""
"28146","src_asn_isp_","Mhnet Telecom",""
"28151","src_asn_isp_","Datora Telecomunicações Ltda.",""
"28154","src_asn_isp_","AR TELECOM PROVEDOR DE INTERNET",""
"28158","src_asn_isp_","Ampernet Telecom",""
"28166","src_asn_isp_","Telecom South America",""
"28171","src_asn_isp_","S.O. DO BRASIL TELECOM",""
"28173","src_asn_isp_","Dinâmica Telecom",""
"28178","src_asn_isp_","NWI Telecom",""
"28181","src_asn_isp_","MASTER TELECOM LTDA ME",""
"28184","src_asn_isp_","Interjato Serviços de Telecomunicações",""
"28186","src_asn_isp_","ITS Telecomunicações",""
"28187","src_asn_isp_","Stratus Telecomunicacoes",""
"28191","src_asn_isp_","Jupiter Telecom",""
"28198","src_asn_isp_","Sempre Internet",""
"28201","src_asn_isp_","VALENET",""
"28207","src_asn_isp_","Teleon Telecomunicacoes Ltda",""
"28212","src_asn_isp_","Coprel Telecom - 28212",""
"28213","src_asn_isp_","LCI Telecom",""
"28219","src_asn_isp_","NetRosas Telecom",""
"28220","src_asn_isp_","Cabo Telecom",""
"28223","src_asn_isp_","Linca Telecomunicações",""
"28224","src_asn_isp_","CPNET Com. e Serv. Telecomunicações Ltda",""
"28225","src_asn_isp_","Provedornet Telecom. e Serviços de Internet Ltda",""
"28226","src_asn_isp_","Avvio Telecom",""
"28227","src_asn_isp_","NOVACIA TECNOLOGIA E TELECOMUNICACOES",""
"28234","src_asn_isp_","Wireless Telecom",""
"28240","src_asn_isp_","VIP - SERVIÇOS DE TELECOMUNICAÇÕES LTDA.",""
"28247","src_asn_isp_","Intercampo Telecom",""
"28250","src_asn_isp_","Telbrax",""
"28252","src_asn_isp_","WorldNet Telecom",""
"28263","src_asn_isp_","Ensite Brasil Telecomunicaes Ltda - ME",""
"28264","src_asn_isp_","ADLLink Telecom",""
"28267","src_asn_isp_","IMAXXTELECOM",""
"28270","src_asn_isp_","Multiplay Telecom",""
"28277","src_asn_isp_","VMAX",""
"28279","src_asn_isp_","Telgo Telecom",""
"28283","src_asn_isp_","Adyl Telecom - AS28283",""
"28285","src_asn_isp_","Beltrãonet Telecomunicações",""
"28287","src_asn_isp_","Fit Telecom - Americanet",""
"28292","src_asn_isp_","Engeplus Telecom",""
"28296","src_asn_isp_","Acessa Telecomunicações Ltda",""
"28305","src_asn_isp_","LGTEL61 INTERNET",""
"28306","src_asn_isp_","Voluy Telecom",""
"28308","src_asn_isp_","ORION TELECOMUNICAÇÕES COM E SERV",""
"28309","src_asn_isp_","WGO TELECOM",""
"28323","src_asn_isp_","VIPRede Telecomunicações",""
"28326","src_asn_isp_","Total Telecom",""
"28330","src_asn_isp_","IFTNET-TELECOM",""
"28334","src_asn_isp_","PROCESS TELECOM",""
"28335","src_asn_isp_","MAXCOMM",""
"28337","src_asn_isp_","Buzz Telecom LTDA",""
"28343","src_asn_isp_","Unifique Telecomunicações",""
"28359","src_asn_isp_","ZAAZ PROVEDOR DE INTERNET E TELECOMUNICACOES S.A",""
"28360","src_asn_isp_","WKVE Telecom",""
"28366","src_asn_isp_","Marinter Telecom",""
"28368","src_asn_isp_","SOBRALNET SERVIÇOS E TELECOMUNICACOES LTDA - ME",""
"28378","src_asn_isp_","TV Rey de Occidente",""
"28394","src_asn_isp_","Bicentel SA de CV (C3ntro Telecom)",""
"28398","src_asn_isp_","INTERNET TELEFONIA Y TV DE MICHOACAN SA DE CV",""
"28414","src_asn_isp_","TOTAL PLAY TELECOMUNICACIONES SA DE CV",""
"28428","src_asn_isp_","INTERPHONET TELECOM SA DE CV",""
"28432","src_asn_isp_","Telecable del Mineral",""
"28439","src_asn_isp_","Mediared Telecomunicaciones S.A de C.V.",""
"28445","src_asn_isp_","TECNOLOGIA EN TELECOMUNICACIONES DEL CENTRO S.A. DE C.V",""
"28453","src_asn_isp_","GK TELECOMUNICACIONES",""
"28458","src_asn_isp_","IENTC Telecom Mexico",""
"28481","src_asn_isp_","SERVICIO Y EQUIPO EN TELEFONÍA INTERNET Y TV S.A. DE C.V.",""
"28509","src_asn_isp_","izzi telecom (AS28509)",""
"28512","src_asn_isp_","Cablemas Telecomunicaciones SA de CV",""
"28523","src_asn_isp_","Television Internacional S.A. de C.V.",""
"28530","src_asn_isp_","Mexico Red de Telecomunicaciones S. de R.L. de C.V.",""
"28531","src_asn_isp_","Mexico Red de Telecomunicaciones S. de R.L. de C.V.",""
"28532","src_asn_isp_","Mexico Red de Telecomunicaciones S. de R.L. de C.V.",""
"28533","src_asn_isp_","Mexico Red de Telecomunicaciones S. de R.L. de C.V.",""
"28534","src_asn_isp_","Mexico Red de Telecomunicaciones S. de R.L. de C.V.",""
"28535","src_asn_isp_","Mexico Red de Telecomunicaciones S. de R.L. de C.V.",""
"28536","src_asn_isp_","Mexico Red de Telecomunicaciones S. de R.L. de C.V.",""
"28537","src_asn_isp_","Mexico Red de Telecomunicaciones S. de R.L. de C.V.",""
"28544","src_asn_isp_","Mexico Red de Telecomunicaciones S. de R.L. de C.V.",""
"28545","src_asn_isp_","izzi telecom (AS28545)",""
"28548","src_asn_isp_","izzi telecom (AS28548)",""
"28554","src_asn_isp_","izzi telecom (AS28554)",""
"28555","src_asn_isp_","Cablemas Telecomunicaciones SA de CV",""
"28573","src_asn_isp_","Claro S.A. (NET)",""
"28577","src_asn_isp_","AZEVEDO E FLORIANI TELECOMUNICAÇÕES",""
"28587","src_asn_isp_","RadNet Telecom",""
"28599","src_asn_isp_","Italnet Telecomunicações Ltda",""
"28613","src_asn_isp_","HUGHES TELECOMUNICACOES DO BRASIL LTDA.",""
"28615","src_asn_isp_","Televisao Cidade S/A (SIMTV)",""
"28618","src_asn_isp_","Linktel Telecomunicacoes",""
"28620","src_asn_isp_","WI - Provedor de Telecomunicações Ltda.",""
"28621","src_asn_isp_","NetOeste Telecomunicações Ltda",""
"28624","src_asn_isp_","Oops Telecom",""
"28635","src_asn_isp_","Younet Internet",""
"28636","src_asn_isp_","CDI Telecom",""
"28638","src_asn_isp_","CENTRO OESTE TELECOM EIRELI",""
"28640","src_asn_isp_","VIPWAY Telecom",""
"28644","src_asn_isp_","Brasilsite Telecomunicações",""
"28652","src_asn_isp_","Telecomunicações Nordeste Ltda.",""
"28654","src_asn_isp_","Axtelecom Telecomunicações LTDA",""
"28656","src_asn_isp_","Blink Telecom",""
"28667","src_asn_isp_","NETWORK TELECOMUNICACOES S.A.",""
"28676","src_asn_isp_","WITCOM",""
"28685","src_asn_isp_","RoutIT B.V.",""
"28716","src_asn_isp_","Retelit Spa",""
"28745","src_asn_isp_","Joint Stock Company TransTeleCom",""
"28769","src_asn_isp_","Joint Stock Company TransTeleCom",""
"28775","src_asn_isp_","OOO TRANSTELECOM",""
"28787","src_asn_isp_","Baku Telephone Communication LLC",""
"28840","src_asn_isp_","PJSC 'TATTELECOM'",""
"28852","src_asn_isp_","Telefonaktiebolaget L M Ericsson",""
"28885","src_asn_isp_","OmanTel NAP",""
"28890","src_asn_isp_","INSYS LLC",""
"28891","src_asn_isp_","City Telecom",""
"28910","src_asn_isp_","Uzbektelekom",""
"28964","src_asn_isp_","Orion Telekom Tim d.o.o.Beograd",""
"28968","src_asn_isp_","EUT",""
"28994","src_asn_isp_","Sitel Ltd",""
"29003","src_asn_isp_","IP TELECOM Portugal",""
"29013","src_asn_isp_","Link Telecom Ukraine AS29013",""
"29030","src_asn_isp_","Telekabel AD",""
"29031","src_asn_isp_","Lugansk Telephone Company",""
"29036","src_asn_isp_","NOTARTEL S.p.A. - SOCIETA' INFORMATICA DEL NOTARIATO - SOCIETA' BENEFIT",""
"29039","src_asn_isp_","ECHOTEL Proprietary Uganda",""
"29049","src_asn_isp_","Delta Telecom",""
"29056","src_asn_isp_","Citycom Telekommunikation",""
"29061","src_asn_isp_","Saimanet Telecomunications",""
"29069","src_asn_isp_","PJSC Rostelecom",""
"29072","src_asn_isp_","Regional Digital Telecommunication Company LLC",""
"29124","src_asn_isp_","Seven Sky",""
"29196","src_asn_isp_","LLC 'INZHENERNYE SETI - TELEKOM'",""
"29208","src_asn_isp_","Quantcom",""
"29226","src_asn_isp_","Mastertel",""
"29238","src_asn_isp_","Nisatel",""
"29247","src_asn_isp_","Cosmote Mobile Telecommunications S.A.",""
"29256","src_asn_isp_","INT-PDN-STE-AS",""
"29259","src_asn_isp_","IABG TELEPORT GmbH",""
"29276","src_asn_isp_","MOBITEL GPRS",""
"29286","src_asn_isp_","Eutelsat - Skylogic",""
"29287","src_asn_isp_","Wien Energie GmbH",""
"29357","src_asn_isp_","Ooredoo Kuwait (Wataniya Telecom)",""
"29388","src_asn_isp_","ASN-BESTCOM",""
"29399","src_asn_isp_","Ramtek",""
"29420","src_asn_isp_","PJSC Promtelecom",""
"29422","src_asn_isp_","Nebula Oy",""
"29449","src_asn_isp_","ip telecom",""
"29456","src_asn_isp_","PJSC Rostelecom",""
"29485","src_asn_isp_","AMIS Telekom d.o.o.",""
"29544","src_asn_isp_","Mauritanian Telecommunication Company",""
"29555","src_asn_isp_","JSC Altel",""
"29614","src_asn_isp_","Telecel Ghana",""
"29644","src_asn_isp_","Airspeed Telecom",""
"29664","src_asn_isp_","FLAG TELECOM UK LIMITED",""
"29695","src_asn_isp_","Lyse Tele AS",""
"29744","src_asn_isp_","United Telephone Mutual Aid Corporation",""
"29866","src_asn_isp_","OpticalTel",""
"29894","src_asn_isp_","SCRTC",""
"29968","src_asn_isp_","Dunkirk & Fredonia Telephone Company",""
"29974","src_asn_isp_","Wightman Telecom",""
"30029","src_asn_isp_","Dobson Technologies",""
"30041","src_asn_isp_","Race Telecommunications LLC",""
"30174","src_asn_isp_","United Telephone Association",""
"30263","src_asn_isp_","Cal-Ore Telephone",""
"30325","src_asn_isp_","SSTC NET",""
"30341","src_asn_isp_","South Central Telephone Association",""
"30530","src_asn_isp_","Farmers Mutual Telephone Company",""
"30619","src_asn_isp_","Telecomunicacoes de Mocambique",""
"30666","src_asn_isp_","Xchange Telecom Corp.",""
"30722","src_asn_isp_","Vodafone Italy",""
"30733","src_asn_isp_","JSC 'Globus-Telecom'",""
"30742","src_asn_isp_","Bremen Briteline GmbH",""
"30767","src_asn_isp_","JSC Tagil Telecom",""
"30784","src_asn_isp_","Iskratelecom",""
"30838","src_asn_isp_","Jerzy Krempa 'Telpol' PPMUE",""
"30844","src_asn_isp_","Liquid Intelligent Technologies",""
"30855","src_asn_isp_","Tele-plus LLC",""
"30902","src_asn_isp_","Moasese Gostaresh Etelaat Va Ertebatat Farhangi Neda Rayaneh",""
"30916","src_asn_isp_","Primetel PLC",""
"30975","src_asn_isp_","Telewizja Kablowa Koszalin",""
"30982","src_asn_isp_","CAFE Informatique et telecommunications",""
"30987","src_asn_isp_","Eritrea Telecommunication Service corporation (EriTel)",""
"30990","src_asn_isp_","Djibouti Telecom",""
"30999","src_asn_isp_","Emtel",""
"31028","src_asn_isp_","Novoe Kabelnoe Television Ltd.",""
"31083","src_asn_isp_","Telepoint",""
"31117","src_asn_isp_","Energotel",""
"31122","src_asn_isp_","Viatel Ireland",""
"31126","src_asn_isp_","SODETEL S.A.L.",""
"31143","src_asn_isp_","COSMOS TV",""
"31200","src_asn_isp_","Novotelecom (NTK)",""
"31203","src_asn_isp_","Sharq Telekom",""
"31213","src_asn_isp_","PJSC MegaFon",""
"31257","src_asn_isp_","Orion Telecom",""
"31261","src_asn_isp_","GARS Telecom",""
"31275","src_asn_isp_","Telecom-Service",""
"31277","src_asn_isp_","New Line Telecom",""
"31313","src_asn_isp_","STS",""
"31336","src_asn_isp_","MITU TELECOM LLC",""
"31363","src_asn_isp_","JSC 'ER-Telecom Holding'",""
"31364","src_asn_isp_","Joint Stock Company TransTeleCom",""
"31376","src_asn_isp_","Smart Telecom",""
"31404","src_asn_isp_","LYCATEL DISTRIBUTION UK LIMITED",""
"31409","src_asn_isp_","SelTelecom-Net",""
"31412","src_asn_isp_","STOWARZYSZENIE MILOSNIKOW TELEWIZJI SATELITARNEJ ASTRAL",""
"31430","src_asn_isp_","TC TEL CENTER AS31430",""
"31499","src_asn_isp_","MOTIV",""
"31512","src_asn_isp_","OJSC 'Telecommunications FEZ Nakhodka'",""
"31525","src_asn_isp_","Satti Telecom LLC",""
"31549","src_asn_isp_","RASANA",""
"31615","src_asn_isp_","Odido AS31615",""
"31626","src_asn_isp_","OOO 'ZVI Telecom'",""
"31685","src_asn_isp_","TOV Teleradiocompany 'TIM'",""
"31705","src_asn_isp_","Europaischen Organisation fuer die Nutzung Meteorologischen Satelliten (Eumetsat)",""
"31721","src_asn_isp_","Azercell Telecom",""
"31726","src_asn_isp_","Telefiber",""
"31841","src_asn_isp_","NEW KNOXVILLE TELEPHONE COMPANY",""
"31996","src_asn_isp_","Zoom Telcom LLC",""
"32012","src_asn_isp_","HD Telecom Inc.",""
"32204","src_asn_isp_","KPU Telecom",""
"32264","src_asn_isp_","KMTELECOM",""
"32277","src_asn_isp_","TBayTel",""
"32473","src_asn_isp_","EHTEL",""
"32513","src_asn_isp_","BATTELLE MEMORIAL INSTITUTE",""
"32703","src_asn_isp_","Intelligent Fiber Network",""
"32758","src_asn_isp_","TotelCSI",""
"32800","src_asn_isp_","Moundridge Telephone Co.",""
"32845","src_asn_isp_","Tel-Star Communications Inc",""
"32890","src_asn_isp_","Beehive Telephone Company",""
"33038","src_asn_isp_","XIT Rural Telephone Cooperative Inc.",""
"33059","src_asn_isp_","Momentum Telecom AS33059",""
"33130","src_asn_isp_","Internet Access Solutions Ltd.",""
"33247","src_asn_isp_","Coastal Telco Services",""
"33339","src_asn_isp_","Nemont",""
"33362","src_asn_isp_","Wikstrom Telephone Company",""
"33392","src_asn_isp_","Dauphin Telecom",""
"33556","src_asn_isp_","Home Telephone Co.",""
"33567","src_asn_isp_","Econet Telecom Lesotho (PTY) LTD",""
"33604","src_asn_isp_","Burlington Telecom",""
"33647","src_asn_isp_","Yadkin Valley Telephone",""
"33749","src_asn_isp_","ATMC",""
"33765","src_asn_isp_","TTCL Corporation",""
"33779","src_asn_isp_","Wataniya Telecom Algerie",""
"33788","src_asn_isp_","Canar Telecommunications Corporation Limited (Canartel)",""
"33823","src_asn_isp_","Gemenii Network",""
"33835","src_asn_isp_","Infosat Telecom",""
"33842","src_asn_isp_","Cross Tel",""
"33871","src_asn_isp_","Norilsk-Telecom JSC",""
"33902","src_asn_isp_","Invest Mobile LLC",""
"33904","src_asn_isp_","Limited Liability Company 'Telcomnet'",""
"33911","src_asn_isp_","TENNET TELECOM SRL",""
"33915","src_asn_isp_","Vodafone Libertel B.V.",""
"33922","src_asn_isp_","Nacionalinis Telekomunikaciju Tinklas",""
"33977","src_asn_isp_","Banat Telecom Satelit",""
"33986","src_asn_isp_","Redder Telco",""
"34042","src_asn_isp_","MT-Telecom LLC",""
"34060","src_asn_isp_","SC TELECOMUNICATII CFR SA",""
"34066","src_asn_isp_","Telappliant",""
"34087","src_asn_isp_","NTE Bredbånd AS",""
"34137","src_asn_isp_","PJSC Rostelecom",""
"34150","src_asn_isp_","JSC 'ER-Telecom Holding'",""
"34156","src_asn_isp_","DB Systel GmbH",""
"34168","src_asn_isp_","PJSC Rostelecom",""
"34170","src_asn_isp_","Aztelekom",""
"34205","src_asn_isp_","PJSC Rostelecom",""
"34223","src_asn_isp_","N-REGION",""
"34232","src_asn_isp_","Comfortel Ltd.",""
"34244","src_asn_isp_","Teleservice Bredband Skåne AB",""
"34263","src_asn_isp_","MPY Telecom Oy",""
"34265","src_asn_isp_","SilverTelecom",""
"34267","src_asn_isp_","PJSC Rostelecom",""
"34279","src_asn_isp_","Teletrans SA",""
"34285","src_asn_isp_","Sociedad Andaluza para el Desarrollo de las Telecomunicaciones S.A. Medio Propio",""
"34290","src_asn_isp_","Union Europeenne de Radio-Television",""
"34304","src_asn_isp_","TeenTelecom",""
"34306","src_asn_isp_","SOCIETE REUNIONNAISE DU RADIOTELEPHONE SCS",""
"34352","src_asn_isp_","MSN Telecom LLC",""
"34359","src_asn_isp_","Link Telecom Ukraine AS34359",""
"34376","src_asn_isp_","Telecom Group Ltd",""
"34383","src_asn_isp_","Teloise",""
"34391","src_asn_isp_","PARITEL OPERATEUR SAS",""
"34393","src_asn_isp_","Systel Systemy Teleinformatyczne Sp. z o.o.",""
"34421","src_asn_isp_","Telecom Media Systems LLC",""
"34467","src_asn_isp_","JSC Telephone Company 'Sotcom'",""
"34470","src_asn_isp_","PortTelekom LLC",""
"34533","src_asn_isp_","JSC 'ER-Telecom Holding'",""
"34547","src_asn_isp_","Telesmart Telekom",""
"34557","src_asn_isp_","Tacom",""
"34584","src_asn_isp_","PJSC Rostelecom",""
"34590","src_asn_isp_","JSC 'ER-Telecom Holding'",""
"34594","src_asn_isp_","Optima telekom",""
"34619","src_asn_isp_","CIZGI TELEKOMUNIKASYON ANONIM SIRKETI",""
"34659","src_asn_isp_","Bouygues Telecom Pro KEYYO",""
"34683","src_asn_isp_","TELKEA-TELECOM",""
"34703","src_asn_isp_","LTD Pokrovsky radiotelefon",""
"34704","src_asn_isp_","VOIP Telecom SAS",""
"34709","src_asn_isp_","JSC RACE TELECOM",""
"34718","src_asn_isp_","TEXNOPROSISTEM",""
"34723","src_asn_isp_","RNT",""
"34743","src_asn_isp_","NASHNET",""
"34772","src_asn_isp_","Neotel",""
"34779","src_asn_isp_","T-2 d.o.o.",""
"34858","src_asn_isp_","Telezon-Seti LLC",""
"34892","src_asn_isp_","PJSC Rostelecom",""
"34896","src_asn_isp_","Vostoktelecom Telephone Company Limited Liability Company",""
"34937","src_asn_isp_","Stowarzyszenie Olawska Telewizja Kablowa",""
"34974","src_asn_isp_","PJSC Rostelecom. Kamchatka branch",""
"34977","src_asn_isp_","PROCONO",""
"34984","src_asn_isp_","Superonline",""
"35000","src_asn_isp_","JSC SEVEREN-TELECOM",""
"35005","src_asn_isp_","VilTel LTD",""
"35025","src_asn_isp_","AO Teleconnect",""
"35063","src_asn_isp_","Chopin Telewizja Kablowa",""
"35087","src_asn_isp_","NTSI Telecom Ltd",""
"35091","src_asn_isp_","Teledata Ghana",""
"35125","src_asn_isp_","PJSC Rostelecom. Smolensk branch",""
"35140","src_asn_isp_","JSC RACE TELECOM",""
"35154","src_asn_isp_","PJSC Rostelecom",""
"35177","src_asn_isp_","PJSC Rostelecom",""
"35184","src_asn_isp_","IC Telecom",""
"35199","src_asn_isp_","ENFORMATEL",""
"35200","src_asn_isp_","iTalk Affliate Telecommunications Ltd",""
"35239","src_asn_isp_","LLC Balttelecom",""
"35244","src_asn_isp_","PŸUR - Sued",""
"35261","src_asn_isp_","Core Telecom S.R.L.",""
"35283","src_asn_isp_","NETWORTH TELECOM",""
"35311","src_asn_isp_","PR-TELECOM Zrt.",""
"35352","src_asn_isp_","UKRTELEBUD",""
"35359","src_asn_isp_","ADR TEL s.p.a.",""
"35370","src_asn_isp_","Ainet Telekommunikations-Netzwerk",""
"35401","src_asn_isp_","AO 'Tele-Service Tula'",""
"35516","src_asn_isp_","PJSC Rostelecom",""
"35527","src_asn_isp_","AlfaTEL OOO",""
"35549","src_asn_isp_","Metronet telekomunikacije d.d.",""
"35566","src_asn_isp_","Kar-Tel LLC",""
"35567","src_asn_isp_","DASTO semtel d.o.o.",""
"35568","src_asn_isp_","Nuetel Communications",""
"35588","src_asn_isp_","Telecompany LiS LTD",""
"35699","src_asn_isp_","Adamo Telecom Iberia S.A",""
"35723","src_asn_isp_","Transport Telecommunication Company LLC",""
"35725","src_asn_isp_","TELEKOM ROMANIA MOBILE COMMUNICATIONS S.A.",""
"35753","src_asn_isp_","Integrated Telecom (ITC) - Saudi Arabia",""
"35765","src_asn_isp_","Gemeindewerke Telfs GmbH",""
"35768","src_asn_isp_","Iris-tel ltd",""
"35807","src_asn_isp_","SkyNet SPB",""
"35810","src_asn_isp_","BIG TELECOM",""
"35819","src_asn_isp_","Etihad Etisalat Company (Mobily)",""
"35871","src_asn_isp_","Reynolds Communications",""
"35894","src_asn_isp_","Northern Arkansas Telephone Company",""
"35911","src_asn_isp_","Telebec",""
"36103","src_asn_isp_","CentraCom",""
"36105","src_asn_isp_","Big Bend Telephone Company Inc.",""
"36149","src_asn_isp_","Hawaiian Telcom",""
"36165","src_asn_isp_","ITM TELECOM",""
"36305","src_asn_isp_","The Albany Mutual Telephone Association",""
"36374","src_asn_isp_","Stellar Association",""
"36468","src_asn_isp_","Intelligent Technical Solutions",""
"36487","src_asn_isp_","Consolidated Telephone Company",""
"36545","src_asn_isp_","Bledsoe Telephone Cooperative Corporation",""
"36549","src_asn_isp_","WestTel Ltd.",""
"36599","src_asn_isp_","SoftEther Telecommunication Research Institute LLC",""
"36728","src_asn_isp_","Emery Telcom",""
"36827","src_asn_isp_","PINE BELT TELEPHONE",""
"36865","src_asn_isp_","Teledata Mozambique",""
"36866","src_asn_isp_","Jamii Telecommunications",""
"36873","src_asn_isp_","Airtel Networks Nigeria",""
"36881","src_asn_isp_","Multitel Servicos de Telecomunicacoes",""
"36884","src_asn_isp_","Wana Corporate (AS36884)",""
"36902","src_asn_isp_","Intelvision",""
"36903","src_asn_isp_","Office National des Postes et Telecommunications ONPT (Maroc Telecom) / IAM",""
"36913","src_asn_isp_","TELEKOM NETWORKS MALAWI LTD",""
"36915","src_asn_isp_","Echotel International Kenya",""
"36925","src_asn_isp_","Meditelecom",""
"36926","src_asn_isp_","Airtel Networks Kenya",""
"36930","src_asn_isp_","Zanzibar Telecom",""
"36937","src_asn_isp_","Liquid Telecom SA",""
"36939","src_asn_isp_","Comores Telecom",""
"36947","src_asn_isp_","Algeria Telecom",""
"36955","src_asn_isp_","Matrix Telecoms",""
"36969","src_asn_isp_","Malawi Telecommunications",""
"36996","src_asn_isp_","Telecom Namibia",""
"36998","src_asn_isp_","Zain",""
"36999","src_asn_isp_","Telecom Namibia",""
"37006","src_asn_isp_","Liquid Telecommunication Rwanda Limited",""
"37009","src_asn_isp_","Mobile Telecommunications Ltd",""
"37020","src_asn_isp_","Airtel DRC AS37020",""
"37032","src_asn_isp_","Alink Telecom Ghana",""
"37054","src_asn_isp_","TELMA",""
"37069","src_asn_isp_","The Egyptian Company for Mobile Services (Mobinil)",""
"37075","src_asn_isp_","Airtel Uganda",""
"37076","src_asn_isp_","EMTS NIGERIA",""
"37090","src_asn_isp_","ISOCEL SA",""
"37102","src_asn_isp_","CIELUX TELECOM RDC",""
"37110","src_asn_isp_","Moztel LDA",""
"37119","src_asn_isp_","Unitel SA",""
"37123","src_asn_isp_","Telecontract Pvt Ltd",""
"37133","src_asn_isp_","Airtel Tanzania",""
"37154","src_asn_isp_","ZAMTEL",""
"37184","src_asn_isp_","Powertel Communications",""
"37190","src_asn_isp_","ATLANTIQUE TELECOM (MOOV CI)",""
"37196","src_asn_isp_","Sudatel Senegal",""
"37203","src_asn_isp_","Liberia Telecommunications Corporation (libtelco)",""
"37204","src_asn_isp_","Telone Zimbabwe",""
"37205","src_asn_isp_","Atlantique Telecom Niger",""
"37229","src_asn_isp_","Atlantique Telecom Togo",""
"37233","src_asn_isp_","ORG-ON2-AFRINIC",""
"37248","src_asn_isp_","Phase3 Telecom",""
"37292","src_asn_isp_","Omnium des Telecom et de l'Internet (OTI Telecom)",""
"37294","src_asn_isp_","TELEKOM NETWORKS MALAWI",""
"37303","src_asn_isp_","Airtel Madagascar",""
"37333","src_asn_isp_","Comtel Communications",""
"37342","src_asn_isp_","Movitel",""
"37343","src_asn_isp_","Telecom Seychelles Limited",""
"37356","src_asn_isp_","OTEL Telecoms",""
"37371","src_asn_isp_","Hormuud Telecom Somalia",""
"37385","src_asn_isp_","SONITEL",""
"37430","src_asn_isp_","VDC Telecom",""
"37440","src_asn_isp_","Airtel Malawi",""
"37451","src_asn_isp_","Congo Telecom",""
"37455","src_asn_isp_","Bharat Telecom Ltd",""
"37457","src_asn_isp_","Telkom Internet",""
"37472","src_asn_isp_","Nigerian Communications Satellite",""
"37473","src_asn_isp_","Telesom",""
"37475","src_asn_isp_","HTT Telecom S.A",""
"37508","src_asn_isp_","MATTEL",""
"37517","src_asn_isp_","CV Telecom",""
"37526","src_asn_isp_","TELECEL FASO",""
"37529","src_asn_isp_","Gestor de Infraestructuras de Telecomunicaciones de Guinea Ecuatorial",""
"37531","src_asn_isp_","Airtel Niger",""
"37550","src_asn_isp_","airtelcg",""
"37563","src_asn_isp_","SOMTEL INTERNATIONAL",""
"37566","src_asn_isp_","ICONA for IT and Telecom",""
"37571","src_asn_isp_","ITM DR Congo",""
"37575","src_asn_isp_","UNITEL T Telecomunicacoes Sociedade Unipessoal S.A.",""
"37586","src_asn_isp_","ONATEL",""
"37605","src_asn_isp_","I-WORLD NETWORKS",""
"37616","src_asn_isp_","Airtel Gabon",""
"37622","src_asn_isp_","Mahanagar Telephone (Mauritius)",""
"37673","src_asn_isp_","Telemasters",""
"37677","src_asn_isp_","Societe Congolaise des Postes et Telecommunications (SCPT)",""
"37908","src_asn_isp_","KIBI Cable Television",""
"38009","src_asn_isp_","Telikom PNG",""
"38019","src_asn_isp_","tianjin Mobile Communication Company Limited",""
"38040","src_asn_isp_","NT(TOT) IIG",""
"38067","src_asn_isp_","Radiant telecommunications",""
"38077","src_asn_isp_","Timor Telecom",""
"38150","src_asn_isp_","TELNET Network",""
"38156","src_asn_isp_","Union Routelink Communication",""
"38186","src_asn_isp_","Forewin Telecom Group Limited",""
"38203","src_asn_isp_","ADN Telecom Ltd.",""
"38209","src_asn_isp_","Camintel",""
"38210","src_asn_isp_","Ranks Telecom Limited",""
"38235","src_asn_isp_","MekongNet",""
"38247","src_asn_isp_","Vietnamobile Telecommunications Joint Stock Company",""
"38253","src_asn_isp_","Hanoi Telecom JSC",""
"38264","src_asn_isp_","Wateen Telecom",""
"38278","src_asn_isp_","ORIENT TELECOMS",""
"38315","src_asn_isp_","GAZI COMMUNICATIONS A TELEPORT OPERATOR",""
"38466","src_asn_isp_","U Mobile",""
"38526","src_asn_isp_","Pemerintah Kota Yogyakarta",""
"38611","src_asn_isp_","Bendigo Telco",""
"38623","src_asn_isp_","Viettel (Cambodia) Pte. Ltd.",""
"38628","src_asn_isp_","HIMEJI CABLE TELEVISION CORPORATION",""
"38712","src_asn_isp_","Telnet Communication Limited",""
"38731","src_asn_isp_","Vietel - CHT Compamy Ltd",""
"38732","src_asn_isp_","CMC Telecom Infrastructure Company",""
"38733","src_asn_isp_","CMC Telecom Infrastructure Company",""
"38750","src_asn_isp_","TELEMEDIA DINAMIKA SARANA [AS38750]",""
"38875","src_asn_isp_","FSMTC - AS38875",""
"38914","src_asn_isp_","Deutsche Telekom MMS GmbH",""
"38917","src_asn_isp_","INTERCOMTEL Limited Company",""
"38949","src_asn_isp_","Trestel SK",""
"38951","src_asn_isp_","TKT-AS",""
"38958","src_asn_isp_","Alfa Telecom Ltd.",""
"38987","src_asn_isp_","Spoldzielnia Telekomunikacyjna OST",""
"38999","src_asn_isp_","Mobile Interim Company no.2 sal",""
"39010","src_asn_isp_","TerraNet",""
"39028","src_asn_isp_","JSC 'ER-Telecom Holding'",""
"39032","src_asn_isp_","East Telecom",""
"39042","src_asn_isp_","LLC Global Telecom Co",""
"39045","src_asn_isp_","Gazprom telecom LLC",""
"39065","src_asn_isp_","SOHONET",""
"39068","src_asn_isp_","Main Telecom LLC",""
"39089","src_asn_isp_","Ugletelecom - AS39089",""
"39097","src_asn_isp_","Maintel Europe Limited",""
"39102","src_asn_isp_","SatTel Corporation Ltd",""
"39128","src_asn_isp_","IT LUX TELECOM Ltd.",""
"39153","src_asn_isp_","Setel",""
"39156","src_asn_isp_","First Telecom Ltd",""
"39180","src_asn_isp_","LASOTEL",""
"39190","src_asn_isp_","Ahmad Mahmoud Hassan trading as Nour El Houda Trading & Telecommunications",""
"39273","src_asn_isp_","Kalaam Telecom Bahrain",""
"39279","src_asn_isp_","Serviciul Tehnologia Informației și Securitate Cibernetică",""
"39280","src_asn_isp_","UltelNET-AS",""
"39375","src_asn_isp_","Telekomunikacja Podlasie",""
"39386","src_asn_isp_","Saudi Telecom Company (STC IGW)",""
"39407","src_asn_isp_","PJSC Rostelecom",""
"39435","src_asn_isp_","JSC 'ER-Telecom Holding'",""
"39477","src_asn_isp_","Mundio Mobile",""
"39505","src_asn_isp_","Vestitel",""
"39543","src_asn_isp_","TENNET TELECOM",""
"39586","src_asn_isp_","NPP Saturn Telecom Ltd.",""
"39699","src_asn_isp_","Lounea Palvelut",""
"39735","src_asn_isp_","'Permtelecom' Ltd",""
"39737","src_asn_isp_","Prime Telecom",""
"39791","src_asn_isp_","Telco Pro Services a. s.",""
"39808","src_asn_isp_","Fontel",""
"39812","src_asn_isp_","KAMENSKTEL",""
"39824","src_asn_isp_","JSC Alma Telecommunications",""
"39835","src_asn_isp_","goetel",""
"39869","src_asn_isp_","Sitel sp. z o.o.",""
"39886","src_asn_isp_","STELOGY",""
"39891","src_asn_isp_","Saudi Telecom Company JSC",""
"39908","src_asn_isp_","Daughter Company Television Systems 'KVANT' of PrJSC 'Atomservice'",""
"39927","src_asn_isp_","E-Light-Telecom",""
"39944","src_asn_isp_","3U Telecom Inc",""
"40020","src_asn_isp_","Farmers Telecommunications Cooperative Inc.",""
"40230","src_asn_isp_","Columbus Telephone Company",""
"40237","src_asn_isp_","United Telephone Company",""
"40285","src_asn_isp_","NORTHLAND-CABLE",""
"40564","src_asn_isp_","Vocom International Telecommunication INC",""
"40837","src_asn_isp_","Goldfield Telephone Company LLC",""
"40980","src_asn_isp_","Telematica Internet Service Provider",""
"40983","src_asn_isp_","PE First Telecommunication Company",""
"41106","src_asn_isp_","My Telecom Ltd.",""
"41110","src_asn_isp_","DSLmobil GmbH",""
"41123","src_asn_isp_","Gorodskie Telekommunikatsionnye Sistemy LLC",""
"41134","src_asn_isp_","PJSC Rostelecom",""
"41164","src_asn_isp_","GET Norway",""
"41165","src_asn_isp_","UNTC",""
"41190","src_asn_isp_","CJSC IDEATELECOM",""
"41202","src_asn_isp_","Unitel Uzbekistan",""
"41206","src_asn_isp_","United Telecom Zrt.",""
"41272","src_asn_isp_","MOSELLE TELECOM",""
"41275","src_asn_isp_","Lovitel LLC",""
"41307","src_asn_isp_","Telepark Passau GmbH",""
"41313","src_asn_isp_","Novatel",""
"41327","src_asn_isp_","Fiber Telecom (FT)",""
"41329","src_asn_isp_","Sky Mobile",""
"41330","src_asn_isp_","T2 Novosibirsk",""
"41334","src_asn_isp_","MANCHE TELECOM",""
"41341","src_asn_isp_","Joint Stock Company TransTeleCom",""
"41397","src_asn_isp_","Redes Digitales de Telecomunicacion en Internet SL",""
"41403","src_asn_isp_","JSC 'ER-Telecom Holding'",""
"41421","src_asn_isp_","Starnet Telecom Sp. z o.o.",""
"41465","src_asn_isp_","Limited Liability Company VolgoGazTelecom",""
"41513","src_asn_isp_","PP SkyTeleNet",""
"41557","src_asn_isp_","Drustvo za telekomunikaciski uslugi TELEKABEL DOOEL Stip",""
"41560","src_asn_isp_","UGMK-Telecom LLC",""
"41601","src_asn_isp_","NEO Print Ltd",""
"41625","src_asn_isp_","Express Teleservice Corp",""
"41661","src_asn_isp_","JSC 'ER-Telecom Holding'",""
"41668","src_asn_isp_","JSC 'ER-Telecom Holding'",""
"41682","src_asn_isp_","JSC 'ER-Telecom Holding'",""
"41691","src_asn_isp_","National Telecom",""
"41727","src_asn_isp_","JSC 'ER-Telecom Holding'",""
"41738","src_asn_isp_","Cellfie Mobile LLC",""
"41754","src_asn_isp_","JSC 'ER-Telecom Holding'",""
"41777","src_asn_isp_","Telewizja Polsat Sp. z o.o.",""
"41786","src_asn_isp_","JSC 'ER-Telecom Holding'",""
"41789","src_asn_isp_","LLC Teledyne Systems Limited",""
"41790","src_asn_isp_","Teleaudio",""
"41798","src_asn_isp_","Transtelecom Kazakhstan",""
"41802","src_asn_isp_","Kvidex-Telecom",""
"41813","src_asn_isp_","LLC ONLINETELECOM",""
"41843","src_asn_isp_","JSC 'ER-Telecom Holding'",""
"41844","src_asn_isp_","'Urban Mobility Center' EAD",""
"41877","src_asn_isp_","Railway Telecom Ltd",""
"41901","src_asn_isp_","TELELINK BUSINESS SERVICES EAD",""
"41925","src_asn_isp_","IZET-Chelyabinsk",""
"41953","src_asn_isp_","TELEPLUS",""
"41959","src_asn_isp_","PLJ TELECOM",""
"41967","src_asn_isp_","Sumski Telecom Systems Ltd",""
"42003","src_asn_isp_","OGERONET",""
"42020","src_asn_isp_","LibanTelecom",""
"42039","src_asn_isp_","Stowarzyszenie 'Telewizja Teofilow B'",""
"42057","src_asn_isp_","GIPTEL LLC",""
"42060","src_asn_isp_","feratel media technologies AG",""
"42061","src_asn_isp_","LINZ STROM GAS WAERME GmbH fuer Energiedienstleistungen und Telekommunikation",""
"42065","src_asn_isp_","ZAO ElectronTelecom",""
"42083","src_asn_isp_","Guneydogu Telekom",""
"42085","src_asn_isp_","Telconet Switzerland",""
"42116","src_asn_isp_","JSC 'ER-Telecom Holding'",""
"42147","src_asn_isp_","correos",""
"42148","src_asn_isp_","Beirel Telecom LLC",""
"42149","src_asn_isp_","Servis Telecom Ltd.",""
"42238","src_asn_isp_","Bospor-Telecom LLC",""
"42269","src_asn_isp_","LLC ACME TELECOM",""
"42277","src_asn_isp_","Limited liability company Kursktelecom",""
"42362","src_asn_isp_","PJSC Rostelecom",""
"42396","src_asn_isp_","Telesystems of Ukraine",""
"42397","src_asn_isp_","Bunea TELECOM SRL",""
"42437","src_asn_isp_","T2 Rostov-on-Don",""
"42517","src_asn_isp_","Schiphol Telematics B.V.",""
"42521","src_asn_isp_","ARCTIC TELECOM Limited Liability Company",""
"42530","src_asn_isp_","TOV 'Telecommunication company 'Plazma'",""
"42548","src_asn_isp_","PJSC Rostelecom",""
"42560","src_asn_isp_","Telemach BH d.o.o. Sarajevo",""
"42581","src_asn_isp_","Inform Communications Ltd.",""
"42610","src_asn_isp_","Rostelecom MRB Moscow",""
"42644","src_asn_isp_","VIRTUAL TELECOM SP. Z O.O.",""
"42682","src_asn_isp_","JSC 'ER-Telecom Holding'",""
"42683","src_asn_isp_","JSC 'ER-Telecom Holding'",""
"42739","src_asn_isp_","Hawe Telekom",""
"42764","src_asn_isp_","Arpitel",""
"42770","src_asn_isp_","Kar-Tel LLC",""
"42781","src_asn_isp_","Zajil International Telecom Company KSCC",""
"42786","src_asn_isp_","SC Dynamic Telecom SRL",""
"42807","src_asn_isp_","CIZGI TELEKOMUNIKASYON ANONIM SIRKETI",""
"42808","src_asn_isp_","VIRTELA-NET-VNLAMS1",""
"42811","src_asn_isp_","Herault Telecom SAS",""
"42841","src_asn_isp_","ANTIK Telecom",""
"42845","src_asn_isp_","Bretagne Telecom",""
"42846","src_asn_isp_","GNET Internet Telekomunikasyon A.S.",""
"42897","src_asn_isp_","Telnet LLC",""
"42908","src_asn_isp_","Nordic Telecom",""
"42914","src_asn_isp_","IMPERIUM-AS",""
"42947","src_asn_isp_","SkynetLink Informatica y Redes",""
"42961","src_asn_isp_","Zain KW",""
"43034","src_asn_isp_","Cimos d.d. Avtomobilska Industrija",""
"43061","src_asn_isp_","Stelkom d.o.o.",""
"43103","src_asn_isp_","ONE TELECOM ltd",""
"43123","src_asn_isp_","SIA Lexico Telecom LTD",""
"43132","src_asn_isp_","PJSC Rostelecom",""
"43149","src_asn_isp_","Rocket Telecom Center LLC",""
"43197","src_asn_isp_","TT mobile",""
"43201","src_asn_isp_","Telematika LLC",""
"43228","src_asn_isp_","SimpleTelecom LLC",""
"43237","src_asn_isp_","CONVEX TELEPHONY",""
"43244","src_asn_isp_","TELNET Sp. z o.o.",""
"43274","src_asn_isp_","Teleradiocompany Teleos-1 Ltd",""
"43284","src_asn_isp_","IWB",""
"43297","src_asn_isp_","VDS-Telecom",""
"43306","src_asn_isp_","Music Television LLC",""
"43314","src_asn_isp_","JSC 'ER-Telecom Holding'",""
"43320","src_asn_isp_","VKTelekom",""
"43321","src_asn_isp_","Satelcom-Service Ltd.",""
"43328","src_asn_isp_","LLC 'INZHENERNYE SETI - TELEKOM'",""
"43355","src_asn_isp_","UPL TELECOM",""
"43370","src_asn_isp_","OBIT-KZ-AS",""
"43372","src_asn_isp_","TELNAP TELECOM",""
"43376","src_asn_isp_","DOTRO Telecom",""
"43400","src_asn_isp_","NEO-TELEKOM Ltd",""
"43409","src_asn_isp_","SKP 'Kyivteleservis'",""
"43413","src_asn_isp_","NEW TELEKOM spol. s r.o.",""
"43452","src_asn_isp_","TELENET KOM DOO",""
"43478","src_asn_isp_","JSC 'ER-Telecom Holding'",""
"43529","src_asn_isp_","Vidanet Cabletelevision Provider",""
"43530","src_asn_isp_","Limited Liability Company Irtelcom",""
"43533","src_asn_isp_","Gals Telecom",""
"43550","src_asn_isp_","JSC Avantel",""
"43567","src_asn_isp_","ug-tele.com",""
"43574","src_asn_isp_","PJSC Rostelecom",""
"43576","src_asn_isp_","KuMIR TELECOM",""
"43598","src_asn_isp_","Export Telecom LLC",""
"43605","src_asn_isp_","Severo-Eniseysk-Telecom LLC",""
"43655","src_asn_isp_","SENER Mobility S.A.",""
"43656","src_asn_isp_","ПКП Телерадиокомпания Интертелеком",""
"43670","src_asn_isp_","New Telecommunication Company Ltd.",""
"43698","src_asn_isp_","Ariege Telecom",""
"43727","src_asn_isp_","KVANT-TELECOM",""
"43728","src_asn_isp_","TELESET+ Ltd",""
"43747","src_asn_isp_","TELEVALENTIN S.L",""
"43811","src_asn_isp_","Telia Lietuva AB",""
"43833","src_asn_isp_","Open Cable Telecomunicaciones S.L.",""
"43843","src_asn_isp_","BrianTel",""
"43885","src_asn_isp_","INSTAL MATEL",""
"43886","src_asn_isp_","UTEL Ltd",""
"43940","src_asn_isp_","Drustvo za telekomunikacije 'MTEL' DOO",""
"43957","src_asn_isp_","WNT Telecommunication",""
"43991","src_asn_isp_","Voronezh Telecom LLC",""
"44021","src_asn_isp_","Drustvo za telekomunikaciski uslugi TELEKABEL DOOEL Stip",""
"44030","src_asn_isp_","OtradnoeNet",""
"44118","src_asn_isp_","BalkanTel DOO",""
"44123","src_asn_isp_","Telavox",""
"44244","src_asn_isp_","Iran Cell Service and Communication Company",""
"44265","src_asn_isp_","OOO Smoltelecom",""
"44309","src_asn_isp_","ET 'Satelit TM - Anton Simeonov'",""
"44356","src_asn_isp_","Epsilon",""
"44397","src_asn_isp_","OJSC 'Minsk Television Information Networks'",""
"44405","src_asn_isp_","Sistemy Telekommunikatsiy i Svyazi Ltd.",""
"44416","src_asn_isp_","Satellite Net Service",""
"44417","src_asn_isp_","JSC Neotelecom",""
"44429","src_asn_isp_","MXTel Ltd.",""
"44442","src_asn_isp_","The Borough of Telford and Wrekin Council",""
"44443","src_asn_isp_","LLC Inovatsiyni Telekomunikatsii",""
"44507","src_asn_isp_","Kostroma Municipal Telephone Network",""
"44540","src_asn_isp_","Kartel Ltd.",""
"44546","src_asn_isp_","ALFA TELECOM s.r.o.",""
"44547","src_asn_isp_","NETUNDWEB TELEKOMUNIKASYON",""
"44565","src_asn_isp_","VITAL TEKNOLOJI TELEKOMUNIKASYON BILGISAYAR HIZMETLERI VE SANAYI TICARET LTD SIRKETI",""
"44572","src_asn_isp_","LTD ParmaTel",""
"44604","src_asn_isp_","JSC KVANT-TELEKOM",""
"44619","src_asn_isp_","OOO IT-Telecom",""
"44622","src_asn_isp_","Telecom Plus Mosinter",""
"44664","src_asn_isp_","M-TEL",""
"44692","src_asn_isp_","Domtel Telecom",""
"44746","src_asn_isp_","Satellithuset i Limmared",""
"44776","src_asn_isp_","Reist Telecom AG",""
"44811","src_asn_isp_","JSC Avantel",""
"44814","src_asn_isp_","Bulgartel",""
"44832","src_asn_isp_","AlphaPhone Telekommunikations GmbH",""
"44834","src_asn_isp_","Pozitiv Telecom Ltd.",""
"44837","src_asn_isp_","ELS Telecom",""
"44851","src_asn_isp_","BG Retel AS",""
"44927","src_asn_isp_","Telecom MPK",""
"44941","src_asn_isp_","ZAO Astrakhan Digital Television",""
"44943","src_asn_isp_","Ramtel",""
"44963","src_asn_isp_","Stavtelecom LLC",""
"44988","src_asn_isp_","KovrovTelecom Ltd.",""
"45046","src_asn_isp_","OOO Isatel",""
"45143","src_asn_isp_","SINGTEL MOBILE INTERNET SERVICE PROVIDER Singapore",""
"45250","src_asn_isp_","Vocom AP",""
"45313","src_asn_isp_","Dinas Perhubungankomunikasi informasi dan Telematika -NAD",""
"45325","src_asn_isp_","PT PC24 Telekomunikasi Indonesia",""
"45326","src_asn_isp_","Broad Band Telecom Services Ltd (BBTS)",""
"45355","src_asn_isp_","Digicel Fiji",""
"45356","src_asn_isp_","Mobitel Sri Lanka",""
"45543","src_asn_isp_","Saigontourist Cable Television Company Limited",""
"45557","src_asn_isp_","VNTT",""
"45588","src_asn_isp_","Bangladesh Telecommunication Company Limited(BTCL)",""
"45595","src_asn_isp_","Pakistan Telecom Company Limited",""
"45609","src_asn_isp_","Bharti Airtel Ltd. AS for GPRS Service",""
"45629","src_asn_isp_","Jastel Network Co.LTD (Thailand)",""
"45648","src_asn_isp_","Bell Teleservices India Pvt Ltd",""
"45669","src_asn_isp_","Mobilink",""
"45687","src_asn_isp_","MCT Japan",""
"45706","src_asn_isp_","Tele Globe Global PT",""
"45758","src_asn_isp_","TripleT Broadband(AIS|3BB)",""
"45820","src_asn_isp_","Tata Teleservices",""
"45884","src_asn_isp_","RVR Digital Infrastructures",""
"45891","src_asn_isp_","Solomon Telekom Co Ltd",""
"45899","src_asn_isp_","VNPT",""
"45916","src_asn_isp_","Gujarat Telelink",""
"45925","src_asn_isp_","Teletalk Bangladesh",""
"46026","src_asn_isp_","BATAM BINTAN TELEKOMUNIKASI PT",""
"46063","src_asn_isp_","GTNET-AS-ID",""
"46154","src_asn_isp_","Farmers Mutual Telephone Company",""
"46217","src_asn_isp_","Apogee Telecom Inc.",""
"46375","src_asn_isp_","Sonic Telecom (Sonic.net Inc.)",""
"46445","src_asn_isp_","TELPAGE",""
"46455","src_asn_isp_","NetworkLubbock",""
"46576","src_asn_isp_","Loews Hotels at Universal Orlando",""
"46632","src_asn_isp_","Southwest Arkansas Telephone Coop",""
"46690","src_asn_isp_","Southern New England Telephone Company and SNET America Inc.",""
"46760","src_asn_isp_","DRURYHOTELS",""
"46957","src_asn_isp_","Medicine Park Telephone Company",""
"47116","src_asn_isp_","Intellihome",""
"47119","src_asn_isp_","VL-Telecom Ltd",""
"47123","src_asn_isp_","MEDNAUTILUS",""
"47141","src_asn_isp_","Lit-Tel LLC",""
"47159","src_asn_isp_","Celldomolki Kabeltelevizio Kft.",""
"47202","src_asn_isp_","LAZER TELECOMUNICACOES S.A.",""
"47206","src_asn_isp_","Societe Francaise Du Radiotelephone - SFR SA",""
"47216","src_asn_isp_","Ettelaat Fanavarn-E Tookan Co Ltd",""
"47217","src_asn_isp_","Planetel",""
"47237","src_asn_isp_","NUR Telecom Bishkek",""
"47241","src_asn_isp_","Joint Stock Company TransTeleCom",""
"47253","src_asn_isp_","BCI Telecommunication & Advanced Technology Company",""
"47256","src_asn_isp_","Olimp-Telecom26 LLC",""
"47258","src_asn_isp_","Premier Group Companies Telecom",""
"47266","src_asn_isp_","Telecompany Energy LLC",""
"47282","src_asn_isp_","LLC SP Abaza Telecom",""
"47288","src_asn_isp_","FIXNET TELEKOM LTD. STI.",""
"47297","src_asn_isp_","Telekommunikation Lindau GmbH",""
"47332","src_asn_isp_","AIC TELECOMS",""
"47394","src_asn_isp_","Albanian Satellite Communications",""
"47418","src_asn_isp_","LLS Regional TeleSystems",""
"47440","src_asn_isp_","Business System Telecom",""
"47441","src_asn_isp_","TRUNK MOBILE",""
"47530","src_asn_isp_","Novokuznetsk Telecom Ltd",""
"47531","src_asn_isp_","OskolTelecom",""
"47588","src_asn_isp_","TEL COMMUNICATIONS L.L.C.",""
"47655","src_asn_isp_","LINKINTEL",""
"47688","src_asn_isp_","Fastic",""
"47702","src_asn_isp_","Discovery",""
"47719","src_asn_isp_","Switch Telecom Lebanon",""
"47726","src_asn_isp_","INFOBOX",""
"47747","src_asn_isp_","TeleTower",""
"47755","src_asn_isp_","Tempus Telecom",""
"47794","src_asn_isp_","Etihad Atheeb Telecom",""
"47806","src_asn_isp_","TeleCondado S.L.",""
"47826","src_asn_isp_","BENTELER Business Services GmbH",""
"47845","src_asn_isp_","Tiger-Telecom",""
"47883","src_asn_isp_","KIBRIS MOBILE TELEKOMUNIKASYON LTD.",""
"47887","src_asn_isp_","Neu Telecom and Technologies (Damamax)",""
"47898","src_asn_isp_","PAN-Telecom",""
"47909","src_asn_isp_","Baikal-Telecom Ltd.",""
"47914","src_asn_isp_","IP-Home",""
"47939","src_asn_isp_","TDV 'Teleradio company 'Yalta' LLC",""
"47954","src_asn_isp_","Alpha Net Telecom Ltd",""
"47959","src_asn_isp_","Telinea d.o.o.",""
"47996","src_asn_isp_","Kommunikatsyi Stels Ltd.",""
"48019","src_asn_isp_","Terra-Telecom LLC",""
"48043","src_asn_isp_","Ozyorsk Telecom CJSC.",""
"48044","src_asn_isp_","Rostelecom Information Technologies LTd",""
"48045","src_asn_isp_","TOV 'Flagman Telecom'",""
"48065","src_asn_isp_","Syriatel Mobile Telecom",""
"48078","src_asn_isp_","Dagomys Telecom",""
"48081","src_asn_isp_","TeleRadioCompany GOK LTD",""
"48092","src_asn_isp_","T2 Nizhny Novgorod",""
"48120","src_asn_isp_","Flash Telecom LLC",""
"48129","src_asn_isp_","IRBIS-TELECOMMUNICATIONS-AS",""
"48147","src_asn_isp_","Amin IDC",""
"48149","src_asn_isp_","Ivanteevskie telecommunicacii Ltd",""
"48159","src_asn_isp_","TIC AS48159",""
"48166","src_asn_isp_","Fortex-Telecom",""
"48190","src_asn_isp_","T2 Ekaterinburg",""
"48225","src_asn_isp_","JSC Telsi",""
"48243","src_asn_isp_","Miratel Ltd",""
"48249","src_asn_isp_","Capital Telecom",""
"48260","src_asn_isp_","TELEWEB bvba",""
"48271","src_asn_isp_","CJSC 'TELECOMMUNICATIONS COMPANY 'DUN'",""
"48284","src_asn_isp_","SWU TeleNet GmbH",""
"48293","src_asn_isp_","Uniontel",""
"48302","src_asn_isp_","OOO 'Telecom GKhK'",""
"48364","src_asn_isp_","Radim Pytela trading as AC Vyskov",""
"48369","src_asn_isp_","M-Telecom Ltd.",""
"48408","src_asn_isp_","Localitel",""
"48424","src_asn_isp_","GLOBITEL",""
"48438","src_asn_isp_","Corbina Telecom AS48438",""
"48478","src_asn_isp_","Vostok Telecom",""
"48479","src_asn_isp_","KUBAN-TELECOM Ltd.",""
"48503","src_asn_isp_","Tele2 Kazakhstan",""
"48514","src_asn_isp_","Stiftelsen Chalmers Studenthem",""
"48524","src_asn_isp_","INTERRA telecommunications",""
"48544","src_asn_isp_","Tecnotel Servizi Tecnologici",""
"48573","src_asn_isp_","NFS Telecom",""
"48574","src_asn_isp_","T-Mobile Czech Republic a.s.",""
"48642","src_asn_isp_","K Telecom Ldt.",""
"48675","src_asn_isp_","Deltatelecom",""
"48695","src_asn_isp_","Etihad Atheeb Telecom /GO Telecom",""
"48712","src_asn_isp_","'Info-Net' Uslugi Teleinformatyczne S.C.",""
"48720","src_asn_isp_","VIP-TELECOM-SERVICE Ltd.",""
"48732","src_asn_isp_","PEERES-TELECOM",""
"48737","src_asn_isp_","DoraTelekom",""
"48738","src_asn_isp_","Teleset ltd.",""
"48748","src_asn_isp_","Modern Telecommunications Network LTD.",""
"48780","src_asn_isp_","OLTELECOM JSC",""
"48817","src_asn_isp_","PRIZZ TELECOM",""
"48863","src_asn_isp_","NEAS ENERGI TELEKOM ROROSREGIONEN AS",""
"48870","src_asn_isp_","Telenet SIA",""
"48907","src_asn_isp_","Norttel s.r.o.",""
"48944","src_asn_isp_","Khalij Fars Ettela Resan LTD",""
"48951","src_asn_isp_","Telekom Deutschland GmbH",""
"48952","src_asn_isp_","BREAK FREE TELECOM SL",""
"48957","src_asn_isp_","Telecommunications Resource Center",""
"48966","src_asn_isp_","Ooredoo Palestine (Wataniya Mobile)",""
"48969","src_asn_isp_","Parus-Telecom Ltd.",""
"48978","src_asn_isp_","Orbitel LLC",""
"49038","src_asn_isp_","EUROLINE TELECOM",""
"49048","src_asn_isp_","JSC 'ER-Telecom Holding'",""
"49088","src_asn_isp_","TELMEKOM",""
"49101","src_asn_isp_","KABELOVA TELEVIZE CZ",""
"49107","src_asn_isp_","'Telko' CJSC",""
"49112","src_asn_isp_","Societe Francaise Du Radiotelephone - SFR SA",""
"49113","src_asn_isp_","Petignat Jean-Charles trading as Cablotel Telereseaux",""
"49136","src_asn_isp_","OJSC Telecommunication networks",""
"49173","src_asn_isp_","Telecable Almonte S.L.",""
"49178","src_asn_isp_","Nadunet Telecom",""
"49183","src_asn_isp_","Galichina Telekommunication",""
"49255","src_asn_isp_","TeleGlobal Ltd.",""
"49301","src_asn_isp_","Joint Stock Company TransTeleCom",""
"49311","src_asn_isp_","Regional TeleSystems Ltd.",""
"49318","src_asn_isp_","TELEFONICA TECH UK MANAGED SERVICES LTD",""
"49320","src_asn_isp_","Golitsyno Telecom",""
"49327","src_asn_isp_","TOV 'Telza'",""
"49371","src_asn_isp_","Shark Telecom LLC",""
"49377","src_asn_isp_","JSC'Yamaltelekom'",""
"49389","src_asn_isp_","Privately owned enterprise Alexsandrov Yuriy Viktorovich",""
"49455","src_asn_isp_","Telia Norge AS49455",""
"49461","src_asn_isp_","PP 'Podilsky Intelectualni sistemy'",""
"49508","src_asn_isp_","Samtelecom LLC",""
"49529","src_asn_isp_","Duplex tel LLC",""
"49551","src_asn_isp_","Teleseti Ltd",""
"49561","src_asn_isp_","VECHIR TELECOM",""
"49601","src_asn_isp_","UNITEL-MEDIA Sp. z o.o.",""
"49605","src_asn_isp_","IVO by D.t.s. S.r.l.",""
"49628","src_asn_isp_","SKYTEL",""
"49632","src_asn_isp_","Datatelekom Bilgisayar Internet Bilisim Yazilim ve Telekomunikasyon Hizmetleri San ve Dis Tic Ltd Sti",""
"49666","src_asn_isp_","TIC AS49666",""
"49702","src_asn_isp_","Svyaz Telecom OOO",""
"49718","src_asn_isp_","Nizhnevolzhskie Telecommunication Networks Real",""
"49724","src_asn_isp_","Vainah Telecom",""
"49755","src_asn_isp_","LLC SvyazTelecom",""
"49759","src_asn_isp_","SerDi TeleCom LTD",""
"49761","src_asn_isp_","TELESIM",""
"49814","src_asn_isp_","TOMGATE-AS",""
"49851","src_asn_isp_","Aragonesa de Servicios Telematicos",""
"49863","src_asn_isp_","Lite-Telecom Limited",""
"49889","src_asn_isp_","Crystal Telecom Ltd",""
"49893","src_asn_isp_","Bitrace telecom Ltd.",""
"49897","src_asn_isp_","Alians Telecom Ltd.",""
"49902","src_asn_isp_","SRR",""
"49954","src_asn_isp_","Zextel",""
"49963","src_asn_isp_","Regional TeleSystem Ltd",""
"49984","src_asn_isp_","Telcom",""
"50009","src_asn_isp_","QUARTZ TELECOM",""
"50019","src_asn_isp_","TURKLOKASYON TELEKOM VE BILISIM TEKNOLOJILERI",""
"50022","src_asn_isp_","Kristelecom",""
"50025","src_asn_isp_","Net Television",""
"50083","src_asn_isp_","Hermes Telecom",""
"50105","src_asn_isp_","OOO 'Sestroretskoe Cable Television'",""
"50115","src_asn_isp_","Lekol",""
"50126","src_asn_isp_","OOO 'Teleservis'",""
"50186","src_asn_isp_","Pronet Telekom Ltd",""
"50223","src_asn_isp_","Alfa Telecom",""
"50228","src_asn_isp_","ANEXTEL LLC",""
"50239","src_asn_isp_","SOFTNET TELEKOM BIELINSKA sp.j.",""
"50241","src_asn_isp_","UnitTelecom",""
"50251","src_asn_isp_","NUR Telecom Osh",""
"50257","src_asn_isp_","A-Mobile",""
"50261","src_asn_isp_","ACE Telecom Kft",""
"50265","src_asn_isp_","Invest Mobile LLC",""
"50266","src_asn_isp_","Odido",""
"50309","src_asn_isp_","ARCADIZ TELECOM",""
"50313","src_asn_isp_","TESLATEL",""
"50322","src_asn_isp_","Softelligence SRL",""
"50362","src_asn_isp_","LLC CABLE TELEVISION COMPANY CABLE TELEVISION NETWORKS PLUS",""
"50418","src_asn_isp_","Fartel Ltd",""
"50427","src_asn_isp_","Orion Telecom Abakan",""
"50436","src_asn_isp_","PŸUR - CIN",""
"50439","src_asn_isp_","City Telephone Network Ltd.",""
"50473","src_asn_isp_","Altagen",""
"50480","src_asn_isp_","'Company 'Urban telecommunications transport networks' LLC",""
"50482","src_asn_isp_","JSC Kazakhtelecom",""
"50488","src_asn_isp_","LLC Utelcom",""
"50498","src_asn_isp_","JSC 'ER-Telecom Holding'",""
"50512","src_asn_isp_","JSC 'ER-Telecom Holding'",""
"50539","src_asn_isp_","Telematica Ltd.",""
"50542","src_asn_isp_","JSC 'ER-Telecom Holding'",""
"50543","src_asn_isp_","JSC 'ER-Telecom Holding'",""
"50544","src_asn_isp_","JSC 'ER-Telecom Holding'",""
"50550","src_asn_isp_","K3 Telecom Sp. z o.o.",""
"50564","src_asn_isp_","CARTAGO TELECOM S. L.",""
"50577","src_asn_isp_","INTELSC Ltd",""
"50581","src_asn_isp_","UTG",""
"50604","src_asn_isp_","SC MEDIA SUD",""
"50616","src_asn_isp_","ONE Telecommunications",""
"50628","src_asn_isp_","Leonix Telecom",""
"50657","src_asn_isp_","WestNet Telekommunikations- und Informationsdienstleistungs GesmbH",""
"50661","src_asn_isp_","Telkab sp. z o.o.",""
"50666","src_asn_isp_","ligaT Telecom",""
"50670","src_asn_isp_","VTEL JORDAN",""
"50676","src_asn_isp_","TelCom LLC",""
"50705","src_asn_isp_","Telgam",""
"50716","src_asn_isp_","Telecom.ru Ltd",""
"50719","src_asn_isp_","XINON",""
"50772","src_asn_isp_","Ukrtranstelecom tc ltd",""
"50776","src_asn_isp_","SYSTEMTELECOM",""
"50815","src_asn_isp_","TELPROM Informacijske tehnologije d.o.o.",""
"50833","src_asn_isp_","Fiber Telecom Czechia",""
"50835","src_asn_isp_","EANCENTER TELECOM LLC",""
"50864","src_asn_isp_","IT TeleNet",""
"50870","src_asn_isp_","Teleincom - Service Ltd",""
"50875","src_asn_isp_","Ness Telekom Hizmetleri Sanayi ve Ticaret Anonim Sirketi",""
"50911","src_asn_isp_","LLC 'Electron-Telecom'",""
"50946","src_asn_isp_","MOTEL Limited Liability Company",""
"50947","src_asn_isp_","Global Networks Telecom LLC",""
"51004","src_asn_isp_","Sakhalin Cable Telesystems Ltd",""
"51035","src_asn_isp_","JSC 'ER-Telecom Holding'",""
"51071","src_asn_isp_","SibTeleCom Ltd.",""
"51121","src_asn_isp_","Foboss-Telecom LLC",""
"51155","src_asn_isp_","Citylink Telecom",""
"51158","src_asn_isp_","Mobile Trend Ltd",""
"51162","src_asn_isp_","JSC Kazteleport - subsidiary of Halyk Bank of Kazakhstan",""
"51171","src_asn_isp_","MINHOCOM Gestao de Infraestuturas de Telecomunicacoes EIM",""
"51178","src_asn_isp_","Avantel Saint-Petersburg",""
"51184","src_asn_isp_","fonira Telekom",""
"51188","src_asn_isp_","Telia Cygate Oy",""
"51192","src_asn_isp_","TOO Platinum Telecom",""
"51207","src_asn_isp_","Free Mobile SAS",""
"51230","src_asn_isp_","Cifrabar Telekom LLC",""
"51234","src_asn_isp_","Telecompany Fialka Ltd.",""
"51300","src_asn_isp_","Telecomunicazioni Digitali Fastalp Srl",""
"51315","src_asn_isp_","PE teleradiokompaniya Lebedin",""
"51333","src_asn_isp_","Arcolink Telecomunicazioni S.r.l.",""
"51346","src_asn_isp_","Tojiktelecom",""
"51373","src_asn_isp_","TELKONEKT Autonomous System",""
"51402","src_asn_isp_","COM-IN Telekommunikation",""
"51426","src_asn_isp_","Teleport sp. z o.o.",""
"51449","src_asn_isp_","Kabelova televize Usti nad Orlici spol. s r. o.",""
"51477","src_asn_isp_","Teleradiokompaniya Kandalaksha",""
"51495","src_asn_isp_","Telephone Network of Ashgabat CJSC",""
"51503","src_asn_isp_","Daniel Group Telecom",""
"51504","src_asn_isp_","AS Telset",""
"51511","src_asn_isp_","LLC 'Teleradio Company Traide-Express'",""
"51521","src_asn_isp_","Resident Control Telco s.r.o.",""
"51547","src_asn_isp_","LLC 'Telekonika'",""
"51548","src_asn_isp_","DOLPHNET",""
"51570","src_asn_isp_","JSC 'ER-Telecom Holding'",""
"51592","src_asn_isp_","OOO Svift Telecom",""
"51597","src_asn_isp_","FASTTELECOM LTD",""
"51604","src_asn_isp_","JSC 'ER-Telecom Holding'",""
"51612","src_asn_isp_","Alfatel plus Ltd",""
"51615","src_asn_isp_","Zavod Kabelska televizija Nova gorica",""
"51624","src_asn_isp_","21 Century Telecom Ltd",""
"51645","src_asn_isp_","JSC 'ER-Telecom Holding'",""
"51655","src_asn_isp_","Ilim Telecom Ltd.",""
"51757","src_asn_isp_","Infratel",""
"51801","src_asn_isp_","INTERNET KUTUSU TELEKOMUNIKASYON BILISIM HIZMETLERI SANAYI VE TICARET LIMITED SIRKETI",""
"51813","src_asn_isp_","Joint Stock Company TransTeleCom",""
"51819","src_asn_isp_","ER-Telecom Holding",""
"51825","src_asn_isp_","Telzar",""
"51880","src_asn_isp_","Teletext-Plus Ltd.",""
"51904","src_asn_isp_","Utex-Telecom LLC",""
"51935","src_asn_isp_","BLC Telecom Oy",""
"51959","src_asn_isp_","Teleradiocompaniya Eliton LLC",""
"51972","src_asn_isp_","SIM-TELECOM",""
"51978","src_asn_isp_","Wemacom Telekommunikation",""
"51993","src_asn_isp_","Telekompaniya Region TV",""
"52008","src_asn_isp_","NesterTelecom LLC",""
"52078","src_asn_isp_","MARTEL MARTA BIENIA",""
"52116","src_asn_isp_","Orion Telekom Tim d.o.o.Beograd",""
"52157","src_asn_isp_","NEAS ENERGI TELEKOM AS",""
"52175","src_asn_isp_","Magellan Telecom Kuzbass Ltd.",""
"52207","src_asn_isp_","JSC 'ER-Telecom Holding'",""
"52232","src_asn_isp_","Telefonía Pública y Privada",""
"52260","src_asn_isp_","National Telecom S.A (NATCOM S.A)",""
"52262","src_asn_isp_","Telefónica Celular S.A",""
"52263","src_asn_isp_","Telecable Economico TVE S.A.",""
"52322","src_asn_isp_","TELCOCOM",""
"52328","src_asn_isp_","Cabletel SA",""
"52339","src_asn_isp_","Lima Video Cable",""
"52356","src_asn_isp_","R&H International Telecom Services",""
"52361","src_asn_isp_","ARSAT - Empresa Argentina de Soluciones Satelitales S.A.",""
"52364","src_asn_isp_","COOP DE TELECOM.DE SERVICIOS MULTIPLESVIVIENDAPROVISION Y CONSUMO DE FUNES",""
"52412","src_asn_isp_","BW TELECOM",""
"52433","src_asn_isp_","U Mobile (Cellular)",""
"52436","src_asn_isp_","Cable Televisora Color",""
"52447","src_asn_isp_","Cooperativa Cootelser Ltda. - Santa Clara del Mar B.A. Argentina",""
"52473","src_asn_isp_","Cooperativa Telefónica de Abasto",""
"52495","src_asn_isp_","Cotel Ltda.",""
"52524","src_asn_isp_","Terabyte Servicos de Telecom B Larga",""
"52532","src_asn_isp_","Speednet Telecomunicações",""
"52539","src_asn_isp_","SBS-NET TELECOMUNICACOES",""
"52541","src_asn_isp_","New Speed Telecom",""
"52542","src_asn_isp_","3Net Telecomunicações Ltda.ME",""
"52544","src_asn_isp_","Ivatel Redes e Internet",""
"52547","src_asn_isp_","Primatec MT",""
"52548","src_asn_isp_","tc conecta serviços de telecomunicações e provedor",""
"52557","src_asn_isp_","FLYNET TELECOM",""
"52559","src_asn_isp_","Novatec Telecom",""
"52560","src_asn_isp_","Atualtek Telecom",""
"52561","src_asn_isp_","GFOUR TELECOM",""
"52562","src_asn_isp_","INTELNET SERVICO DE MULTIMIDIA",""
"52564","src_asn_isp_","Biazi Telecom",""
"52571","src_asn_isp_","G2G Telecom",""
"52573","src_asn_isp_","UNE TELECOM LTDA",""
"52577","src_asn_isp_","Vianna Mehl Serviços de Telecomunicações Voip",""
"52579","src_asn_isp_","Noroestecom",""
"52583","src_asn_isp_","Asstelecom telecomunicação",""
"52587","src_asn_isp_","IFIBRA TELECOM",""
"52589","src_asn_isp_","MULTLINK TELECOM",""
"52596","src_asn_isp_","TROPICALNET TELECOM",""
"52599","src_asn_isp_","A Rede Telecom",""
"52600","src_asn_isp_","Digitotal Networks",""
"52601","src_asn_isp_","FAXT Telecomunicações Ltda",""
"52602","src_asn_isp_","SKORPION SISTEMA DE TELECOMUNICAÇÕES",""
"52605","src_asn_isp_","PGI SERVICOS DE TELECOMUNICACOES LTDA ME",""
"52609","src_asn_isp_","EVO Networks",""
"52610","src_asn_isp_","Adyl Telecom - AS52610",""
"52611","src_asn_isp_","EdiMelo Telecom",""
"52617","src_asn_isp_","DIGITAL.COM TELECOMUNICACOES LTDA",""
"52624","src_asn_isp_","WEB TELECOMUNICAÇÕES LTDA",""
"52625","src_asn_isp_","X-PC Telecom",""
"52630","src_asn_isp_","MT-TELECOM SUL",""
"52633","src_asn_isp_","MariluzNet Telecomunicações",""
"52634","src_asn_isp_","BRNET",""
"52651","src_asn_isp_","DeltaAtiva Telecomunicacoes",""
"52654","src_asn_isp_","Bi-Link Telecom",""
"52657","src_asn_isp_","Norte Telecomunicações",""
"52662","src_asn_isp_","Telecall AS52662",""
"52685","src_asn_isp_","ConectNet Telecomunicações LTDA",""
"52686","src_asn_isp_","F.J.FANTINI AMPARO ME",""
"52696","src_asn_isp_","JSX TELECOM",""
"52698","src_asn_isp_","OPENTEL Comércio e Serviços Ltda",""
"52699","src_asn_isp_","ITANET CONECTA",""
"52700","src_asn_isp_","ITLINE TELECOM",""
"52704","src_asn_isp_","SPEEDING TELECOM",""
"52705","src_asn_isp_","FRANET TELECOM",""
"52706","src_asn_isp_","DANIELLI TELECOMUNICAÇÕES LTDA - 3D TELECOM",""
"52711","src_asn_isp_","FASTNET TELECOM",""
"52712","src_asn_isp_","Connetiva Internet",""
"52715","src_asn_isp_","SCORPION TELECOMUNICAÇÃO RIBEIRÃO PRETO LTDA - ME",""
"52717","src_asn_isp_","Teleuno Provedor Ltda",""
"52720","src_asn_isp_","Webfoco Telecom",""
"52721","src_asn_isp_","TOLEDO FIBRA TELECOMUNICAÇAO LTDA",""
"52724","src_asn_isp_","Adriano Telecomunicacoes Ltda Me",""
"52727","src_asn_isp_","IMNET Telecomunicacoes Ltda",""
"52737","src_asn_isp_","Floriani Serviços de Telecomunicação Ltda ME",""
"52741","src_asn_isp_","MC TELECOM",""
"52747","src_asn_isp_","Wsp Servios de Telecomunicaes",""
"52748","src_asn_isp_","Seitel - Seixas Telecomunicações",""
"52751","src_asn_isp_","BrasRede Telecom",""
"52752","src_asn_isp_","Hi7 Telecom",""
"52758","src_asn_isp_","Global Network Telecomunicações do Brasil",""
"52759","src_asn_isp_","DB3 SERVICOS DE TELECOMUNICACOES S.A",""
"52765","src_asn_isp_","MAXXNET TELECOM",""
"52766","src_asn_isp_","M3GANET TELECOMUNICACOES",""
"52770","src_asn_isp_","ACEM TELECOMUNICAÇÕES LTDA",""
"52772","src_asn_isp_","Sjnet Telecom",""
"52778","src_asn_isp_","SANER TELECOM INFORMATICA LTDA ME",""
"52780","src_asn_isp_","MAP TELECOMUNICACOES",""
"52781","src_asn_isp_","Pertec Servicos de Telecomunicacoes",""
"52783","src_asn_isp_","ALCANS TELECOM LTDA",""
"52787","src_asn_isp_","MAX TELECOM PROVEDOR DE ACESSO A INTERNET",""
"52788","src_asn_isp_","Meganet Telecomunicaçoes e Internet LTDA",""
"52790","src_asn_isp_","CONECTA NET TELECOMUNICAÇÕES LTDA ME",""
"52793","src_asn_isp_","Kelvyn Sat Comércio e telecomunicações Ltda",""
"52795","src_asn_isp_","One Telecom",""
"52812","src_asn_isp_","WRLINK TELECOM",""
"52814","src_asn_isp_","NETPLAY TELECOM",""
"52815","src_asn_isp_","DF LINK TELECOM COMERCIO E SERVIÇOS DE COMUNICAÇÃO",""
"52817","src_asn_isp_","NEWCENTER TELECOM",""
"52820","src_asn_isp_","Brasilfone Telecomunicao Ltda",""
"52828","src_asn_isp_","Netpal Telecom",""
"52829","src_asn_isp_","NEWLINE TELECOM",""
"52833","src_asn_isp_","GLOBOTECH TELECOM",""
"52838","src_asn_isp_","WN TELECOM",""
"52840","src_asn_isp_","AVA TELECOM - AS52840",""
"52846","src_asn_isp_","Innovanet Telecom LTDA",""
"52852","src_asn_isp_","Last Mile Telecom",""
"52854","src_asn_isp_","DIGITALSMART TELECOMUNICACOES LTDA",""
"52855","src_asn_isp_","Omegasul",""
"52862","src_asn_isp_","Redenilf Serviços de Telecomunicações",""
"52866","src_asn_isp_","IVeloz Telecomunicações",""
"52870","src_asn_isp_","Disk Sistema Tele-Informatica",""
"52872","src_asn_isp_","VOANET Telecomunicações Ltda.",""
"52873","src_asn_isp_","Softdados Telecomunicações",""
"52876","src_asn_isp_","PW NETWORK INFORMATICA E TELECOMUNICACOES LTDA",""
"52878","src_asn_isp_","REDE DE TELECOMUNICAÇÕES CARAJAS",""
"52879","src_asn_isp_","ABM INFORMATICA E TELECOM",""
"52890","src_asn_isp_","Centro Integrado de Telemática do Exército",""
"52892","src_asn_isp_","Coprel Telecom LTDA",""
"52894","src_asn_isp_","Klisa Net Telecomunicações e Multimidia LTDA ME",""
"52898","src_asn_isp_","Multipla Serviços Inteligentes",""
"52899","src_asn_isp_","FLIX TELECOM",""
"52900","src_asn_isp_","HI TELECOM",""
"52901","src_asn_isp_","Minas Telecom",""
"52903","src_asn_isp_","Sglinknet Telecomunicacoes",""
"52904","src_asn_isp_","Multpontos Telecomunicações",""
"52906","src_asn_isp_","VOXX TELECOM LTDA - ME",""
"52907","src_asn_isp_","EMPRESA MINEIRA DE TELECOMUNICAÇOES",""
"52917","src_asn_isp_","SPACE NET SERV. DE TELECOMUNICAÇÃO EM INF. LTDA-ME",""
"52923","src_asn_isp_","Netcar Internet Telec Info e Tecnologia LTDA",""
"52927","src_asn_isp_","IBI TELECOM  AS52927",""
"52931","src_asn_isp_","Netvip Telecomunicações Ltda",""
"52932","src_asn_isp_","Tecnowireless Telecom",""
"52936","src_asn_isp_","ISOTELCO",""
"52937","src_asn_isp_","FHP TELECOMUNICAÇÃO",""
"52940","src_asn_isp_","PATH TELECOM AS52940",""
"52944","src_asn_isp_","MEGALINK TELECOMUNICACOES",""
"52946","src_asn_isp_","RADIUM NET INTERNET PROVEDOR LTDA ME",""
"52962","src_asn_isp_","Vipnet Baixada Telecomunicacoes e Informatica LTDA",""
"52963","src_asn_isp_","JATIMNET TELECOM",""
"52964","src_asn_isp_","FJR TELECOMUNICAÇÕES",""
"52965","src_asn_isp_","1 Telecom Servicos de Internet",""
"52971","src_asn_isp_","MICKS TELECOM",""
"52972","src_asn_isp_","Tech Cable do Brasil Sist. de Telec",""
"52973","src_asn_isp_","YIP Telecom",""
"52974","src_asn_isp_","Henet Telecomunicacoes Ltda",""
"52976","src_asn_isp_","Datacast Teleinformatica Ltda",""
"52977","src_asn_isp_","Sul Online Telecom EIRELI",""
"52988","src_asn_isp_","Plena Telecom",""
"53004","src_asn_isp_","Downup Telecomunicacoes e Servico",""
"53005","src_asn_isp_","CONNECT TELECOMUNICACOES LTDA",""
"53006","src_asn_isp_","ALGAR TELECOM S/A",""
"53010","src_asn_isp_","MINUTES4ALL TELECOMUNICAÇÕES LTDA",""
"53024","src_asn_isp_","INFOR DF TELECOMUNICACOES E INFORMATICA",""
"53040","src_asn_isp_","ALTA CONEXAO TELECOMUNICACOES LTDA",""
"53041","src_asn_isp_","Uau Telecom Ltda ME",""
"53047","src_asn_isp_","Intercol Telecomunicações",""
"53048","src_asn_isp_","CTE Telecom",""
"53049","src_asn_isp_","IOLNET",""
"53051","src_asn_isp_","Com NT TELECOM LTDA - ME",""
"53065","src_asn_isp_","OpçãoTelecom",""
"53072","src_asn_isp_","INETVIP TELECOM LTDA",""
"53077","src_asn_isp_","ALOLTECH TELECOM LTDA",""
"53080","src_asn_isp_","Rede Telecom",""
"53081","src_asn_isp_","Netjacarei Telecon",""
"53087","src_asn_isp_","TELY",""
"53088","src_asn_isp_","ForNet Telecom",""
"53096","src_asn_isp_","BNET Telecom",""
"53097","src_asn_isp_","SuperIP",""
"53100","src_asn_isp_","Criare Net Telecomunicacoes",""
"53102","src_asn_isp_","S.I. Teleinformatica (Sitel)",""
"53115","src_asn_isp_","ISPX Solucoes em Telecomunicacoes",""
"53118","src_asn_isp_","Netline Telecom",""
"53120","src_asn_isp_","MUNDIVOX TELECOMUNICAÇÕES LTDA",""
"53123","src_asn_isp_","Power Telecomunicações",""
"53127","src_asn_isp_","VB Telecom Com. e Serv. de Info",""
"53132","src_asn_isp_","Mega Grupo de Telecomunicações Ltda",""
"53134","src_asn_isp_","Wixx Telecom",""
"53135","src_asn_isp_","BRASIL TECNOLOGIA E PARTICIPACOES S/A",""
"53139","src_asn_isp_","RDF Telecom",""
"53146","src_asn_isp_","R2 Telecom Com. Prod. Inform.",""
"53153","src_asn_isp_","CINTE Telecom",""
"53155","src_asn_isp_","Joaçaba Telecomunicações Ltda ME",""
"53156","src_asn_isp_","PortalSAT Telecom",""
"53158","src_asn_isp_","Net Turbo Telecom",""
"53162","src_asn_isp_","Voipglobe Serviços de Comunicação Multimida via Internet Ltda",""
"53167","src_asn_isp_","Sebratel Tecnologia",""
"53171","src_asn_isp_","PATH TELECOM AS53171",""
"53172","src_asn_isp_","Next Telecomunicações do Brasil LTDA",""
"53173","src_asn_isp_","SOBRALNET SERVICOS E TELECOMUNICACOES",""
"53178","src_asn_isp_","SCNET TELECOMUNICAÇÕES LTDA",""
"53180","src_asn_isp_","Infortel Comunicacoes",""
"53181","src_asn_isp_","K2 Telecom e Multimidia",""
"53185","src_asn_isp_","Zago & Zago Telecom",""
"53189","src_asn_isp_","Toque Telecom",""
"53194","src_asn_isp_","VIA NOVA TELECOMUNICACOES LTDA",""
"53201","src_asn_isp_","VIRTUAL TELECOM",""
"53202","src_asn_isp_","Acesso10 Telecom",""
"53205","src_asn_isp_","IBSOL TELECOM LTDA",""
"53214","src_asn_isp_","JDNET TELECOM",""
"53222","src_asn_isp_","Seanet Telecom",""
"53223","src_asn_isp_","Master Net Telecom",""
"53230","src_asn_isp_","Clean Net Telecom",""
"53232","src_asn_isp_","Banner Serviços de Telecom e Internet Ltda.",""
"53237","src_asn_isp_","Telebras - Telecomunicações Brasileiras S.A.",""
"53238","src_asn_isp_","Chapecó tecnologia em telecomunicação ltda",""
"53256","src_asn_isp_","Mulberry Telecommunications",""
"53460","src_asn_isp_","Mon-Cre Telephone Cooperative Inc.",""
"53586","src_asn_isp_","Wittenberg Telephone Company",""
"53823","src_asn_isp_","Scio Mutual Telephone Association",""
"53828","src_asn_isp_","Nitel",""
"53829","src_asn_isp_","CTV Television Network Limited",""
"53848","src_asn_isp_","Mountain Telephone",""
"53942","src_asn_isp_","ASN-CTCAK-1",""
"54097","src_asn_isp_","CCT Telecommunications Inc.",""
"54373","src_asn_isp_","MEI Telecom",""
"54374","src_asn_isp_","WMTA",""
"54392","src_asn_isp_","Decatur Telephone Company",""
"54512","src_asn_isp_","Chickamauga Telephone Corporation",""
"54523","src_asn_isp_","Warm Springs Telecom",""
"54579","src_asn_isp_","Chariton Valley",""
"54614","src_asn_isp_","CIK Telecom",""
"55230","src_asn_isp_","Pulaski White Rural Telephone Cooperative Inc.",""
"55254","src_asn_isp_","WaveDirect Telecommunications",""
"55309","src_asn_isp_","Minh Tu Telecom Limited Company",""
"55329","src_asn_isp_","Telcotech Cambodia",""
"55330","src_asn_isp_","AFGHANTELECOM GOVERNMENT COMMUNICATION NETWORK",""
"55340","src_asn_isp_","Telecard Limited",""
"55353","src_asn_isp_","Rajesh Patel Net Services Private Limited",""
"55423","src_asn_isp_","JasTel Network",""
"55424","src_asn_isp_","Instatelecom",""
"55441","src_asn_isp_","Tata Tele Business Services (Voice)",""
"55446","src_asn_isp_","CENTRE FOR DEVELOPMENT OF TELEMATICS",""
"55453","src_asn_isp_","Skytelecom Pakistan",""
"55577","src_asn_isp_","Atria Convergence Technologies Ltd.",""
"55592","src_asn_isp_","Korea Data Telecommunication Co. Ltd.",""
"55769","src_asn_isp_","SEATEL(CAMBODIA)",""
"55799","src_asn_isp_","IPTELECOM ASIA",""
"55811","src_asn_isp_","Countrytell",""
"55821","src_asn_isp_","Radius Telecoms Inc.",""
"55836","src_asn_isp_","Reliance Jio Infocomm NLD Network",""
"55853","src_asn_isp_","Megatel",""
"55888","src_asn_isp_","Nintatsu Global Telecommunications Corporation",""
"56040","src_asn_isp_","China Mobile communications corporation",""
"56041","src_asn_isp_","China Mobile communications corporation",""
"56042","src_asn_isp_","China Mobile communications corporation",""
"56044","src_asn_isp_","China Mobile communications corporation",""
"56045","src_asn_isp_","China Mobile communications corporation",""
"56046","src_asn_isp_","China Mobile communications corporation",""
"56047","src_asn_isp_","China Mobile communications corporation",""
"56048","src_asn_isp_","China Mobile Communicaitons Corporation",""
"56089","src_asn_isp_","Offratel L@goon",""
"56167","src_asn_isp_","Ufone Pakistan",""
"56209","src_asn_isp_","R K Infratel Pvt Ltd",""
"56234","src_asn_isp_","PT Naraya Telematika",""
"56241","src_asn_isp_","Telkom Satelit Indonesia",""
"56258","src_asn_isp_","PGAS TELEKOMUNIKASI NUSANTARA AS56258",""
"56262","src_asn_isp_","Dagupan Urban Satellite Vision Inc.",""
"56272","src_asn_isp_","Pulse Telesystems",""
"56308","src_asn_isp_","Telekomunikasi Indonesia International Singapore",""
"56330","src_asn_isp_","JSC 'ER-Telecom Holding'",""
"56345","src_asn_isp_","TVB TELEDISTRIBUCION S.L.",""
"56377","src_asn_isp_","JSC 'ER-Telecom Holding'",""
"56391","src_asn_isp_","VTELECOM",""
"56392","src_asn_isp_","Adygei Telephone Company JSC",""
"56404","src_asn_isp_","Little Enterprise Independent Television Company 'Norma-4' LTD",""
"56420","src_asn_isp_","JSC 'ER-Telecom Holding'",""
"56441","src_asn_isp_","Zaklad Teleradiotechniki Telefon Serwis Antoni Kois",""
"56534","src_asn_isp_","Comfortel",""
"56542","src_asn_isp_","Park Telecom Ltd",""
"56543","src_asn_isp_","Universal-Telecom LLC",""
"56550","src_asn_isp_","STEL",""
"56571","src_asn_isp_","HISPANICA DE TELECOMUNICACIONES Y SERVICIOS INTEGRALES S.L.",""
"56582","src_asn_isp_","NETFACTOR-ASN",""
"56592","src_asn_isp_","Telewest Inet",""
"56654","src_asn_isp_","Infinity Telecom SRL",""
"56665","src_asn_isp_","Proximus Luxembourg",""
"56677","src_asn_isp_","Tele-Club Ltd.",""
"56689","src_asn_isp_","Elitel Telecom Group Ltd",""
"56696","src_asn_isp_","ASLIQUID-MPLS",""
"56697","src_asn_isp_","SUIS BOGA TELECOM SL",""
"56701","src_asn_isp_","AVANTA TELECOM",""
"56709","src_asn_isp_","WIST",""
"56724","src_asn_isp_","Teleskan-Intercom Ltd",""
"56754","src_asn_isp_","Foxtel s.r.l.",""
"56803","src_asn_isp_","Datasource AG",""
"56834","src_asn_isp_","MATRIXNET",""
"56835","src_asn_isp_","UTELS",""
"56846","src_asn_isp_","JSC National satellite company",""
"56882","src_asn_isp_","LEAST COST ROUTING TELECOM SL",""
"56893","src_asn_isp_","108 TELECOM LLC",""
"56981","src_asn_isp_","JSC 'ER-Telecom Holding'",""
"57003","src_asn_isp_","PortalTeleNet LLC",""
"57018","src_asn_isp_","In-line Telekom LLC",""
"57019","src_asn_isp_","Export Telecom LLC",""
"57026","src_asn_isp_","JSC 'ER-Telecom Holding'",""
"57038","src_asn_isp_","LLC 'Amurtelekom'",""
"57044","src_asn_isp_","JSC 'ER-Telecom Holding'",""
"57113","src_asn_isp_","TVIPTEL LLC",""
"57136","src_asn_isp_","VIVA Telecom",""
"57141","src_asn_isp_","TELWAN",""
"57153","src_asn_isp_","TeleSystem LLC.",""
"57164","src_asn_isp_","ViacheslavFitiunin",""
"57197","src_asn_isp_","Shaporenko Yuri Nikolaevich",""
"57218","src_asn_isp_","'Rightel Communication Service Company PJS'",""
"57246","src_asn_isp_","WellTelecom",""
"57251","src_asn_isp_","LLC Intelcom",""
"57255","src_asn_isp_","Platkom Tele-Informatyka",""
"57269","src_asn_isp_","Digi Spain Telecom",""
"57293","src_asn_isp_","ag-telecom-katv1",""
"57325","src_asn_isp_","123Telcom BV trading as Partell",""
"57333","src_asn_isp_","ASKASPIYTELEKOM",""
"57344","src_asn_isp_","Telehouse",""
"57378","src_asn_isp_","JSC 'ER-Telecom Holding'",""
"57388","src_asn_isp_","IBC-AS",""
"57389","src_asn_isp_","ZNET Telekom Zrt.",""
"57446","src_asn_isp_","Telemont Service S.R.L.",""
"57468","src_asn_isp_","AZA TELECOM",""
"57489","src_asn_isp_","LLC 'Telecom-Uslugi'",""
"57513","src_asn_isp_","Mobile interim company 1 S.A.L.",""
"57524","src_asn_isp_","WEBTEAM TELEKOMUNIKACJA SP. Z O. O. SPOLKA KOMANDYTOWA",""
"57532","src_asn_isp_","Kabelska televizija Ravne d.o.o.",""
"57571","src_asn_isp_","Telekonika ruza",""
"57583","src_asn_isp_","IP Shefer Vitaliy Vyacheslavovich",""
"57615","src_asn_isp_","Rusinvesttelecom Ltd",""
"57627","src_asn_isp_","Ilbit Telecom Ltd.",""
"57652","src_asn_isp_","OOO 'Zeltelecom'",""
"57701","src_asn_isp_","Myszkowska Telewizja Kablowa Sp. z o.o.",""
"57716","src_asn_isp_","Skynet Telecom s.r.o.",""
"57723","src_asn_isp_","Media Telekom Sp. z o.o.",""
"57741","src_asn_isp_","OskolTelecom 1",""
"57768","src_asn_isp_","SKYTEL-AS57768",""
"57781","src_asn_isp_","LLC Yarteleservice",""
"57794","src_asn_isp_","HCN",""
"57803","src_asn_isp_","TeleServis Ltd",""
"57826","src_asn_isp_","Svyaz-INKOM-Servis i telekommunikatsii Ltd.",""
"57871","src_asn_isp_","TeleCentr Ltd.",""
"57888","src_asn_isp_","TELESAT-AS",""
"57890","src_asn_isp_","POTel",""
"57958","src_asn_isp_","ASAS Telecom & IT Solutions LTD.",""
"57961","src_asn_isp_","Qendra Nderuniversitare e Sherbimeve dhe Rrjeti Telematik",""
"57962","src_asn_isp_","LLC ' Ug telekom grup '",""
"57966","src_asn_isp_","INTRATEL",""
"58127","src_asn_isp_","CDN Telekom",""
"58158","src_asn_isp_","KTV TELECOM",""
"58172","src_asn_isp_","Freedom Telecom AS58172",""
"58193","src_asn_isp_","Telecom26 AG",""
"58224","src_asn_isp_","TCI",""
"58228","src_asn_isp_","LLC 'IT Telecom'",""
"58230","src_asn_isp_","INTELCOM LTD",""
"58238","src_asn_isp_","MKS Telecom LLC",""
"58243","src_asn_isp_","TELE AG",""
"58254","src_asn_isp_","Nano Telecom LLC",""
"58272","src_asn_isp_","LeaderTelecom",""
"58284","src_asn_isp_","OOO RTS Telecom",""
"58310","src_asn_isp_","TELEPORT LLC",""
"58378","src_asn_isp_","Balai Telekomunikasi dan Informatika Perdesaan",""
"58396","src_asn_isp_","DETELNET",""
"58405","src_asn_isp_","United Telecoms",""
"58424","src_asn_isp_","Xinwei Telecom Cambodia",""
"58453","src_asn_isp_","China Mobile International",""
"58460","src_asn_isp_","Digicel (PNG)",""
"58466","src_asn_isp_","CHINANET Guangdong province network",""
"58470","src_asn_isp_","Mobilink Peering",""
"58610","src_asn_isp_","Telnet Telecommunication Limited",""
"58640","src_asn_isp_","NEXTRA COMMUNICATIONS PVT. LTD.",""
"58655","src_asn_isp_","SkyTel Communications Limited",""
"58715","src_asn_isp_","Earth Telecommunication",""
"58725","src_asn_isp_","ZYE TELECOM",""
"58731","src_asn_isp_","Telkomcel",""
"58765","src_asn_isp_","B-Tel Internet pvt Ltd",""
"58912","src_asn_isp_","Chittagong Telecom Services",""
"58963","src_asn_isp_","Infonet online solutions",""
"59165","src_asn_isp_","Auspice Infratel",""
"59185","src_asn_isp_","NETRUN TECHNOLOGIES",""
"59191","src_asn_isp_","PEERCAST TELECOM INDIA",""
"59424","src_asn_isp_","OOO HAS-TELEKOM",""
"59521","src_asn_isp_","Stichting Kabeltelevisie Pijnacker",""
"59574","src_asn_isp_","Stupino NET",""
"59595","src_asn_isp_","Teneta Telekom Ltd.",""
"59600","src_asn_isp_","Atlas Telecom Ltd.",""
"59607","src_asn_isp_","Telewizja Kablowa Hajnowka Kiedys Kiryluk SJ",""
"59616","src_asn_isp_","Baikal Teleport CJSC",""
"59625","src_asn_isp_","Korek Telecom Company for Communications LLC",""
"59631","src_asn_isp_","AVATEL TELECOM SA",""
"59665","src_asn_isp_","Ultra-Telecom LLC",""
"59668","src_asn_isp_","Turon Media",""
"59681","src_asn_isp_","Satellit PE",""
"59710","src_asn_isp_","1N",""
"59713","src_asn_isp_","JSC 'ER-Telecom Holding'",""
"59723","src_asn_isp_","Vaecom Telecomunicaciones",""
"59762","src_asn_isp_","PE InstalTelecom",""
"59815","src_asn_isp_","Kompeatelecom Ltd.",""
"59831","src_asn_isp_","MegaTelekom. Ltd",""
"59833","src_asn_isp_","JSC Sevastopol Telekom",""
"59877","src_asn_isp_","VA telecom",""
"59885","src_asn_isp_","TELECUATRO C.B.",""
"59909","src_asn_isp_","Tele-Tec GmbH",""
"59948","src_asn_isp_","StarNet Telecom Sp. z o.o.",""
"59975","src_asn_isp_","Play-Telecom",""
"60006","src_asn_isp_","Raduga-Telecom LLC",""
"60042","src_asn_isp_","OnTelecom",""
"60067","src_asn_isp_","N-Telecom Ltd",""
"60072","src_asn_isp_","LLC EGS-Telecom",""
"60095","src_asn_isp_","Ufanet Nizhniy Novgorod Branch",""
"60119","src_asn_isp_","Novosibirsk Telecommunication Company",""
"60138","src_asn_isp_","Naroon Intelligent Communications LTD.",""
"60139","src_asn_isp_","Sever-Telecom",""
"60171","src_asn_isp_","AFR-IX Telecom",""
"60191","src_asn_isp_","Nowatel",""
"60267","src_asn_isp_","FIBRAWORLD TELECOM S.A.U.",""
"60277","src_asn_isp_","Telcom Limited",""
"60388","src_asn_isp_","Transneft Telecom",""
"60468","src_asn_isp_","Zaklad Uslug Telewizji Kablowej Leslaw Dorobek",""
"60471","src_asn_isp_","Mobitel-BGP",""
"60533","src_asn_isp_","SateliX",""
"60563","src_asn_isp_","Transmitel Sp. z o.o.",""
"60599","src_asn_isp_","KOMPAS TELECOM Ltd",""
"60607","src_asn_isp_","ICENET TELEKOM HIZMETLERI ANONIM SIRKETI",""
"60609","src_asn_isp_","APFUTURA TELECOM",""
"60619","src_asn_isp_","TelcoNet Kft.",""
"60641","src_asn_isp_","HEXATEL SAS",""
"60720","src_asn_isp_","Telenet Solution",""
"60738","src_asn_isp_","OOO PKF 'Delta Telekom'",""
"60740","src_asn_isp_","Joint-Stock company 'Arctictelecom'",""
"60764","src_asn_isp_","Telecom Samara",""
"60793","src_asn_isp_","Ocean Unified Communications",""
"60815","src_asn_isp_","Data Net Telecom Co. Ltd",""
"60840","src_asn_isp_","OJSC Telecom-Service",""
"60849","src_asn_isp_","NaiTel “Aqaba Digital Hub”",""
"60880","src_asn_isp_","HorizonTelecom",""
"60886","src_asn_isp_","Amit Net Telecom LTD",""
"60904","src_asn_isp_","ATC Telecom LTD.",""
"60986","src_asn_isp_","ZagorodTelecom LLC",""
"60989","src_asn_isp_","Sinergia Telecomunication",""
"60994","src_asn_isp_","SOCIETE COMMERCIALE DE TELECOMMUNICATION SCT SAS",""
"61021","src_asn_isp_","MAVOTEL LLC",""
"61031","src_asn_isp_","Escomtel Backbone Network",""
"61064","src_asn_isp_","Tele-Necik.PL",""
"61068","src_asn_isp_","NECSTEL",""
"61121","src_asn_isp_","Odintsovo",""
"61124","src_asn_isp_","Marston's Telecoms Ltd",""
"61143","src_asn_isp_","Jersey Airtel Limited",""
"61208","src_asn_isp_","SCORTEL SRL",""
"61230","src_asn_isp_","Internet Protocol Transit Telecom",""
"61233","src_asn_isp_","TERRA TELEKOM SP. Z O.O.",""
"61315","src_asn_isp_","SEDMULTITEL",""
"61324","src_asn_isp_","D-TELEKOM LLC",""
"61349","src_asn_isp_","MaxiTEL Telecom B.V.",""
"61367","src_asn_isp_","TOO B-TEL",""
"61372","src_asn_isp_","AZIMUT TELECOM Ltd.",""
"61403","src_asn_isp_","Sever Telecom JSC",""
"61408","src_asn_isp_","AGO TELECOM",""
"61431","src_asn_isp_","TELECOMMUNICATION COMPANY KAMA - LINK LLC.",""
"61452","src_asn_isp_","Restel S.A.",""
"61481","src_asn_isp_","Coopetel El Bolson Ltda",""
"61503","src_asn_isp_","SERVICIOS DE TELECOMUNICACIONES INTERCABLE",""
"61510","src_asn_isp_","Cooperativa Telefonica de Calafate",""
"61577","src_asn_isp_","AMAZONTEL TELECOMUNICACOES",""
"61581","src_asn_isp_","INFOMAISNET TELECOM",""
"61582","src_asn_isp_","ATRIX ENGENHARIA",""
"61583","src_asn_isp_","WDS TELECOM Brasil",""
"61603","src_asn_isp_","Goias Telecomunicações SA. - GOIAS TELECOM",""
"61605","src_asn_isp_","SELIGA TELECOMUNICAÇÕES DO BRASIL",""
"61614","src_asn_isp_","67 Telecom",""
"61618","src_asn_isp_","Viva Tecnologia Telecom",""
"61621","src_asn_isp_","Norte.Net Telecomunicações",""
"61636","src_asn_isp_","logicLINK Telecom",""
"61637","src_asn_isp_","RADIOBRAS TELECOM",""
"61638","src_asn_isp_","Impactnet Telecomunicacoes LTDA",""
"61642","src_asn_isp_","NEXNETT Brasil Telecom",""
"61648","src_asn_isp_","PLAYIP",""
"61649","src_asn_isp_","CONECT TELECOMUNICACOES COMUNICACOES E MULTIMIDIA",""
"61659","src_asn_isp_","godnet telecom",""
"61660","src_asn_isp_","CRAPAC SERVICOS DE TELECOMUNICACOES LTDA - ME",""
"61662","src_asn_isp_","G2 XAXIM TELECOMUNICACOES",""
"61664","src_asn_isp_","Rondotech Telecom",""
"61670","src_asn_isp_","New Net Informatica e Telecomunicações",""
"61672","src_asn_isp_","Entelvias provedor de internet",""
"61675","src_asn_isp_","GRANDE REDE TELECOM EIRELLE",""
"61689","src_asn_isp_","ALLREDE",""
"61691","src_asn_isp_","NEPOMUCENO E TOCHETTO TELECOMUNICACOES LTDA - ME",""
"61696","src_asn_isp_","DOMUS TELECOM",""
"61699","src_asn_isp_","Fernando Oliveira Cambuhy Informatica - ME",""
"61700","src_asn_isp_","Uai Telecom Comunicacao Multimidia Ltda",""
"61702","src_asn_isp_","DELTA TELECOM PA",""
"61704","src_asn_isp_","Conectiva Telecom",""
"61709","src_asn_isp_","Dms Telecomunicações Ltda",""
"61712","src_asn_isp_","YUPNET TELECOMUNICACOES",""
"61716","src_asn_isp_","Central Telecom",""
"61717","src_asn_isp_","NetTri Telecom",""
"61719","src_asn_isp_","SP TELECOMUNICAÇÕES",""
"61722","src_asn_isp_","Flacknet Telecom",""
"61724","src_asn_isp_","VIÇOSANET TELECOM",""
"61726","src_asn_isp_","Orixinet Telecom",""
"61727","src_asn_isp_","SPN Telecom",""
"61728","src_asn_isp_","Infonavi Telecomunicações Ltda - Me",""
"61729","src_asn_isp_","CB NET TELECOM",""
"61734","src_asn_isp_","M DE S CARVALHO ASSUNÇÃO - PRISMA TELECOM",""
"61740","src_asn_isp_","Telecab Telecomunicações",""
"61744","src_asn_isp_","power net telecom eireli-me",""
"61745","src_asn_isp_","NBS TELECOM",""
"61746","src_asn_isp_","MF TELECOMUNICAÇÕES",""
"61751","src_asn_isp_","SINTNET-TELECOMUNICACOES E INFORMATICA LTDA",""
"61754","src_asn_isp_","I3 TELECOMUNICACOES - EIRELI",""
"61761","src_asn_isp_","AGATANGELO TELECOM",""
"61765","src_asn_isp_","Forza Telecom",""
"61768","src_asn_isp_","Net Infinito Telecom",""
"61773","src_asn_isp_","G+ NETWORK TELECOM EIRELI - ME",""
"61782","src_asn_isp_","WNNet Telecom",""
"61784","src_asn_isp_","AltaNET Telecom",""
"61785","src_asn_isp_","Via Radio Dourados Informatica Ltda",""
"61790","src_asn_isp_","ASN61790",""
"61792","src_asn_isp_","IPNET TELECOM",""
"61794","src_asn_isp_","TW TELECOM JACIARA EIRELI",""
"61795","src_asn_isp_","Arion Servicos de Telecomunicacoes LTDA",""
"61797","src_asn_isp_","CHECK-UP NET TELECOM",""
"61798","src_asn_isp_","TELECOM PONTONET",""
"61800","src_asn_isp_","VIGORA TELECOM",""
"61802","src_asn_isp_","E2Network Telecom Brasil",""
"61806","src_asn_isp_","LIG TECH TELECOMUNICACOES EIRELI",""
"61810","src_asn_isp_","Webfibra Telecomunicações",""
"61817","src_asn_isp_","Halley",""
"61820","src_asn_isp_","Ipunet Telecomunicações",""
"61824","src_asn_isp_","Top Serviços de Telecomunicações Ltda",""
"61825","src_asn_isp_","GITEL TELECOMUNICACOES",""
"61829","src_asn_isp_","SOLAR TELECOM",""
"61830","src_asn_isp_","ASN61830",""
"61834","src_asn_isp_","JACOMELI TELECOM",""
"61836","src_asn_isp_","CYBERLAN SERVIÇOS DE TELECOMUNICAÇÕES",""
"61844","src_asn_isp_","PATH TELECOM AS61844",""
"61845","src_asn_isp_","GRD Telecomunicações Ltda",""
"61851","src_asn_isp_","Garra Telecom",""
"61854","src_asn_isp_","CLICKNET TELECOM PROVEDOR DE INTERNET",""
"61855","src_asn_isp_","NovaNet Telecom",""
"61856","src_asn_isp_","Viamar Telecom",""
"61858","src_asn_isp_","PRIME SYSTEM TELECOM",""
"61859","src_asn_isp_","Luup Telecomunicações",""
"61871","src_asn_isp_","Siqueira Link Serviços de Telecomunicações LTDA.",""
"61872","src_asn_isp_","INUV TELECOM",""
"61874","src_asn_isp_","S.R. da Silva Telecomunicaçoes",""
"61877","src_asn_isp_","SELECT TELECOM E REDES",""
"61884","src_asn_isp_","OLLA COMUNICACAO LTDA",""
"61888","src_asn_isp_","GFT COMERCIO DE TELEFONIA E COMUNICACAO",""
"61893","src_asn_isp_","RMS Telecom",""
"61901","src_asn_isp_","RMR Assessoria Técnica em Teleinformática",""
"61904","src_asn_isp_","POLLYNET TELECOM EIRELI",""
"61906","src_asn_isp_","Unimax Telecom",""
"61908","src_asn_isp_","Nova Net Telecomunicações Ltda",""
"61916","src_asn_isp_","Stargateway Informatica e Telecomunicacoes Ltda",""
"61917","src_asn_isp_","LUCARONI TELECOM",""
"61922","src_asn_isp_","CNX TELECOMUNICAÇOES",""
"61923","src_asn_isp_","SUNWAY TELECOM",""
"61924","src_asn_isp_","3E TELECOM",""
"61930","src_asn_isp_","Telecomunicações Riograndense Ltda",""
"61934","src_asn_isp_","Puma Internet",""
"61936","src_asn_isp_","VIATEC TELECOMUNICAÇÕES LTDA",""
"61937","src_asn_isp_","Oquei Telecom Ltda",""
"61938","src_asn_isp_","Meg@Net Telecom",""
"61942","src_asn_isp_","TurboNet Telecom",""
"61947","src_asn_isp_","Supernet Telecomunicaçoes e Informatica LTDA",""
"61948","src_asn_isp_","INFOMAC TELECOMUNICAÇÕES",""
"61949","src_asn_isp_","FACILITI TELECOM",""
"61951","src_asn_isp_","Brasil-IP",""
"61976","src_asn_isp_","JSC Selectel",""
"61995","src_asn_isp_","AIRNET d.o.o. za telekomunikacije",""
"62006","src_asn_isp_","Unecha Television Network Ltd.",""
"62040","src_asn_isp_","Innovative Telecommunications",""
"62041","src_asn_isp_","Telegram Messenger EUR",""
"62058","src_asn_isp_","ETSPUBLI RADIO-TELEVISION BELGE DE LA COMMUNAUTE FRANCAISE",""
"62069","src_asn_isp_","Telecommunication Union Ltd.",""
"62123","src_asn_isp_","Rapid Telecommunications W.L.L.",""
"62147","src_asn_isp_","Marinex Ampol 2 Telewizja Kablowa Sp zoo",""
"62201","src_asn_isp_","KTM Telekom",""
"62205","src_asn_isp_","Unitel LLC",""
"62211","src_asn_isp_","VODAFONE MOBILE OPERATIONS LTD.",""
"62259","src_asn_isp_","Intelesi LLC",""
"62336","src_asn_isp_","PURtel.com",""
"62337","src_asn_isp_","S.C. TELE-LUCI S.R.L.",""
"62340","src_asn_isp_","Infotelecom SP Ltd.",""
"62386","src_asn_isp_","BTG",""
"62423","src_asn_isp_","Telecom Center",""
"62592","src_asn_isp_","HOPI TELECOMMUNICATIONS",""
"62627","src_asn_isp_","WorldNet Telecommunications LLC",""
"62886","src_asn_isp_","OMNITEL",""
"63133","src_asn_isp_","Lennon Telephone Company",""
"63134","src_asn_isp_","IHR-TELECOM",""
"63330","src_asn_isp_","Emily Cooperative Telephone Company",""
"63414","src_asn_isp_","Dakota Central",""
"63440","src_asn_isp_","Telnyx LLC",""
"63527","src_asn_isp_","China Telecom Global IPX",""
"63741","src_asn_isp_","DCNET TELECOM",""
"63747","src_asn_isp_","CPT Network",""
"63838","src_asn_isp_","Hengyang",""
"63869","src_asn_isp_","PT MERAH PUTIH TELEMATIKA",""
"63897","src_asn_isp_","vocom international telecom",""
"63902","src_asn_isp_","SHINE TELECOM CO. LTD.",""
"64043","src_asn_isp_","EUROTELBD-ONLINE-LTD-BD",""
"64079","src_asn_isp_","China Telecom Global Limited",""
"64126","src_asn_isp_","DOMINICAN TELECOM PRIME DTP",""
"64139","src_asn_isp_","GRUPO METROWAN TELECOM",""
"64227","src_asn_isp_","CONSOLIDATED TELEPHONE AS 64227",""
"64411","src_asn_isp_","CORREOS-TELECOM",""
"64419","src_asn_isp_","Ecotel",""
"64466","src_asn_isp_","UNIVERSAL MOBILE SYSTEMS LCC",""
"131090","src_asn_isp_","NT(CAT) Broadband",""
"131111","src_asn_isp_","PT Mora Telematika Indonesia Tbk - Domestic",""
"131207","src_asn_isp_","SINET-KH",""
"131210","src_asn_isp_","Yashash Cable Network Pvt Ltd",""
"131215","src_asn_isp_","Sanchar Telenetwork",""
"131267","src_asn_isp_","Star Telecom",""
"131274","src_asn_isp_","Cypress Telecom",""
"131285","src_asn_isp_","Blueberry Telecom Global Pte Ltd",""
"131293","src_asn_isp_","National Telecom Public Company Limited (NT)",""
"131325","src_asn_isp_","CHINATELECOM JIANGSU province NANTONG MAN network",""
"131349","src_asn_isp_","Digital telecomminication service joint stock",""
"131465","src_asn_isp_","Marbel Telephone System Inc",""
"131584","src_asn_isp_","Taiwan Intelligent Fiber Optic Network  Co.Ltd.",""
"131600","src_asn_isp_","Chief Telecom Inc.",""
"131627","src_asn_isp_","Peicity Digital Cable Television. LTD",""
"131702","src_asn_isp_","PT Mora Telematika Indonesia Tbk - Mora-IXP",""
"131735","src_asn_isp_","PT Telemedia Network Cakrawala",""
"131915","src_asn_isp_","Hamamatsu Cable Television",""
"131933","src_asn_isp_","TAMA Television",""
"131952","src_asn_isp_","POTATO-NET",""
"131954","src_asn_isp_","Kawaguchiko Cable Television",""
"132004","src_asn_isp_","Touch Net India",""
"132021","src_asn_isp_","Kalibo Cable Television Network",""
"132148","src_asn_isp_","HORIZON TELECOM INTERNATIONAL COMPANY",""
"132199","src_asn_isp_","Globe Telecom Inc.",""
"132215","src_asn_isp_","Powergrid Teleservices Limited",""
"132225","src_asn_isp_","China Telecom",""
"132369","src_asn_isp_","XIANGAO INTERNATIONAL TELECOMMUNICATION LIMITED",""
"132447","src_asn_isp_","Hutchison Telecommunications Lanka",""
"132497","src_asn_isp_","DNA Infotel Private Limited",""
"132510","src_asn_isp_","IDC ShanXi China Mobile communications corporation",""
"132518","src_asn_isp_","Sheen Telecom Consultants AS132518",""
"132525","src_asn_isp_","HeiLongJiang Mobile Communication Company Limited",""
"132599","src_asn_isp_","Ministry of Posts and Telecommunication",""
"132608","src_asn_isp_","Mango Teleservices Limited-ISP",""
"132754","src_asn_isp_","REALTEL NETWORK SERVICES",""
"132833","src_asn_isp_","China Telecom",""
"132923","src_asn_isp_","VIHAAN TELECOMMUNICATION",""
"132933","src_asn_isp_","Charotar Broadband",""
"132960","src_asn_isp_","M-Net Fiber Fast",""
"132971","src_asn_isp_","Sikka Star Satellite",""
"132999","src_asn_isp_","Richa Telecom",""
"133000","src_asn_isp_","ARJUN TELECOM PRIVATE LIMITED",""
"133075","src_asn_isp_","Telesmart",""
"133076","src_asn_isp_","Unique Atlantic Telecommunication",""
"133118","src_asn_isp_","China Unicom IP network",""
"133155","src_asn_isp_","SATELLITE-BD",""
"133192","src_asn_isp_","Ultimate Mobile",""
"133202","src_asn_isp_","Afghanistan Faiz Satellite Communications AFSAT",""
"133227","src_asn_isp_","AATTIZEN TELECOM",""
"133275","src_asn_isp_","Gigantic Infotel Pvt Ltd",""
"133285","src_asn_isp_","CNSINFOTEL-AS",""
"133457","src_asn_isp_","ScopeTel Sdn Bhd",""
"133495","src_asn_isp_","Vision Telecom",""
"133606","src_asn_isp_","Viettel Timor",""
"133613","src_asn_isp_","MTel telecommunication company",""
"133647","src_asn_isp_","ELXIRE DATA SERVICES",""
"133667","src_asn_isp_","NETXNETWORK",""
"133685","src_asn_isp_","SDN TELECOM",""
"133691","src_asn_isp_","m-ix.in",""
"133707","src_asn_isp_","La Pointe Telecom Solutions Pvt Ltd",""
"133730","src_asn_isp_","Advatel Wireless Pty Ltd",""
"133798","src_asn_isp_","SMARTFREN TELECOM",""
"133817","src_asn_isp_","Inti Data Telematika",""
"133982","src_asn_isp_","Excitel",""
"133989","src_asn_isp_","SBR Telecom",""
"134004","src_asn_isp_","Foxtel Telecommunications",""
"134006","src_asn_isp_","Sheng Li Telecom India",""
"134033","src_asn_isp_","Hi Reach Broadband",""
"134040","src_asn_isp_","Vayutel Technology Services Private Limited",""
"134090","src_asn_isp_","Leaptel",""
"134134","src_asn_isp_","NORTHTELECOM",""
"134241","src_asn_isp_","Mamuric7 Telecommunications Corporation",""
"134293","src_asn_isp_","Kutch Telelink",""
"134294","src_asn_isp_","R P World Telecom Pvt Ltd",""
"134302","src_asn_isp_","Oxynet Telecommunications",""
"134305","src_asn_isp_","Sampath Venkateswara Communications",""
"134316","src_asn_isp_","IAXN TELECOM",""
"134334","src_asn_isp_","LOTUS BROADBAND PRIVATE LIMITED",""
"134420","src_asn_isp_","Chongqing Telecom",""
"134425","src_asn_isp_","China Telecom",""
"134497","src_asn_isp_","Cine Cebu",""
"134525","src_asn_isp_","Solomon Telekom Co Ltd",""
"134540","src_asn_isp_","Tata Tele Business Services (Broadband)",""
"134697","src_asn_isp_","LAUNTEL",""
"134714","src_asn_isp_","ETPCL-AS-AP",""
"134761","src_asn_isp_","CHINANET NINGXIA province ZHONGWEI IDC network",""
"134810","src_asn_isp_","China Mobile Group JiLin communications corporation",""
"134878","src_asn_isp_","GLORIOSA INFOTEL IT SERVICES INDIA PRIVATE LIMITED",""
"134885","src_asn_isp_","Global (India) Tele-Infra",""
"134887","src_asn_isp_","ARISTO TELENET PRIVATE LIMITED",""
"134912","src_asn_isp_","Comtel Services Pvt Ltd",""
"134976","src_asn_isp_","MATL",""
"135025","src_asn_isp_","NexLogic Telecommunications Network Inc.",""
"135046","src_asn_isp_","TAIZTEL (PRIVATE) LIMITED",""
"135054","src_asn_isp_","China Mobile Group Hainan Co. Ltd.",""
"135055","src_asn_isp_","Rafin Satellite",""
"135059","src_asn_isp_","Lao Asia Pacific Satellite",""
"135076","src_asn_isp_","INFOCOM",""
"135089","src_asn_isp_","China Telecom",""
"135106","src_asn_isp_","CareTel Pty Ltd",""
"135191","src_asn_isp_","HARKYAL TELE SERVICES PRIVATE LIMITED",""
"135218","src_asn_isp_","Gtel Communications",""
"135224","src_asn_isp_","EASY TELNET SERVICES PVT. LTD.",""
"135236","src_asn_isp_","SEYON TELE INFRA PRIVATE LIMITED",""
"135254","src_asn_isp_","Maitree Telecom Private Limited",""
"135277","src_asn_isp_","Freshtel Group",""
"135300","src_asn_isp_","Myanmar Broadband Telecom",""
"135307","src_asn_isp_","Golden TMH Telecom Co.",""
"135308","src_asn_isp_","M/S DIGITAL TELECOM",""
"135345","src_asn_isp_","NewMountainView Satellite",""
"135346","src_asn_isp_","Bismillah Telecom Service",""
"135357","src_asn_isp_","HONG KONG KOWLOON TELECOMMUNICATIONS CO.LIMITED",""
"135364","src_asn_isp_","ACEESAT",""
"135386","src_asn_isp_","LinkChina Telecom Global Limited.",""
"135407","src_asn_isp_","TransWorldEnterpriseServices",""
"135409","src_asn_isp_","Kacific Broadband Satellites",""
"135443","src_asn_isp_","Dinas Komunikasi Informatika dan Persandian Kabupaten Teluk Wondama",""
"135572","src_asn_isp_","ACT International Telecom Limited",""
"135650","src_asn_isp_","MTABS-AS-AP",""
"135687","src_asn_isp_","Qwistel Network Service",""
"135696","src_asn_isp_","Winet Infratel",""
"135722","src_asn_isp_","Teleglobal Communications",""
"135744","src_asn_isp_","VeloxR Telecom Pvt Ltd",""
"135756","src_asn_isp_","VPS Broadband And Telecommunications",""
"135772","src_asn_isp_","Powernet Telecom Pvt. Ltd.",""
"135782","src_asn_isp_","Nyak Technologies And Teleservices",""
"135792","src_asn_isp_","Syswall Telecom Private Limited",""
"135804","src_asn_isp_","Johnson Telemarketers",""
"135810","src_asn_isp_","Speedglobal Telecom Network",""
"135887","src_asn_isp_","Belong  (Telstra Corporation Ltd)",""
"135905","src_asn_isp_","VIETNAM POSTS AND TELECOMMUNICATIONS GROUP",""
"135964","src_asn_isp_","RVC Network",""
"136030","src_asn_isp_","Redtone Telecommunications Pakistan",""
"136054","src_asn_isp_","PT.COMTELINDO",""
"136096","src_asn_isp_","PT. Terminal Teluk Lamong",""
"136121","src_asn_isp_","Digital Media Telematika",""
"136167","src_asn_isp_","CHINA TELECOM (MACAU) COMPANY LIMITED",""
"136225","src_asn_isp_","Smart Telecom",""
"136255","src_asn_isp_","Mytel",""
"136280","src_asn_isp_","Costel Networks",""
"136284","src_asn_isp_","Paradise Telecom",""
"136303","src_asn_isp_","Sher Telelink Pvt. Ltd.",""
"136314","src_asn_isp_","SHAILDHAR TELECOM SERVICES PVT LTD",""
"136335","src_asn_isp_","Mtel Networks Private Limited",""
"136356","src_asn_isp_","Purenet Telecom India",""
"136362","src_asn_isp_","Yes India Communications",""
"136376","src_asn_isp_","Udayatel Communications",""
"136474","src_asn_isp_","Marga Global Telecom Limited",""
"136598","src_asn_isp_","HN Telecom",""
"136617","src_asn_isp_","Fortune Telecom Company",""
"136625","src_asn_isp_","Ookla Telecom",""
"136632","src_asn_isp_","Vajra Telecom",""
"136652","src_asn_isp_","Bytel TraNet Private Limited",""
"136664","src_asn_isp_","D D Telecom",""
"136696","src_asn_isp_","Arktel Networks",""
"136841","src_asn_isp_","MITRA TELEMEDIA MANUNGGAL",""
"136861","src_asn_isp_","ARTAMEDIA CITRA TELEMATIKA INDONESIA",""
"136874","src_asn_isp_","Garuda Media Telematika",""
"136901","src_asn_isp_","BTRC",""
"137047","src_asn_isp_","TELECOMMUNICATION AND TECHNOLOGY MASTERS",""
"137102","src_asn_isp_","Hustel Telecom",""
"137109","src_asn_isp_","Grace Teleinfra",""
"137114","src_asn_isp_","Kwikzo Telecomm",""
"137124","src_asn_isp_","Jai Mata Di Telectronix Private Limited",""
"137135","src_asn_isp_","Pc Care Airway Infratel Network",""
"137166","src_asn_isp_","Satellite Netcom Private Limited",""
"137199","src_asn_isp_","Flintel",""
"137226","src_asn_isp_","ANGELES CITY CABLE TELEVISION NETWORK INC.",""
"137235","src_asn_isp_","MOBILE SALES & DISTRIBUTION (PVT.) LIMITED",""
"137239","src_asn_isp_","Fil Products Service Television",""
"137266","src_asn_isp_","CHINATELECOM Hubei province Wuhan 5G network",""
"137310","src_asn_isp_","Shangkuriang Telekomunikasi Indonesia",""
"137376","src_asn_isp_","PT Tele Net",""
"137404","src_asn_isp_","Kabankalan Community Antenna Television System",""
"137412","src_asn_isp_","Tashi InfoComm | Mobile",""
"137483","src_asn_isp_","Tiger Telecommunication",""
"137532","src_asn_isp_","Bhuiyan Telecom",""
"137551","src_asn_isp_","REDLINK TELECOM Co. Ltd",""
"137604","src_asn_isp_","Sahjanand Telecom Pvt Ltd",""
"137627","src_asn_isp_","Nextel Communications India",""
"137651","src_asn_isp_","Activline Telecom",""
"137669","src_asn_isp_","Asg Telecom",""
"137687","src_asn_isp_","",""
"137689","src_asn_isp_","IOT Jiangsu network Chinatelecom P.R.China.",""
"137692","src_asn_isp_","IOT Guangdong network Chinatelecom P.R.China.",""
"137693","src_asn_isp_","CHINATELECOM Guangxi Nanning IDC networkdescr: Nanning  Guangxi Province P.R.China.",""
"137697","src_asn_isp_","CHINATELECOM JiangSu YangZhou IDC networkdescr: YangZhou  Jiangsu Province P.R.China.",""
"137699","src_asn_isp_","CHINATELECOM Jiangsu Suqian IDC network",""
"137811","src_asn_isp_","BeeTel",""
"137818","src_asn_isp_","Panay Telephone",""
"137853","src_asn_isp_","TELNET Cambodia",""
"137872","src_asn_isp_","China Mobile Hong Kong AS137872",""
"137967","src_asn_isp_","Stardust Telecom",""
"138088","src_asn_isp_","GRATELINDO-AS-ID",""
"138102","src_asn_isp_","Baraya",""
"138166","src_asn_isp_","Mascots Myanmar",""
"138169","src_asn_isp_","China Telecom",""
"138179","src_asn_isp_","PACIFIC MOBILE TELECOM",""
"138199","src_asn_isp_","TRANSATEL ASIE",""
"138221","src_asn_isp_","Ynet Telecom Solutions",""
"138257","src_asn_isp_","Gigatel Infocomm Pvt Ltd",""
"138384","src_asn_isp_","Rakuten Mobile",""
"138411","src_asn_isp_","Telnet Technoinfra Pvt Ltd",""
"138720","src_asn_isp_","Sudhana Telecommunications Private Limited",""
"138734","src_asn_isp_","B FIBERNET",""
"138751","src_asn_isp_","Anodic Telenetwork Private Limited",""
"138766","src_asn_isp_","Parth Telcom And It Solution",""
"138824","src_asn_isp_","Gemilang Jaya Elektrindo",""
"138828","src_asn_isp_","TELIO INTI NUSA",""
"138854","src_asn_isp_","Inter Medialink Solusi",""
"138955","src_asn_isp_","Brisktel Private Limited",""
"138958","src_asn_isp_","Tandag Electric & Telephone Company",""
"139034","src_asn_isp_","Sattelite Plus Incorporated",""
"139204","src_asn_isp_","RACITELCOM Inc.",""
"139226","src_asn_isp_","Brother Telecom (Cambodia) co. Ltd.",""
"139325","src_asn_isp_","IQ-TEL",""
"139382","src_asn_isp_","Multi Teknologi Telematika",""
"139438","src_asn_isp_","PT Pembangunan Sarana Telematika",""
"139473","src_asn_isp_","Shebatel Network Ltd",""
"139490","src_asn_isp_","Aspt Networks",""
"139506","src_asn_isp_","Uniqe Telecare Pvt Ltd",""
"139515","src_asn_isp_","ZITA",""
"139529","src_asn_isp_","Fastcom Telelink Pvt. Ltd.",""
"139530","src_asn_isp_","Skyair Telecom Private Limited",""
"139547","src_asn_isp_","Vimitel Network",""
"139555","src_asn_isp_","ABROCOMM-AS-IN",""
"139560","src_asn_isp_","PATEL INTERNET",""
"139587","src_asn_isp_","China Telecom Henan Zhengzhou Shujugang IDC network",""
"139591","src_asn_isp_","CAT Telecom Public Company Limited 13th CAT TELECOM TOWER NEW ROAD SRIPHRAYA BANGRAK BANGKOK THAILAND",""
"139622","src_asn_isp_","QUE TEL BD",""
"139628","src_asn_isp_","Mega TrueNET",""
"139647","src_asn_isp_","Alpha Sattelite Network",""
"139692","src_asn_isp_","CHEN GUANG COMPANY LIMITED",""
"139752","src_asn_isp_","Multinetwork Cable Television",""
"139759","src_asn_isp_","FSMTC - AS139759",""
"139820","src_asn_isp_","HG TELECOMMUNICATION PRIVATE LIMITED",""
"139826","src_asn_isp_","MAA Telecom",""
"139831","src_asn_isp_","DITO Telecommunity Corporation",""
"139835","src_asn_isp_","Puspita Telecom",""
"139901","src_asn_isp_","Startrek Telecom Ltd.",""
"139925","src_asn_isp_","SharkNet Telecom Pvt. Ltd.",""
"139994","src_asn_isp_","XLSmart AS139994",""
"139997","src_asn_isp_","Wortel",""
"140061","src_asn_isp_","Qinghai Telecom",""
"140083","src_asn_isp_","China Telecom",""
"140084","src_asn_isp_","Sinthia Telecom",""
"140105","src_asn_isp_","Shaanxi Mobile Communication Company Limited",""
"140174","src_asn_isp_","Mithril Telecommunications",""
"140201","src_asn_isp_","Rtel Internet Services",""
"140220","src_asn_isp_","Sky Network Television Ltd",""
"140292","src_asn_isp_","CHINATELECOM Jiangsu province Suzhou 5G network",""
"140293","src_asn_isp_","CHINATELECOM Jiangsu province Changzhou 5G network",""
"140308","src_asn_isp_","CHINATELECOM Guangdong province Zhuhai 5G network",""
"140345","src_asn_isp_","CHINATELECOM Yunnan province Shengji 5G network",""
"140394","src_asn_isp_","DIREKTORAT JENDERAL KEKAYAAN INTELEKTUAL KEMENTERIAN HUKUM DAN HAM REPUBLIK INDONESIA",""
"140485","src_asn_isp_","CHINATELECOM ZHEJIANG province HANGZHOU 5GC network",""
"140499","src_asn_isp_","Khan Telecommunications",""
"140527","src_asn_isp_","China Telecom",""
"140632","src_asn_isp_","NET SATELLITE",""
"140636","src_asn_isp_","China Telecom",""
"140638","src_asn_isp_","China Telecom",""
"140745","src_asn_isp_","VINTEK-AS-VN",""
"140762","src_asn_isp_","Vinh Railway Signalling - Telecom Joint Stock Company",""
"140766","src_asn_isp_","FPT Telecom Company",""
"140813","src_asn_isp_","DIGITAL SOLUTION AND TELECOMMUNICATIONS SERVICE JOINT STOCK COMPANY",""
"140903","src_asn_isp_","CHINA TELECOM",""
"141014","src_asn_isp_","Balaji Teleworks Development Pvt Ltd",""
"141015","src_asn_isp_","Myanmar Link Telecommunication",""
"141087","src_asn_isp_","PT Karya Panca Telekomunikasi",""
"141146","src_asn_isp_","Indonesia Telekomunikasi Teknologi",""
"141269","src_asn_isp_","Fast Net Telecommunications Private Limited",""
"141285","src_asn_isp_","Octel Network",""
"141347","src_asn_isp_","7Star Telecom",""
"141395","src_asn_isp_","netElastic Technologies",""
"141509","src_asn_isp_","Uteleservices",""
"141596","src_asn_isp_","Wistel Teknologi Solusi",""
"141618","src_asn_isp_","ACT Communications",""
"141679","src_asn_isp_","China Telecom Beijing Tianjin Hebei Big Data Industry Park Branch",""
"141688","src_asn_isp_","Telangana Fiber Grid",""
"141709","src_asn_isp_","Clare Cable TeleVision",""
"141739","src_asn_isp_","China Telecom",""
"141761","src_asn_isp_","Starchain Telecom Co.",""
"141771","src_asn_isp_","China Telecom",""
"141799","src_asn_isp_","INDTEL",""
"141804","src_asn_isp_","Em-cyberspace Services",""
"141813","src_asn_isp_","Enfinity Infotel",""
"141820","src_asn_isp_","Digital Telecom",""
"141834","src_asn_isp_","Neolog Online Services",""
"141870","src_asn_isp_","GV REDDY BROADBAND SERVICES",""
"141889","src_asn_isp_","SIMTEL",""
"141898","src_asn_isp_","Milenial Inti Telekomunikasi",""
"141902","src_asn_isp_","Jawa Provider Telematika",""
"141983","src_asn_isp_","Rajeg Media Telekomunikasi",""
"141998","src_asn_isp_","China Telecom",""
"142063","src_asn_isp_","Grand Tel",""
"142319","src_asn_isp_","Telemedia Komunikasi Pratama",""
"142332","src_asn_isp_","PT Telekomunikasi Internet Indonesia",""
"142381","src_asn_isp_","Mactel",""
"142404","src_asn_isp_","China Telecom",""
"142445","src_asn_isp_","WAVENET INFRATEL PRIVATE LIMITED",""
"142453","src_asn_isp_","Jetway",""
"142459","src_asn_isp_","Aeertel Fibernet Telecom",""
"142477","src_asn_isp_","NIVID TELECOM INDIA PRIVATE LIMITED",""
"142513","src_asn_isp_","LEVOTEL BIGNET SOLUTIONS PVT LTD",""
"142534","src_asn_isp_","FUTURENET TELECOM PRIVATE LIMITED",""
"142608","src_asn_isp_","China Telecom",""
"142618","src_asn_isp_","GH Telecom",""
"146890","src_asn_isp_","SHARVA TELENET",""
"146945","src_asn_isp_","HINDAVI TELECOM PRIVATE LIMITED",""
"146956","src_asn_isp_","Hamid Electronics and Automobiles",""
"146966","src_asn_isp_","China Telecom",""
"147003","src_asn_isp_","ALLIANCE INTELLIGENT TECHNOLOGIES PTE. LTD.",""
"147038","src_asn_isp_","China Telecom",""
"147042","src_asn_isp_","Panabo Satellite Cable Television",""
"147121","src_asn_isp_","PT Marva Global Telekomunikasi",""
"147142","src_asn_isp_","TELENUSA",""
"147194","src_asn_isp_","DEVCHAND TELESOFT",""
"147221","src_asn_isp_","INSPITELE SOLUTIONS PRIVATE LIMITED",""
"148981","src_asn_isp_","China Telecom",""
"149118","src_asn_isp_","3S Viet Nam Technology Joint Stock Company",""
"149178","src_asn_isp_","China Telecom",""
"149194","src_asn_isp_","Airtel Digital Limited",""
"149217","src_asn_isp_","REETEL BROADBAND",""
"149226","src_asn_isp_","Tiyatel Communications Private Limited",""
"149240","src_asn_isp_","Megatel Networks Private Limited",""
"149267","src_asn_isp_","TELEMANTRRA SALES CORPORATION PRIVATE LIMITED",""
"149357","src_asn_isp_","Ultra Mandiri Telekomunikasi",""
"149360","src_asn_isp_","Indo Telemedia Solusi",""
"149422","src_asn_isp_","VYBETELECOM",""
"149526","src_asn_isp_","GITELENET",""
"149558","src_asn_isp_","SINGH TELEVENTURES",""
"149570","src_asn_isp_","Speech Tell Communication Private Limited",""
"149635","src_asn_isp_","BICOL TELEPHONE AND TELEGRAPH INC.",""
"149688","src_asn_isp_","IDNIC-SNT-AS-ID",""
"149802","src_asn_isp_","MT Cable Television Network",""
"149837","src_asn_isp_","China Telecom",""
"149873","src_asn_isp_","MOBILECARE",""
"149883","src_asn_isp_","Tekling Media Telematika",""
"149897","src_asn_isp_","Amanusa Telemedia Mahardika - TARANET",""
"149972","src_asn_isp_","PT Salingka Telekomunikasi Nusantara",""
"150045","src_asn_isp_","Metanet Telecommunications India Opc Pvt Ltd",""
"150070","src_asn_isp_","SPIRETEL TECHNOLOGIES PRIVATE LIMITED",""
"150096","src_asn_isp_","GEFO TELESERVICES INDIA",""
"150099","src_asn_isp_","SPEED HEX TELE COMMUNICATIONS PVT LTD",""
"150108","src_asn_isp_","TeleHouse Pvt Ltd",""
"150129","src_asn_isp_","WaliTel",""
"150145","src_asn_isp_","China Telecom",""
"150191","src_asn_isp_","Sarana Intimedia Telematika",""
"150193","src_asn_isp_","Olean Permata Telematika",""
"150215","src_asn_isp_","IDNIC-EBTEL-AS-ID",""
"150245","src_asn_isp_","PT Sakti Media Telekomunikasi",""
"150249","src_asn_isp_","Atharva",""
"150265","src_asn_isp_","Rajawali Bintang Cemerlang Telkomedia",""
"150359","src_asn_isp_","Cable Television TOYAMA",""
"150371","src_asn_isp_","Pace Telecom and Brodcasting",""
"150549","src_asn_isp_","PT JKB Telematika Indonesia",""
"150555","src_asn_isp_","WIFIBANTER.NET",""
"150562","src_asn_isp_","NRH TELECOM PRIVATE LIMITED",""
"150576","src_asn_isp_","ZYETEK TELECOM",""
"150683","src_asn_isp_","Fasttel Broadband",""
"150806","src_asn_isp_","R. C. Yulo Telephone System Inc.",""
"150955","src_asn_isp_","IDNIC-MIT-INTEGRA-AS-ID",""
"150968","src_asn_isp_","JARTEL",""
"150998","src_asn_isp_","PT Atmega Telecomindo Nusantara",""
"151045","src_asn_isp_","Yae Telecom (HKG)",""
"151060","src_asn_isp_","Telewire Communications",""
"151122","src_asn_isp_","Kp Infratel Network",""
"151125","src_asn_isp_","LINKTEL-AS-IN",""
"151176","src_asn_isp_","TELDROPS IT NETWORK SERVICES",""
"151185","src_asn_isp_","China Telecom",""
"151333","src_asn_isp_","ASCON TEL (PRIVATE) LIMITED",""
"151408","src_asn_isp_","FIL-AS-AP",""
"151531","src_asn_isp_","DATELINDO",""
"151583","src_asn_isp_","Satelit Global Media",""
"151590","src_asn_isp_","PT Pandawa Global Telematika",""
"151653","src_asn_isp_","General Telephone System",""
"151678","src_asn_isp_","Iriga Telephone Company Inc.",""
"151707","src_asn_isp_","Ethen Teleinfra Private Limited",""
"151732","src_asn_isp_","Onremote Telecom",""
"151749","src_asn_isp_","Virtel Communications Private Limited",""
"151798","src_asn_isp_","SmartLink Telecommunications Private Limited",""
"151823","src_asn_isp_","China Telecom",""
"151995","src_asn_isp_","PT Wifipedia Sinergi Telematika",""
"152017","src_asn_isp_","PT Digtel Tech Solutions",""
"152079","src_asn_isp_","PT Meta Telekomunikasi Asia",""
"152379","src_asn_isp_","PT Fiberindo Telco Persada",""
"152436","src_asn_isp_","IDNIC-ERATELINDO-AS-ID",""
"152438","src_asn_isp_","BTELID",""
"152490","src_asn_isp_","WESTERNEDGE TELECOMMUNICATIONS PRIVATE LIMITED",""
"152525","src_asn_isp_","Jetsys Telelink Opc Private Limited",""
"152830","src_asn_isp_","IDNIC-EXATEL-AS-ID",""
"153073","src_asn_isp_","PT KANAL TELU MULTITEKNOLOGI",""
"153087","src_asn_isp_","PT Telemedia Prima Nusantara - AS153087",""
"153228","src_asn_isp_","WEBTEL ENTERPRISE SOLUTIONS PRIVATE LIMITED",""
"153233","src_asn_isp_","TOSHAM1-AS-IN",""
"153277","src_asn_isp_","FEATHERS TELECOM SERVICES PRIVATE LIMITED",""
"153335","src_asn_isp_","STARFAX TELECOMMUNICATIONS",""
"153526","src_asn_isp_","Laos Mobile",""
"153557","src_asn_isp_","Shamal Telecome Company",""
"154026","src_asn_isp_","AS SAI COMMUNICATION SERVICES PRIVATE LIMITED",""
"196638","src_asn_isp_","PJSC Promtelecom",""
"196730","src_asn_isp_","TELSAT.TV Sp. z o.o.",""
"196740","src_asn_isp_","Telelan-AS",""
"196797","src_asn_isp_","Joint Stock Company TransTeleCom",""
"196838","src_asn_isp_","'Albanian Satellite Communications' sh.p.k.",""
"196854","src_asn_isp_","ISATEL",""
"196874","src_asn_isp_","Telenet S.r.l.",""
"196921","src_asn_isp_","Wireless Mobile Data Company",""
"196925","src_asn_isp_","Azertelecom",""
"196927","src_asn_isp_","Regionalna Telewizja Kablowa Spolka Jawna L.Iwanski i Wspolnicy",""
"196938","src_asn_isp_","Krastelecom",""
"196961","src_asn_isp_","Teleport LLC",""
"196994","src_asn_isp_","Telekomunikacja Wschod",""
"197013","src_asn_isp_","Sprintel s.r.o.",""
"197064","src_asn_isp_","EmiTel S.A.",""
"197074","src_asn_isp_","Regionalnye Telesystemy Ltd.",""
"197113","src_asn_isp_","LCS Systemy Teleinformatyczne",""
"197131","src_asn_isp_","Ketnet Telecom Ltd",""
"197156","src_asn_isp_","Petit Telecom",""
"197204","src_asn_isp_","Telemaks",""
"197207","src_asn_isp_","Mobile Communication Company of Iran",""
"197217","src_asn_isp_","Shentel",""
"197221","src_asn_isp_","Beetec Telekom",""
"197235","src_asn_isp_","Avantel Samara",""
"197255","src_asn_isp_","ZAT Televizijni kabelni merezhi Vsesvit",""
"197275","src_asn_isp_","ASLINKTELECOMNN",""
"197298","src_asn_isp_","MST LLC",""
"197311","src_asn_isp_","Juzhnye telefonnye seti Ltd",""
"197336","src_asn_isp_","TEL-KAB Sp. z o.o.",""
"197349","src_asn_isp_","IDALGO TELECOM",""
"197364","src_asn_isp_","Privately Owned Enterprise Industrial Commerce Company 'Raleda'",""
"197394","src_asn_isp_","Telecommunications 21 century LLC",""
"197423","src_asn_isp_","Jotel d.o.o.",""
"197447","src_asn_isp_","ITTMEDIA telecom Marcin Lubelski",""
"197453","src_asn_isp_","Biz Telecom LLC",""
"197470","src_asn_isp_","TELE-TV d.o.o.",""
"197503","src_asn_isp_","Sptelek",""
"197564","src_asn_isp_","INTERNETSTIFTELSEN",""
"197567","src_asn_isp_","Telekom-Servis Ltd.",""
"197577","src_asn_isp_","KomTelecom LLC",""
"197632","src_asn_isp_","Liral-Telecom Ltd",""
"197663","src_asn_isp_","POLANS telekomunikacijske storitve d.o.o.",""
"197707","src_asn_isp_","Collective telephone company 'Veco' Ltd.",""
"197734","src_asn_isp_","Stowarzyszenie Telewizji Kablowej TV-SAT Teofilow C",""
"197786","src_asn_isp_","Telefonnyie seti Ltd.",""
"197831","src_asn_isp_","Telekom Ltd",""
"197862","src_asn_isp_","Netfone Telecom Tavkozlesi es Szolgaltato KFT",""
"197883","src_asn_isp_","Serinya Telecom",""
"197897","src_asn_isp_","5KOM OOD",""
"197967","src_asn_isp_","PP 'TELE-KOM'",""
"197968","src_asn_isp_","Comfortel Ltd.",""
"197971","src_asn_isp_","Inet Telecom Ltd.",""
"198056","src_asn_isp_","TeleOka Kom Ltd.",""
"198089","src_asn_isp_","IP Visie Networking",""
"198183","src_asn_isp_","Nawand Telecom Ltd./private company",""
"198193","src_asn_isp_","Television por Cable Santa Pola",""
"198225","src_asn_isp_","MDDSL",""
"198227","src_asn_isp_","New Telecom Ukraine",""
"198228","src_asn_isp_","Silistra TV",""
"198232","src_asn_isp_","ZAKLAD TELEWIZJI KABLOWEJ 'TELE-KAB' MARIANNA GRYGA HENRYK SMYREK S.C.",""
"198279","src_asn_isp_","Albanian Telecommunications Union",""
"198295","src_asn_isp_","JSC 'ER-Telecom Holding'",""
"198335","src_asn_isp_","TRANSATEL EUROPE",""
"198355","src_asn_isp_","I.T.M. Instalaciones y Mantenimiento de Telecomunicaciones S.L.",""
"198367","src_asn_isp_","ASINKOTEL",""
"198381","src_asn_isp_","Star Satellite Communications Company - PJSC",""
"198388","src_asn_isp_","Zastrahovatelna Kompania Lev Ins AD",""
"198404","src_asn_isp_","RENTEL WIFI S.L.",""
"198454","src_asn_isp_","SISTEC TELECOM",""
"198504","src_asn_isp_","Star Satellite Communications Company - PJSC",""
"198507","src_asn_isp_","Quantic Telecom",""
"198541","src_asn_isp_","Intercomtel-as MTT segment",""
"198551","src_asn_isp_","Societe Atlantique de Telephonie et Communication SARL",""
"198632","src_asn_isp_","Telia Eesti AS",""
"198662","src_asn_isp_","IREMNET TELEKOMUNIKASYON TEKNOLOJI SAN ve TIC LTD STI",""
"198791","src_asn_isp_","Ekran-Telecom LLC",""
"198803","src_asn_isp_","Allonstelefonstroy LLP",""
"198890","src_asn_isp_","Albanian Fiber Telecommunications",""
"198950","src_asn_isp_","Telenet Systems GmbH",""
"198967","src_asn_isp_","BITel",""
"198977","src_asn_isp_","UnArtel s.r.o.",""
"199276","src_asn_isp_","Tele.co.Albania Sh.p.k",""
"199290","src_asn_isp_","MOWITEL",""
"199356","src_asn_isp_","Tellion",""
"199375","src_asn_isp_","Service 800 Teleperformance Single Member S.A.",""
"199421","src_asn_isp_","MTI Teleport",""
"199493","src_asn_isp_","TELEKOM SRBIJA a.d.",""
"199565","src_asn_isp_","O TELEKOMUNIKACIJE d.o.o.",""
"199585","src_asn_isp_","TELNET Ropczyce Sp. z o.o.",""
"199599","src_asn_isp_","Telecom-Birzha",""
"199669","src_asn_isp_","ATLEX.RU",""
"199713","src_asn_isp_","MLL Telecom",""
"199715","src_asn_isp_","MSI Telekom Sp. z o.o. Sp. k.",""
"199725","src_asn_isp_","MediaMobil Communication GmbH",""
"199730","src_asn_isp_","MS-TELECOM LLC",""
"199739","src_asn_isp_","Earthlink Telecommunications Equipment Trading & Services DMCC",""
"199782","src_asn_isp_","Teletime Ltd.",""
"199809","src_asn_isp_","Maxtel LLC",""
"199919","src_asn_isp_","FOX TELECOM INTERNET S.L.",""
"199952","src_asn_isp_","Television Costa Blanca S.L.",""
"199995","src_asn_isp_","Omega Telecom",""
"200002","src_asn_isp_","Verimek Telekomunikasyon San Ve Tic. Ltd. Sti.",""
"200064","src_asn_isp_","Red digital de telecomunicaciones de las islas baleares",""
"200072","src_asn_isp_","Gestel Teleservice 2000 S.L.",""
"200093","src_asn_isp_","Deutsche Telekom MMS GmbH",""
"200100","src_asn_isp_","T&T Tecnologie e Telecomunicazioni Srl",""
"200218","src_asn_isp_","Tvoy Novy Telecom LLP",""
"200290","src_asn_isp_","AVATEL TELECOM SA",""
"200345","src_asn_isp_","SAMTEL NETWORK SRL",""
"200387","src_asn_isp_","Tele puerto real SL",""
"200491","src_asn_isp_","goetel GmbH",""
"200519","src_asn_isp_","fiberONE.de",""
"200539","src_asn_isp_","INTELLY",""
"200555","src_asn_isp_","WiFi Canarias de Telecomunicaciones y Fibra SL",""
"200635","src_asn_isp_","pragmatel s.r.o.",""
"200689","src_asn_isp_","TELEIMPIANTI",""
"200724","src_asn_isp_","MTEL Austrija GmbH",""
"200729","src_asn_isp_","AzInTelecom LLC",""
"200738","src_asn_isp_","FIBRAWORLD TELECOM S.A.U. AS200738",""
"200799","src_asn_isp_","SILTEL TELECOMUNICAZIONI SRL",""
"200810","src_asn_isp_","CONECTA 3 TELECOM",""
"200845","src_asn_isp_","Avatel Telecom",""
"200893","src_asn_isp_","Telekomunikacja Zwiazku Gmin Ziemi Wielunskiej S.A.",""
"200920","src_asn_isp_","IT Partners Telco Sp. z o.o.",""
"200922","src_asn_isp_","Yug-Telecom Ltd.",""
"200923","src_asn_isp_","SAMOSTALNA RADNJA ZA TELEKOMUNIKACIJE EWIRELESS IGOR STOJKOVIC PR INDIJA",""
"200988","src_asn_isp_","Bridge Telecom LLC",""
"201004","src_asn_isp_","GlobalTT",""
"201041","src_asn_isp_","Obltelecom LLC",""
"201060","src_asn_isp_","SNETTERTON TELECOM LIMITED",""
"201109","src_asn_isp_","BIVID TELECOM SL",""
"201147","src_asn_isp_","DAGSVYAZ TELECOM",""
"201167","src_asn_isp_","Caspian Telecom",""
"201178","src_asn_isp_","Euronet Telekomunikasyon",""
"201179","src_asn_isp_","Teraline Telecom",""
"201183","src_asn_isp_","VoipTel Italia",""
"201211","src_asn_isp_","LLC 'Tvoi Telecom'",""
"201285","src_asn_isp_","Kirzhachtelecom LLC",""
"201296","src_asn_isp_","Proftelecom-Service Ltd",""
"201328","src_asn_isp_","Telewizja Kablowa Kolobrzeg Agencja Uslugowo - Reklamowa sp. z o.o.",""
"201337","src_asn_isp_","AVATEL TELECOM SA",""
"201427","src_asn_isp_","M2M Uslugi Teleinformatyczne",""
"201466","src_asn_isp_","Xarxes de Telecomunicacions Alternatives SL",""
"201540","src_asn_isp_","Pishgaman Toseeh Fanavari Etelaat Va Ertebatat Jonoub (Joint Stock Company)",""
"201626","src_asn_isp_","Podillia-hotel PJSC",""
"201641","src_asn_isp_","Sveriges Television AB",""
"201691","src_asn_isp_","Fannavari Etelaate Samane Kavoshgar Ide Ltd.",""
"201704","src_asn_isp_","VALL DE SOLLER TELECOMUNICACIONS SLU",""
"201719","src_asn_isp_","Teleklik",""
"201748","src_asn_isp_","INFOTELECOM NETWORKS SL",""
"201767","src_asn_isp_","'Uzbektelekom' Joint Stock Company",""
"201786","src_asn_isp_","Comline",""
"201826","src_asn_isp_","LLC eratelecom company",""
"201843","src_asn_isp_","IBERSONTEL",""
"201860","src_asn_isp_","MyTelco Ltd",""
"201952","src_asn_isp_","LTD AtelRybinsk",""
"201966","src_asn_isp_","OptiKabel Telecom",""
"202011","src_asn_isp_","ENPLUS TELECOM",""
"202023","src_asn_isp_","Only",""
"202047","src_asn_isp_","BREAK FREE TELECOM SL",""
"202074","src_asn_isp_","Link Telecomunicazioni SRL",""
"202103","src_asn_isp_","Gigatel",""
"202112","src_asn_isp_","TELMACO",""
"202125","src_asn_isp_","ACACIO SERVICIOS TELEMATICOS S.L.",""
"202170","src_asn_isp_","DSTELECOM S.A.",""
"202173","src_asn_isp_","MaximaTelecom Moscow",""
"202175","src_asn_isp_","'Uzbektelekom' Joint Stock Company",""
"202208","src_asn_isp_","teutel GmbH",""
"202279","src_asn_isp_","STATE UNITARY ENTERPRISE OF THE DONETSK PEOPLE'S REPUBLIC 'REPUBLICAN TELECOMMUNICATIONS OPERATOR'",""
"202289","src_asn_isp_","Lovitel LLC",""
"202352","src_asn_isp_","CONECTA 3 TELECOM S.L.",""
"202371","src_asn_isp_","ZAL Network S.r.l.",""
"202382","src_asn_isp_","HYTEL",""
"202440","src_asn_isp_","Comunicaciones Opticas Waditel S.L.",""
"202483","src_asn_isp_","PP Teleradiocompany 'KRAFT'",""
"202491","src_asn_isp_","WINET TELECOM SL",""
"202498","src_asn_isp_","TInkoff Mobile",""
"202561","src_asn_isp_","High Speed Telekomunikasyon",""
"202654","src_asn_isp_","Acerko Telecom S.L.",""
"202660","src_asn_isp_","'Uzbektelekom' Joint Stock Company",""
"202717","src_asn_isp_","TELESET LLC",""
"202805","src_asn_isp_","I-TEL",""
"202813","src_asn_isp_","Liberatel Comunicaciones",""
"202825","src_asn_isp_","NEAR TELECOM S.L.",""
"202844","src_asn_isp_","Airsip telecomunicaciones S.L",""
"202883","src_asn_isp_","FATEN FACILITIES ENERGY TELECOM S.L.",""
"202999","src_asn_isp_","Vostok Telecom LLC",""
"203052","src_asn_isp_","Teletek 5060",""
"203088","src_asn_isp_","Slavtelecom LLC",""
"203183","src_asn_isp_","FOBOS TELECOM",""
"203187","src_asn_isp_","WGR TELECOMUNICACIONES VALLE DE LOS PEDROCHES SA",""
"203198","src_asn_isp_","PP Telecommunication systems Grado",""
"203208","src_asn_isp_","Czech Telecommunication Office",""
"203214","src_asn_isp_","Hulum Almustakbal",""
"203324","src_asn_isp_","JetTelecom sistemas S.L.",""
"203389","src_asn_isp_","Telewizaja Kablowa BART-SAT",""
"203408","src_asn_isp_","Zaklad Budownictwa Liniowego TELBIAL Sp z o.o.",""
"203441","src_asn_isp_","Mittelrhein-Verlag GmbH",""
"203447","src_asn_isp_","Miratel Ltd",""
"203451","src_asn_isp_","K-telekom LLC",""
"203481","src_asn_isp_","AstanaMegatel Ltd.",""
"203503","src_asn_isp_","TICAE TELECOM",""
"203540","src_asn_isp_","Witel Srl",""
"203561","src_asn_isp_","KTK TELECOM LLC",""
"203587","src_asn_isp_","Antvvifi Bilisim ve Telekomunikasyon Hiz. San. ve Ticaret LTD STI",""
"203593","src_asn_isp_","TeleMark",""
"203600","src_asn_isp_","VIVAFIBRA TELECOMUNICACIONES S.L.",""
"203628","src_asn_isp_","Televoice Polska",""
"203657","src_asn_isp_","SAKNET BILISIM TELEKOMUNIKASYON SAN. TIC. LTD.STI.",""
"203658","src_asn_isp_","Marcin Jan Peszel trading as TELENETIKS",""
"203672","src_asn_isp_","Telefonica Servizi srl",""
"203712","src_asn_isp_","XARTIC",""
"203788","src_asn_isp_","Telnect",""
"203835","src_asn_isp_","SAMBATEL CONSULTING SL",""
"203877","src_asn_isp_","Astra Telekom",""
"203895","src_asn_isp_","Pardazeshgaran Etelat Zaban Layeha Co Ltd",""
"203936","src_asn_isp_","Iberwix Telecom",""
"203937","src_asn_isp_","CYFROTEL SPOLKA JAWNA MARIUSZ ULIDOWSKI MAREK BZDZIUCH",""
"203964","src_asn_isp_","4Tel Telekomunikacije",""
"203995","src_asn_isp_","Lyse Tele AS",""
"204020","src_asn_isp_","Fenice Telekom Grupa",""
"204026","src_asn_isp_","Szatmar-Telekom Kft.",""
"204041","src_asn_isp_","Citytelecom LLC",""
"204062","src_asn_isp_","ETELECOM SEGRIA SL",""
"204106","src_asn_isp_","Babilon-Mobile",""
"204137","src_asn_isp_","Orion Telecom Irkutsk",""
"204153","src_asn_isp_","LLC 'Telekonika'",""
"204172","src_asn_isp_","TTC TELEKOMUNIKACE s.r.o.",""
"204177","src_asn_isp_","CVS Mobile informacijske resitve d.d.",""
"204188","src_asn_isp_","ITSG",""
"204276","src_asn_isp_","Eutelsat Networks LLC",""
"204297","src_asn_isp_","LLC ' Belgorod Networking Telecommunication Company'",""
"204309","src_asn_isp_","C.Company",""
"204320","src_asn_isp_","goetel GmbH",""
"204348","src_asn_isp_","REKORNET",""
"204350","src_asn_isp_","Ipboom Telecom LLC",""
"204379","src_asn_isp_","INNOVIA SICUREZZA INFORMATICA E TELECOMUNICAZIONI SRL",""
"204445","src_asn_isp_","DB Systel GmbH",""
"204457","src_asn_isp_","Atlantis Telekomünikasyon bil. hizm. san.tic.ltd.şti.",""
"204461","src_asn_isp_","VITELECOM LLC",""
"204490","src_asn_isp_","Kontel LLC",""
"204564","src_asn_isp_","LLC 'Mir Mitino Telecom'",""
"204581","src_asn_isp_","MOVIMIENTO TELEVISIVO S.A.",""
"204694","src_asn_isp_","ISCHIA TELECOMUNICAZIONI S.R.L.",""
"204735","src_asn_isp_","Bobr-Telecom LLC",""
"204736","src_asn_isp_","Nida Telekomunikasyon Hizmetleri A.S",""
"204774","src_asn_isp_","SISTEL ALMANZORA S.L.",""
"204797","src_asn_isp_","Jamitel sp. z o.o.",""
"204798","src_asn_isp_","Max Link Company",""
"204811","src_asn_isp_","ZINNIA TELECOMUNICACIONES SL.",""
"204814","src_asn_isp_","LB Annatel LTD",""
"204861","src_asn_isp_","Codisa Telco Solutions",""
"204929","src_asn_isp_","Television Telephony Internet of Ukraine Ltd.",""
"204986","src_asn_isp_","Sparktel LLC",""
"204996","src_asn_isp_","Telemix AS",""
"205119","src_asn_isp_","TELEKS DOOEL Skopje",""
"205166","src_asn_isp_","Mobile Links Europe",""
"205191","src_asn_isp_","InstelNET Telecomunicaciones",""
"205201","src_asn_isp_","Public Service Media Radio Television of Serbia",""
"205249","src_asn_isp_","telenetwork AG",""
"205270","src_asn_isp_","FIBROPTIC CAT TELECOM SL",""
"205471","src_asn_isp_","Telephone Network of Ashgabat City CJSC",""
"205495","src_asn_isp_","OOO 'L-Telecom'",""
"205515","src_asn_isp_","Telecommunication Systems LLC",""
"205553","src_asn_isp_","Magistral_Telecom",""
"205565","src_asn_isp_","Base Telecommunications LLP",""
"205570","src_asn_isp_","SIBANET",""
"205624","src_asn_isp_","Telecomunicaciones Publicas Andaluzas S.L. AIRENETWORK",""
"205638","src_asn_isp_","T-Mobile",""
"205657","src_asn_isp_","Golitsyno Telecom Ltd",""
"205673","src_asn_isp_","Lanet-kvo",""
"205714","src_asn_isp_","Telemach Croatia",""
"205715","src_asn_isp_","Fitel Network",""
"205741","src_asn_isp_","Mitteldeutsche IT GmbH",""
"205784","src_asn_isp_","NV Telecom",""
"205800","src_asn_isp_","Steps Telecom",""
"205852","src_asn_isp_","ISTTELKOM ISTANBUL ELEKTRONIK HABERLESME VE ALTYAPI HIZMETLERI SANAYI VE TICARET ANONIM SIRKETI",""
"205893","src_asn_isp_","WIFI TELEKOM",""
"205898","src_asn_isp_","TELEVISION CABLE DIGITAL S.L.",""
"205953","src_asn_isp_","NAZNET Bilisim ve Telekomunikasyon Elektronik Haberlesme Hiz. ith. ihr. San. ve Tic. Ltd. sti.",""
"205981","src_asn_isp_","FIBRAWORLD TELECOM S.A.U.",""
"205998","src_asn_isp_","Skytel Russia",""
"206026","src_asn_isp_","Kar-Tel LLC",""
"206066","src_asn_isp_","Teledom LLC",""
"206077","src_asn_isp_","Lecrin Television S.L.",""
"206089","src_asn_isp_","Telecolanza",""
"206094","src_asn_isp_","TELBESKID Sp. z o.o.",""
"206119","src_asn_isp_","Veganet-Telekom",""
"206163","src_asn_isp_","TBTNET",""
"206206","src_asn_isp_","KNET",""
"206262","src_asn_isp_","TelKos",""
"206276","src_asn_isp_","Citelia",""
"206280","src_asn_isp_","Redes Telecomunicaciones Certificaciones Canarias S.L.",""
"206298","src_asn_isp_","RKM Regional Kabel TV Moelltal und Telekommunikation GmbH",""
"206318","src_asn_isp_","CAST-TELECOM SL",""
"206346","src_asn_isp_","'Pan Telecom' EOOD",""
"206366","src_asn_isp_","Rural Telecom",""
"206369","src_asn_isp_","ASTELEKOM",""
"206385","src_asn_isp_","OOO 'SPETSTELECOM-YUG'",""
"206430","src_asn_isp_","INFOTEC TECNOLOGIA INTEGRAL Y TELECOMUNICACIONES SL",""
"206438","src_asn_isp_","MX-NET Telekomunikace s.r.o.",""
"206448","src_asn_isp_","LLC 'SouthTransTelecom'",""
"206481","src_asn_isp_","Anmaguzcer Telecomunicaciones S.L.U",""
"206539","src_asn_isp_","HelloTel",""
"206557","src_asn_isp_","ELTELE",""
"206579","src_asn_isp_","Hrubieszowska Telewizja Kablowa (HTK)",""
"206660","src_asn_isp_","sphere-telecom",""
"206661","src_asn_isp_","JSC 'ER-Telecom Holding'",""
"206674","src_asn_isp_","Telecentrum",""
"206713","src_asn_isp_","France Televisions SA",""
"206737","src_asn_isp_","IschiaWifi",""
"206756","src_asn_isp_","Beltelecom LLC",""
"206757","src_asn_isp_","FIBROPTIC CAT TELECOM SL",""
"206772","src_asn_isp_","RJK Multimedia Shop",""
"206791","src_asn_isp_","Slobozhenyuk B.Y. PE",""
"206807","src_asn_isp_","DEL-INTERNET TELECOM",""
"206810","src_asn_isp_","UGLETELECOM",""
"206866","src_asn_isp_","Gartel",""
"206891","src_asn_isp_","Kanton Luzern Dienststelle Informatik",""
"206943","src_asn_isp_","EANCENTER TELECOM LLC",""
"206988","src_asn_isp_","Argosid Network",""
"207044","src_asn_isp_","Enet Telecommunications Networks Limited",""
"207050","src_asn_isp_","FIBRAWORLD TELECOM S.A.U.",""
"207073","src_asn_isp_","TELENET.PL",""
"207136","src_asn_isp_","AUREA ENERGIA Y TELECOMUNICACIONES S.L.",""
"207198","src_asn_isp_","Kabelova televize Koprivnice s.r.o.",""
"207234","src_asn_isp_","Mobile Breitbandnetze GmbH",""
"207348","src_asn_isp_","Tehnoline Telekom d.o.o.",""
"207369","src_asn_isp_","Skynet Telecom LLC",""
"207405","src_asn_isp_","Tetratel Comunicaciones SLU",""
"207462","src_asn_isp_","G7Telecom",""
"207547","src_asn_isp_","Svyaztelecom LLC",""
"207617","src_asn_isp_","ELMA TELEKOMUNIKASYON SAN.TIC.LTD.STI.",""
"207693","src_asn_isp_","Telekabel Ltd.",""
"207766","src_asn_isp_","MTEL DOOEL Skopje",""
"207883","src_asn_isp_","LLC KPD-TELECOM",""
"207922","src_asn_isp_","AZETEL LLC",""
"207952","src_asn_isp_","ET-AS",""
"207987","src_asn_isp_","EM SISTEMAS INFORMATICOS Y TELECOMUNICACIONES DE MALLORCA SL",""
"208041","src_asn_isp_","INTERTELL",""
"208070","src_asn_isp_","TILYTEL B.",""
"208077","src_asn_isp_","AS",""
"208087","src_asn_isp_","Novosibirsk Telecommunication Company (Ulan Ude)",""
"208142","src_asn_isp_","LLC Rocket Telecom",""
"208149","src_asn_isp_","SKYTelecom",""
"208221","src_asn_isp_","Orion Telecom Bratsk",""
"208314","src_asn_isp_","Access Telecom Ltd.",""
"208324","src_asn_isp_","NBTEL Downstream",""
"208329","src_asn_isp_","Ceska televize",""
"208337","src_asn_isp_","TELEMANAPOLI",""
"208466","src_asn_isp_","eontelco",""
"208569","src_asn_isp_","NORVOZ",""
"208578","src_asn_isp_","Macrotel Italia",""
"208586","src_asn_isp_","Neotel 2000 S.L",""
"208594","src_asn_isp_","Netbone Telekomunikasyon AS208594",""
"208596","src_asn_isp_","Verimax Telecom SL",""
"208645","src_asn_isp_","LOOP21 Mobile Net GmbH",""
"208877","src_asn_isp_","Sistel Srl",""
"208879","src_asn_isp_","Teraline Telecom Ltd",""
"208905","src_asn_isp_","Tamares Telecom",""
"208909","src_asn_isp_","Gurbtec Iguana Telecom SL",""
"208932","src_asn_isp_","Teleglobal Services Limited",""
"208954","src_asn_isp_","UpiterTelecom",""
"208992","src_asn_isp_","Axatel",""
"209008","src_asn_isp_","UGTELECOM LLC",""
"209170","src_asn_isp_","NOVATELDIGITAL",""
"209206","src_asn_isp_","VORONEZH TELECOM LLC",""
"209229","src_asn_isp_","TELEVISION COMPANY 'RAI' LLC",""
"209255","src_asn_isp_","Telfax Communications",""
"209275","src_asn_isp_","NetmaxTR",""
"209284","src_asn_isp_","EGS-TELECOM.KALUGA LLC",""
"209344","src_asn_isp_","ENA Operador de Telecomunicaciones S.L.",""
"209360","src_asn_isp_","Bulud Telecom",""
"209367","src_asn_isp_","LLC HAPOTELE",""
"209372","src_asn_isp_","WS Telecom Inc",""
"209380","src_asn_isp_","Arat Telekominikasyon Tek. Bil.Hiz.San. ve Tic. Ltd.Sti",""
"209393","src_asn_isp_","OOO Dontel",""
"209400","src_asn_isp_","KurpfalzTEL",""
"209429","src_asn_isp_","Max Telekom s.r.o.",""
"209433","src_asn_isp_","COMTEL TOTAL-NETWORKS SRL",""
"209479","src_asn_isp_","GROUPE TELECOMS DE L OUEST SAS",""
"209492","src_asn_isp_","INFORMATICA Y TELECOMUNICACIONES SARRIA S.L.",""
"209604","src_asn_isp_","TWO E Telekom",""
"209627","src_asn_isp_","ARTELIA HOLDING SAS",""
"209688","src_asn_isp_","TELE RED S.A.",""
"209711","src_asn_isp_","MUV Bilisim ve Telekomunikasyon Hizmetleri Ltd. Sti.",""
"209728","src_asn_isp_","Expert Telecom LLC",""
"209759","src_asn_isp_","Moy Telecom LLC",""
"209791","src_asn_isp_","AREA WIFI TELECOM S.L.",""
"209835","src_asn_isp_","Avanza Fibra",""
"209956","src_asn_isp_","Telkoturk",""
"209992","src_asn_isp_","Telweb",""
"210021","src_asn_isp_","DIL Technology AS210021",""
"210063","src_asn_isp_","Company Telecom LLC",""
"210086","src_asn_isp_","NEXIA",""
"210104","src_asn_isp_","Wawtel",""
"210123","src_asn_isp_","Nubbitel",""
"210135","src_asn_isp_","Yug-Telecom-K Ltd.",""
"210178","src_asn_isp_","Skyfibernet Telekomunikasyon Internet ve Iletisim Hizmetleri Ticaret Limited Sirketi",""
"210264","src_asn_isp_","Gega Telecom",""
"210273","src_asn_isp_","Montazh Stroj Servis TOO",""
"210298","src_asn_isp_","K-net Telekommunikation GmbH",""
"210435","src_asn_isp_","STELS Networks LLP",""
"210472","src_asn_isp_","Parlem Telecom Companyia de Telecomunicacions SA",""
"210519","src_asn_isp_","ToshTeleQabul MChJ",""
"210593","src_asn_isp_","APROOP TELECOM S.L.U",""
"210625","src_asn_isp_","Wecom Mobile Ltd.",""
"210670","src_asn_isp_","INFORMATICA Y NETWORKING COMPOSTELA SLU",""
"210692","src_asn_isp_","Soluciones y Asesoramiento en Telecomunicaciones S.L.",""
"210719","src_asn_isp_","ADRIA MOBIL d.o.o. Novo mesto",""
"210747","src_asn_isp_","BERJAYA HOTELS ICELAND hf",""
"210771","src_asn_isp_","SETEL CONECTA S.L.",""
"211028","src_asn_isp_","Spetsavtomatikaservice",""
"211057","src_asn_isp_","Astra for Telecommunication and IT Services",""
"211188","src_asn_isp_","Business Teleports and Solutions Limited",""
"211196","src_asn_isp_","Mtel Austria GmbH",""
"211250","src_asn_isp_","TELECOM TRADE LLC",""
"211291","src_asn_isp_","Tulun-TeleCom Ltd",""
"211300","src_asn_isp_","Angel Moreno trading as INTELMO C.B.",""
"211332","src_asn_isp_","UA TELECOM PP",""
"211373","src_asn_isp_","Simoresta",""
"211379","src_asn_isp_","Neo-Telecom Plus Ltd.",""
"211391","src_asn_isp_","Mitan Telematica",""
"211433","src_asn_isp_","Silver Telecom Ltd.",""
"211441","src_asn_isp_","BYFITEL COMUNICACIONES SL",""
"211669","src_asn_isp_","Telsone S.r.l.",""
"211709","src_asn_isp_","turbonet",""
"211711","src_asn_isp_","FIBERNET TELEKOM",""
"211887","src_asn_isp_","CABUKNET TELEKOM VE BILGI TEKNOLOJILERI LIMITED STI.",""
"211953","src_asn_isp_","HIPERNET",""
"212087","src_asn_isp_","JOTELULU",""
"212097","src_asn_isp_","VIM TELECOMUNICACIONES SL",""
"212175","src_asn_isp_","Stelia",""
"212192","src_asn_isp_","INTELI TECH DEVELOPMENT SRL",""
"212269","src_asn_isp_","AY TELEKOM BILGI TEKNOLOJILERI LIMITED SIRKETI",""
"212285","src_asn_isp_","Linyit Net Telekomunikasyon Hizmetleri Sanayi ve Ticaret Ltd. Sti.",""
"212335","src_asn_isp_","Simoresta GL2",""
"212384","src_asn_isp_","Simoresta GL",""
"212444","src_asn_isp_","Bross-Telekom",""
"212462","src_asn_isp_","Wizon Telecom",""
"212538","src_asn_isp_","Poyrazwifi Telekomunikasyon",""
"212598","src_asn_isp_","SFCTEK Bilisim Yazilim ve Telekomunikasyon Hiz. San. ve Tic. LTD. STI.",""
"212661","src_asn_isp_","Vodafone Oman",""
"212695","src_asn_isp_","Link Telecom Service Ltd",""
"212713","src_asn_isp_","TELECOM GROUP",""
"212777","src_asn_isp_","Schweizerische Mobiliar Versicherungsgesellschaft AG",""
"212918","src_asn_isp_","Clicktel SL",""
"212945","src_asn_isp_","INT TELELOMUNIKASYON VE INTERNET",""
"213024","src_asn_isp_","StarTelecom",""
"213046","src_asn_isp_","Procyon Telecom Ltd.",""
"213083","src_asn_isp_","Telekomat Haberlesme ve Iletisim Hiz. Tic. Ltd. Sti.",""
"213155","src_asn_isp_","Yettel Hungary Ltd.",""
"213193","src_asn_isp_","Manca Telecom SL",""
"213229","src_asn_isp_","MITELIS SECURITY LIMITED",""
"213261","src_asn_isp_","SADENET TELEKOMUNIKASYON",""
"213369","src_asn_isp_","Sfera Telecom LLC",""
"213402","src_asn_isp_","Rahat Telecom LLC",""
"213438","src_asn_isp_","colocatel-inc",""
"213478","src_asn_isp_","IntellectMoney LLC",""
"213498","src_asn_isp_","Infronet-Telecom LLC",""
"213521","src_asn_isp_","DARLAN USlUGI TELEKOMUNIKACYJNE AGNIESZKA KOREK",""
"213541","src_asn_isp_","WS Telecom Inc",""
"213890","src_asn_isp_","NOVOROS-TELECOM LLC",""
"213937","src_asn_isp_","Gagra Telecom LLC",""
"213990","src_asn_isp_","AOFB",""
"214077","src_asn_isp_","SUMTEL",""
"214089","src_asn_isp_","YOUTEL NETWORK S.L.",""
"214143","src_asn_isp_","SKYDIGITAL TELECOM LTD",""
"214173","src_asn_isp_","Sever-Telecom-SPb",""
"214257","src_asn_isp_","LLC 'ALFA-MOBILE'",""
"214286","src_asn_isp_","IBERICA DE REDES (REDI)",""
"214429","src_asn_isp_","Sever Telecom JSC",""
"214463","src_asn_isp_","Invers-Telecom LLC",""
"214529","src_asn_isp_","DAM TELECOM SERVICES SRL",""
"214941","src_asn_isp_","UPCELL TELEKOMUNIKASYON LIMITED SIRKETI",""
"214954","src_asn_isp_","CATALUNYA TELECOM S.L.",""
"215074","src_asn_isp_","RossTel Company LLC",""
"215148","src_asn_isp_","Delta Telecom Ltd",""
"215222","src_asn_isp_","Cable and mobile best service MCHJ",""
"215503","src_asn_isp_","MUE 'SEA TELECOM' VGA MELITOPOL ZAPORIZHIE REGION",""
"215723","src_asn_isp_","FIBA TELEKOM Anonim Sirketi",""
"215787","src_asn_isp_","TELE90 Telecom GmbH",""
"215856","src_asn_isp_","Fabertelecom SL",""
"215886","src_asn_isp_","Zainco Company for Internet Services and Information Technology JSC",""
"215894","src_asn_isp_","BLANCATEL S.L.",""
"215927","src_asn_isp_","SURWITEL COMUNICACIONES S.L.",""
"216046","src_asn_isp_","Tele.Co.Albania SHPK",""
"216135","src_asn_isp_","PEDRERA TELECOM SL",""
"216158","src_asn_isp_","Teleport Rus LLC",""
"216356","src_asn_isp_","TURKIYEM NET ILETISIM VE TELEKOMUNIKASYON HIZMETLERI A.S.",""
"216451","src_asn_isp_","Daten- und Telekommunikations GmbH Dessau",""
"216475","src_asn_isp_","NKtelecom INC",""
"262150","src_asn_isp_","EPEC Telecomunicaciones",""
"262179","src_asn_isp_","Telenetwork de El Salvador",""
"262181","src_asn_isp_","Coral Telecom",""
"262188","src_asn_isp_","Satel NV",""
"262202","src_asn_isp_","Telefonica de Costa Rica TC",""
"262210","src_asn_isp_","VIETTEL PERU",""
"262215","src_asn_isp_","ITELKOM",""
"262216","src_asn_isp_","TELCONET S A",""
"262220","src_asn_isp_","HV TELEVISION S.A.S",""
"262221","src_asn_isp_","ESTRELA TELECOM",""
"262248","src_asn_isp_","Metro Telecom",""
"262268","src_asn_isp_","MAX NET TELECOMUNICAÇÕES",""
"262272","src_asn_isp_","FIT Telecom",""
"262274","src_asn_isp_","Viveiros & Araujo Serv de Prov da Int",""
"262282","src_asn_isp_","MARIA LUCIANA MACHADO E CIA",""
"262286","src_asn_isp_","Netw Telecom",""
"262290","src_asn_isp_","NewParce - Internet de Hipervelocidade",""
"262300","src_asn_isp_","SUPER CONNECT TELECOM",""
"262301","src_asn_isp_","Netmig Telecom",""
"262304","src_asn_isp_","WIN TIME TELECOM",""
"262310","src_asn_isp_","EDATEL TELECOMUNICAÇÕES LTDA.",""
"262311","src_asn_isp_","IMBRANET TELECOM",""
"262312","src_asn_isp_","VEX TELECOM SERVIÇOS DE TELECOMUNICAÇÃO LTDA",""
"262317","src_asn_isp_","ROS Telecom",""
"262323","src_asn_isp_","STAR CONECT TELECOM LTDA",""
"262324","src_asn_isp_","AS262324 ALLREDE TELECOM (UNILINK)",""
"262342","src_asn_isp_","WZNET TELECOM",""
"262346","src_asn_isp_","FP Telecomunicacoes LTDA",""
"262351","src_asn_isp_","BRSITE",""
"262352","src_asn_isp_","NOVA TELECOM  AS262352",""
"262360","src_asn_isp_","NEDEL TELECOM",""
"262361","src_asn_isp_","Deznet Telecom Ltda.",""
"262364","src_asn_isp_","VIASATDIGITAL TELECOM LTDA",""
"262365","src_asn_isp_","IBITelecom",""
"262367","src_asn_isp_","SW COMERCIO E SERVICOS DE COMUNICACAO MULTIMIDIA",""
"262373","src_asn_isp_","CONECT TELECOM",""
"262376","src_asn_isp_","NOVANET TELECOMUNICAÇAO",""
"262379","src_asn_isp_","HZ TELECOMUNICAÇÕES E INFORMATICA LTDA",""
"262380","src_asn_isp_","Rontel",""
"262385","src_asn_isp_","VSAT TELECOMUNICAÇÕES",""
"262391","src_asn_isp_","ACESSOLINE TELECOMUNICACOES LTDA",""
"262394","src_asn_isp_","Internet 5.8 Telecom",""
"262399","src_asn_isp_","GLP Telecomunicações",""
"262403","src_asn_isp_","NetWay Telecom",""
"262406","src_asn_isp_","MELFINET - National Telecom SCM Ltda",""
"262407","src_asn_isp_","RAPIDANET TELECOM LTDA",""
"262408","src_asn_isp_","CEPAIN - C2 TELECOM",""
"262411","src_asn_isp_","Force Telecom",""
"262417","src_asn_isp_","UltraTelecom",""
"262426","src_asn_isp_","BRAVA TELECOMUNICACOES RONDONOPOLIS",""
"262433","src_asn_isp_","QI Equipamentos para Informática",""
"262434","src_asn_isp_","WIIP TELECOM SERVIÇOS DE INTERNET",""
"262438","src_asn_isp_","VELOMAX TELECOM S/A",""
"262439","src_asn_isp_","ALCANS SERVICOS EM TELECOMUNICACOES LTDA",""
"262447","src_asn_isp_","IMG BRASIL TELECOMUNICA??ES LTDA",""
"262450","src_asn_isp_","NORTENET TELECOMUNICACOES DO BRASIL LTDA - EPP",""
"262458","src_asn_isp_","TSTelecom",""
"262459","src_asn_isp_","Osirnet Info Telecom",""
"262463","src_asn_isp_","TELECOM CORDEIROPOLIS",""
"262468","src_asn_isp_","ATEL TELECOM",""
"262470","src_asn_isp_","Pontenet Teleinformática",""
"262473","src_asn_isp_","Samissa Telecom",""
"262474","src_asn_isp_","ALTERNA TELECOMUNICACOES E CONECTIVIDADE",""
"262476","src_asn_isp_","BRCENTRAL TELECOM",""
"262481","src_asn_isp_","NEOREDE TELECOMUNICAO LTDA",""
"262482","src_asn_isp_","Homenet Telecom",""
"262485","src_asn_isp_","S.C. RIO TELECOMUNICACOES E INFORMATICA LTDA",""
"262492","src_asn_isp_","Interconect Teleinformatica",""
"262494","src_asn_isp_","VIRTEX TELECOM",""
"262496","src_asn_isp_","Clonix Telecom",""
"262497","src_asn_isp_","JNNET TELECOMUNICACOES EIRELI - EPP",""
"262498","src_asn_isp_","Sudoeste Telecom",""
"262499","src_asn_isp_","TMC Tecnologia em Telecomunicações",""
"262502","src_asn_isp_","FLYLINK TELECOM",""
"262503","src_asn_isp_","WIKI TELECOMUNICAÇÕES",""
"262504","src_asn_isp_","Nova Rede de Telecomunicações Ltda",""
"262505","src_asn_isp_","N4 Telecomunicacoes LTDA ME",""
"262506","src_asn_isp_","ASERNET TELECOM",""
"262507","src_asn_isp_","Global Osi Brasil Telecomunicações e Conectividade",""
"262509","src_asn_isp_","CONEXAO - TELECOM. E INTERNET LTDA",""
"262514","src_asn_isp_","Blink Telecom AS262514",""
"262517","src_asn_isp_","NIQTURBO PIMENTEL E MOREIRA",""
"262521","src_asn_isp_","pgf telecomunicacoes",""
"262523","src_asn_isp_","HELP DESK NET TELECOMUNICACOES",""
"262526","src_asn_isp_","Titania Telecom",""
"262527","src_asn_isp_","MTCASEMOD COMERCIO DE PROD. DE INFOR. E SERV.",""
"262531","src_asn_isp_","Connection Multimidia Telecomunicacoes LTDA",""
"262535","src_asn_isp_","Flash Net Brasil Telecom",""
"262546","src_asn_isp_","NetCintra Telecomunicações",""
"262551","src_asn_isp_","Farol Telecom",""
"262557","src_asn_isp_","VIA SUL TELECOMUNICAÇOES",""
"262562","src_asn_isp_","Max WIFI Telecom Ltda.",""
"262567","src_asn_isp_","TELECOM FOZ",""
"262568","src_asn_isp_","NETVIA TELECOM PROVEDOR DE INTERNET LTDA",""
"262576","src_asn_isp_","INFORMATICA JUVENILIA COMERCIO E SERVIÇOS",""
"262585","src_asn_isp_","Virtual Housing Telecom",""
"262588","src_asn_isp_","EXPLORERNET INFOLINK TECNOLOGIA E TELECOMUNICACOES",""
"262590","src_asn_isp_","NETONLINE",""
"262595","src_asn_isp_","OnNet Telecomunicacoes",""
"262600","src_asn_isp_","ASE TELECOMUNICAÇÕES LTDA ME",""
"262604","src_asn_isp_","Click.com telecomunicações",""
"262605","src_asn_isp_","LVT Telecom",""
"262606","src_asn_isp_","MICROTELL (MELL)",""
"262616","src_asn_isp_","ASN262616",""
"262617","src_asn_isp_","UWBR VOX Telecomunicações",""
"262620","src_asn_isp_","Pox Network Telecomunicacoes",""
"262632","src_asn_isp_","Graja Fibra Telecomunicações Ltda",""
"262640","src_asn_isp_","PLUGBR TELECOMUNICACOES LTDA",""
"262642","src_asn_isp_","NETCELL TELECOM",""
"262645","src_asn_isp_","BrasilNET Telecomunicações do Paraná",""
"262648","src_asn_isp_","BRAVA TELECOMUNICACOES PONTES E LACERDA",""
"262659","src_asn_isp_","ULTRAWAVE TELECOM EIRELI",""
"262661","src_asn_isp_","Linknet",""
"262663","src_asn_isp_","METROFLEX",""
"262669","src_asn_isp_","Konnet Telecom",""
"262674","src_asn_isp_","Conquest Telecomunicações",""
"262676","src_asn_isp_","Intervip Telecom",""
"262686","src_asn_isp_","Netwalk Telecomunicações em Inf.",""
"262687","src_asn_isp_","ASN262687",""
"262689","src_asn_isp_","ATENTO TELECOM",""
"262690","src_asn_isp_","Netwave Telecomunicações Ltda.",""
"262693","src_asn_isp_","WCOM COM E SERV TELECOM LTDA",""
"262695","src_asn_isp_","Tecwave Telecom Ltda",""
"262706","src_asn_isp_","Ultranet Telecomunicações",""
"262713","src_asn_isp_","LIDERI TELECOM",""
"262720","src_asn_isp_","Melo Telecomunicações",""
"262722","src_asn_isp_","Televigo Telecom EIRELI",""
"262729","src_asn_isp_","Telemidia Sistemas de Telecomunicação",""
"262737","src_asn_isp_","GATEWAY TELECOM",""
"262739","src_asn_isp_","NDC Telecomunicaes Ltda.",""
"262740","src_asn_isp_","VELOO NET LTDA",""
"262744","src_asn_isp_","ICEnet Telecomunicações (Totalvia Internet)",""
"262749","src_asn_isp_","Telecom Leopoldina Ltda",""
"262751","src_asn_isp_","TERRA FIBER TELECOM LTDA-ME",""
"262753","src_asn_isp_","VOCE TELECOM",""
"262754","src_asn_isp_","FLIX TELECOM",""
"262755","src_asn_isp_","AONET TELECOM",""
"262756","src_asn_isp_","Portal Medianeira",""
"262760","src_asn_isp_","76 TELECOMUNICAÇÃO",""
"262761","src_asn_isp_","Sinal BR Telecom",""
"262762","src_asn_isp_","Teleperformance CRM S.A",""
"262769","src_asn_isp_","AVANZA TELECOM LTDA",""
"262773","src_asn_isp_","PROXXIMA TELECOMUNICAÇÕES",""
"262777","src_asn_isp_","Neolink Telecom",""
"262791","src_asn_isp_","EMI NET TELECOMUNICACOES LTDA",""
"262805","src_asn_isp_","Rede Minas Telecom",""
"262807","src_asn_isp_","Redfox Telecomunicações",""
"262808","src_asn_isp_","Brasilnet Telecomunicações",""
"262809","src_asn_isp_","Talklink Telecom",""
"262820","src_asn_isp_","Ola Telecomunicações Ltda",""
"262828","src_asn_isp_","Acesse Facil Telecomunicações LTDA",""
"262834","src_asn_isp_","Rede Conesul Telecomunicações LTDA",""
"262837","src_asn_isp_","Raptor Servicos de Telecomunicacoes LTDA",""
"262839","src_asn_isp_","Yawl Telecom",""
"262842","src_asn_isp_","I S NET TELECOMICAÇÕES LTDA",""
"262851","src_asn_isp_","Plim Telecom",""
"262861","src_asn_isp_","VIAFIBRA TELECOMUNICACOES LTDA",""
"262868","src_asn_isp_","ITNET",""
"262869","src_asn_isp_","G1Telecom Provedor de Internet",""
"262873","src_asn_isp_","VETT - VIA EXPRESS TECNOLOGIA E TELECOMUNICACOES",""
"262875","src_asn_isp_","IP AMERICA TELECOM",""
"262888","src_asn_isp_","Lprint Telecomunicação e Engenharia",""
"262893","src_asn_isp_","P4 TELECOM LTDA",""
"262895","src_asn_isp_","Norte Line Telecomunicacoes",""
"262896","src_asn_isp_","SpeedWeb Net Telecomunicacoes",""
"262898","src_asn_isp_","jm telecomunicação e man.",""
"262899","src_asn_isp_","RT NICOLAU TELECOMUNICAÇÃO - ME",""
"262903","src_asn_isp_","Tubaron Telecom",""
"262905","src_asn_isp_","Skaynet telecom",""
"262909","src_asn_isp_","JK TELECOMUNICACOES",""
"262911","src_asn_isp_","BAU E DORL LTDA",""
"262937","src_asn_isp_","StarByte Telecom",""
"262945","src_asn_isp_","Golden Line Telecom",""
"262947","src_asn_isp_","MEGALYNK SERVIÇOS DE TELECOMUNICAÇÕES LTDA",""
"262949","src_asn_isp_","Icone Telecom",""
"262972","src_asn_isp_","INFO SETE TELECOMUNICACOES LTDA",""
"262973","src_asn_isp_","Max Telecomunicacoes Ltda",""
"262977","src_asn_isp_","ADSNET TELECOM LTDA ME",""
"262979","src_asn_isp_","LINE-TELECOM",""
"262988","src_asn_isp_","Pombonet Telecomunicações",""
"262989","src_asn_isp_","Click Net Brasil Telecom",""
"262993","src_asn_isp_","CNX TELECOMUNICACOES LTDA",""
"262995","src_asn_isp_","NETDIGITAL TELECOMUNICACOES",""
"262996","src_asn_isp_","MINAS TELECOMUNICACOES E INFORMATICA",""
"262999","src_asn_isp_","IVI TECNOLOGIA E COMUNICAO LTDA",""
"263003","src_asn_isp_","VIPNET TELECOMUNICAO E INFORMATICA",""
"263006","src_asn_isp_","Interone Telecom Ltda",""
"263008","src_asn_isp_","UNI TELECOMUNICACOES",""
"263009","src_asn_isp_","FORTE TELECOM LTDA.",""
"263011","src_asn_isp_","6P Telecom Ltda",""
"263015","src_asn_isp_","G7NET AS263015",""
"263016","src_asn_isp_","NDX Telecomunicacoes Ltda",""
"263018","src_asn_isp_","Alvo Telecom",""
"263019","src_asn_isp_","QUICKNET TELECOM LTDA EPP",""
"263027","src_asn_isp_","RAMNET TELECOM",""
"263033","src_asn_isp_","LINKLI TELECOMUNICAÇÕES LTDA",""
"263035","src_asn_isp_","PORTAL QUEOPS TELECOMUNICAÇÕES E SERVIÇOS",""
"263040","src_asn_isp_","HYPER TELECOM",""
"263042","src_asn_isp_","DELTATELE",""
"263043","src_asn_isp_","WIFF Telecom Eireli",""
"263049","src_asn_isp_","NIPPONTEC TELECOMUNICACOES",""
"263053","src_asn_isp_","Paulinianet Telecom",""
"263055","src_asn_isp_","Pinhais Net Telecom",""
"263073","src_asn_isp_","DTEL",""
"263080","src_asn_isp_","GTi Telecomunicacoes S/A",""
"263081","src_asn_isp_","RMS Connect Telecomunicações",""
"263086","src_asn_isp_","PBNET Telecom",""
"263089","src_asn_isp_","Luxtel",""
"263096","src_asn_isp_","Inorpel Telecom",""
"263098","src_asn_isp_","Eyes Nwhere Sistemas Inteligentes de Imagem",""
"263099","src_asn_isp_","STIW Sistema de Telecom. Inf e Wireless",""
"263106","src_asn_isp_","VERDENET TELECOMUNICAÇÕES",""
"263108","src_asn_isp_","OPANET TELECOMUNICACOES LTDA - ME",""
"263110","src_asn_isp_","Exon Technology / Pignet",""
"263111","src_asn_isp_","GTVR TELECOMUNICACOES",""
"263116","src_asn_isp_","ASN263116",""
"263119","src_asn_isp_","BKup Ti e Telecom",""
"263121","src_asn_isp_","Atende Telecom LTDA",""
"263124","src_asn_isp_","ZAP TELECOMUNICAÇÕES",""
"263126","src_asn_isp_","XMAX TELECOM",""
"263135","src_asn_isp_","NOVA PORTONET TELECOMUNICAES LTDA ME",""
"263139","src_asn_isp_","Dataware Telecomunicações",""
"263142","src_asn_isp_","Route Way Telecomunicações e Serviços",""
"263144","src_asn_isp_","R2 TECNOLOGIA E TELECOMUNICACOES LTDA - ME",""
"263146","src_asn_isp_","F A VIEIRA DE SOUZA SERVICOS",""
"263151","src_asn_isp_","CONECT TELECOM",""
"263152","src_asn_isp_","Migo Telecom",""
"263155","src_asn_isp_","O L I Telecomunicações",""
"263159","src_asn_isp_","BRASTURBO TELECOMUNICAÇÕES",""
"263162","src_asn_isp_","Sustenta Telecom",""
"263165","src_asn_isp_","Marvitel Telecomunicações Ltda - ME",""
"263181","src_asn_isp_","Cooperativa Telefonica Grand Bourg",""
"263196","src_asn_isp_","Infosport",""
"263210","src_asn_isp_","HV TELEVISION",""
"263216","src_asn_isp_","TELEIMAGEN SATELITAL",""
"263218","src_asn_isp_","INTERNET TELECOMUNICATION COMPANY DE GUATEMALA",""
"263223","src_asn_isp_","SATELITES Y TELECOMUNICACIONES C.A",""
"263224","src_asn_isp_","EMPRESA DE TELECOMUNICACIONES MULTIMEDIA ALFA",""
"263236","src_asn_isp_","Itelsa",""
"263243","src_asn_isp_","BRIDGE TELECOM",""
"263250","src_asn_isp_","Barbosa & Costa",""
"263262","src_asn_isp_","TOPPNET Telecom",""
"263270","src_asn_isp_","CONECTA FIBRA TELECOM",""
"263276","src_asn_isp_","BBG Telecom",""
"263280","src_asn_isp_","I4 Telecom LTDA -ME",""
"263281","src_asn_isp_","CBR TELECOM",""
"263284","src_asn_isp_","MAXXIMO INFORMATICA E TELECOMUNICACAO LTDA",""
"263285","src_asn_isp_","Tiago Silva Provedores ME",""
"263291","src_asn_isp_","SAVNET TELECOMUNICAÇÕES LTDA",""
"263292","src_asn_isp_","L E M TELECOMUNICAÇÕES",""
"263294","src_asn_isp_","NOVELTY TELECOM LTDA",""
"263297","src_asn_isp_","RENOVARE TELECOM",""
"263302","src_asn_isp_","TORPEDOLINK TELECOM",""
"263305","src_asn_isp_","NET.COM TELECOMUNICACOES EIRELI",""
"263309","src_asn_isp_","LaraNet Telecomunicações e Serviços",""
"263320","src_asn_isp_","Sansara Telecom",""
"263324","src_asn_isp_","Net&Com Serviços de Informática e Telecomunicações Ltda",""
"263327","src_asn_isp_","Online",""
"263329","src_asn_isp_","FIBERCOM Telecomunicações",""
"263331","src_asn_isp_","Netvox Telecomunicacoes LTDA",""
"263332","src_asn_isp_","Netfi Servidos de Telecomunicacoes",""
"263335","src_asn_isp_","Alternativa Telecom",""
"263338","src_asn_isp_","VEXNET TELECOM INFORMÁTICA LTDA",""
"263343","src_asn_isp_","PC2 TELECOM",""
"263344","src_asn_isp_","wr net informática e telecomunicações ltda",""
"263345","src_asn_isp_","Power Tech",""
"263346","src_asn_isp_","Fonte Informática",""
"263357","src_asn_isp_","Hot Wave Comercio e Servico de Telecomunicacoes Lt",""
"263362","src_asn_isp_","SPEEDNET TELECOM",""
"263382","src_asn_isp_","S F INFOREDE",""
"263385","src_asn_isp_","CSNET TELECOM LTDA",""
"263390","src_asn_isp_","FNT TELECOMUNICACOES E ACESSO A REDES DE INTERNET LTDA",""
"263396","src_asn_isp_","BK Telecomunicações",""
"263398","src_asn_isp_","FAMATEL TELECOMUNICACOES LTDA - ME",""
"263411","src_asn_isp_","ONIX TELECOM",""
"263415","src_asn_isp_","EGR NET TELECOMUNICACOES LTDA",""
"263418","src_asn_isp_","Neb Telecom",""
"263422","src_asn_isp_","AXXESS TELECOMUNICAÇÕES",""
"263424","src_asn_isp_","Fonelight Telecomunicações",""
"263432","src_asn_isp_","CORPORATIVA TELECOMUNICACOES",""
"263433","src_asn_isp_","Click Telecomunicações e Informatica",""
"263436","src_asn_isp_","POLLYNET TELECOM EIRELI",""
"263442","src_asn_isp_","NovaNET Provedoria e Telecomunicações",""
"263445","src_asn_isp_","SEM LIMITE COMUNICAÇÕES",""
"263450","src_asn_isp_","NBN TELECOM",""
"263453","src_asn_isp_","INOVANET TELECOM",""
"263455","src_asn_isp_","LEV Telecom",""
"263456","src_asn_isp_","MKNETWORK TELECOM",""
"263462","src_asn_isp_","SPEED PLANET TELECOMUNICAÇÕES LTDA - ME",""
"263466","src_asn_isp_","M.P. TELECOM",""
"263467","src_asn_isp_","INSPIRE TELECOM - EIRELI",""
"263468","src_asn_isp_","Rapnet Telecom",""
"263469","src_asn_isp_","J P de Souza Telecomunicações",""
"263473","src_asn_isp_","Networld Telecom",""
"263478","src_asn_isp_","DUFIBRANET TELECOM",""
"263480","src_asn_isp_","TELNET - SERVIÇOS EM TELECOMUNICAÇÕES",""
"263483","src_asn_isp_","DIRECT LAN - SOROCABA",""
"263495","src_asn_isp_","INFOSERVIC INFORMATICA TELECOMUNICAÇÃO",""
"263499","src_asn_isp_","Telecom Internet",""
"263500","src_asn_isp_","BIGLINE TECNOLOGIA",""
"263501","src_asn_isp_","INFORTECLINE TELECOM",""
"263506","src_asn_isp_","Gb Online Telecomunicações ltda.",""
"263508","src_asn_isp_","SIMNET TELECOM",""
"263509","src_asn_isp_","Turbovip Telecom Ltda",""
"263512","src_asn_isp_","CTBA TELECOM",""
"263516","src_asn_isp_","Plis Inteligência em Tecnologia Ltda.",""
"263517","src_asn_isp_","Acesso Telecomunicacoes",""
"263519","src_asn_isp_","Minas Nova Telecom LTDA",""
"263520","src_asn_isp_","VOA TELECOMUNICACOES LTDA",""
"263522","src_asn_isp_","LGNET",""
"263532","src_asn_isp_","VIAR TELECOMUNICAÇÕES LTDA",""
"263544","src_asn_isp_","Várzea Net Telecomunicações",""
"263545","src_asn_isp_","ASN263545",""
"263546","src_asn_isp_","TURBONETT TELECOMUNICACOES",""
"263555","src_asn_isp_","Infinity Brasil telecom LTDA ME",""
"263558","src_asn_isp_","Jet Telecom",""
"263562","src_asn_isp_","Speet Serviços de Telecomunicações Ltda - ME",""
"263566","src_asn_isp_","RONDON TELECOM",""
"263569","src_asn_isp_","Direct WiFi Telecom",""
"263573","src_asn_isp_","HYPER NET TELECOMUNICACOES",""
"263578","src_asn_isp_","FacNet Telecom",""
"263579","src_asn_isp_","iSUPER Telecom",""
"263580","src_asn_isp_","Everest Soluções em Telecomunicações Ltda",""
"263583","src_asn_isp_","ATRANET TELECOMUNICACOES",""
"263589","src_asn_isp_","MGP TELECOM",""
"263591","src_asn_isp_","STONE TELECOMUNICACOES - EIRELI",""
"263594","src_asn_isp_","MAXXITEL INFORMATICA E TELECOM LTDA",""
"263596","src_asn_isp_","GRV TELECOM",""
"263598","src_asn_isp_","BRX TELECOMUNICACOES LTDA - EPP",""
"263600","src_asn_isp_","Radio Link Telecom",""
"263603","src_asn_isp_","ATHENA TELECOMUNICACAO LTDA",""
"263608","src_asn_isp_","WSNET TELECOM",""
"263611","src_asn_isp_","Zum Telecom LTDA-ME",""
"263612","src_asn_isp_","Ip Carrier Telecom",""
"263614","src_asn_isp_","RVA TELECOM LTDA",""
"263616","src_asn_isp_","Dez Solucoes em Telecomunicacoes",""
"263623","src_asn_isp_","GX Telecomunicacoes (GOX)",""
"263625","src_asn_isp_","NEW TELECOM",""
"263626","src_asn_isp_","G-LAB TELECOM INFORMATICA",""
"263629","src_asn_isp_","ALLREDE TELECOM (MASTER)",""
"263631","src_asn_isp_","Via Link Telecomunicações",""
"263634","src_asn_isp_","TACNET TELECOM",""
"263636","src_asn_isp_","CALLNET TELECOM",""
"263637","src_asn_isp_","DIGITAL TECNOLOGIA & TELECOMUNICACAO",""
"263641","src_asn_isp_","TCF Telecomunicações Campo Florido",""
"263642","src_asn_isp_","Serra Net Telecomunicações e Internet LTDA. - ME",""
"263645","src_asn_isp_","FIXTELL TELECOM",""
"263647","src_asn_isp_","Irádio Comercio e Manutenção de Maquinas",""
"263650","src_asn_isp_","Clicfacil Telecom",""
"263656","src_asn_isp_","BRSULNET TELECOM LTDA",""
"263661","src_asn_isp_","BRASIL DIGITAL TELECOM",""
"263664","src_asn_isp_","PORTAL NET TELECOM",""
"263665","src_asn_isp_","Ideia Telecom",""
"263666","src_asn_isp_","One Telecom Eireli",""
"263672","src_asn_isp_","Consult Telecom Provedor LTDA ME",""
"263689","src_asn_isp_","Telecable Central",""
"263698","src_asn_isp_","TRANSDATELECOM",""
"263717","src_asn_isp_","SOL TELECOMUNICACIONES",""
"263730","src_asn_isp_","TELECABLE SABANETA",""
"263765","src_asn_isp_","XINWEI INTELCOM.NIC S.A.",""
"263775","src_asn_isp_","Intelisis",""
"263777","src_asn_isp_","COOPERATIVA TELEFONICA Y OSPA DE TOSTADO",""
"263783","src_asn_isp_","Telefonica Moviles El Salvador",""
"263791","src_asn_isp_","REFSA TELECOMUNICACIONES",""
"263805","src_asn_isp_","SAITEL",""
"263814","src_asn_isp_","COOPERATIVA TELEFONICA DE SERVICIO PUBLICO Y COMUNICACIONES DE VILLA DEL TOTORAL",""
"263834","src_asn_isp_","GESATEL",""
"263846","src_asn_isp_","Planeta Cyber Telecomunicações",""
"263847","src_asn_isp_","BS CONECT TELECOMUNICAÇOES LTDA",""
"263861","src_asn_isp_","KzNet Telecom LTDA",""
"263864","src_asn_isp_","ClicRapido Telecom",""
"263866","src_asn_isp_","RADIONET TELECOM LTDA",""
"263868","src_asn_isp_","BMFLEX Telecom Eireli - ME",""
"263869","src_asn_isp_","NAVG TELECOMUNICACOES",""
"263879","src_asn_isp_","CR Net Telecomunicações Ltda-Me",""
"263880","src_asn_isp_","WANTEL TECNOLOGIA",""
"263886","src_asn_isp_","ASN263886",""
"263887","src_asn_isp_","MANIA TELECOM",""
"263888","src_asn_isp_","FIUZA INFORMÁTICA & TELECOMUNICAÇÃO LTDA ME",""
"263891","src_asn_isp_","Turbonet Info e Telecom",""
"263900","src_asn_isp_","CHNET Telecom",""
"263903","src_asn_isp_","INFORBARRA TELECOM",""
"263904","src_asn_isp_","IUB Telecom Ltda",""
"263905","src_asn_isp_","New Group Telecom",""
"263913","src_asn_isp_","CIDADE ONLINE",""
"263914","src_asn_isp_","Speed Wi-Fi Telecom",""
"263917","src_asn_isp_","Nossarede Telecom Ltda",""
"263918","src_asn_isp_","WS TELECOMUNICACOES",""
"263921","src_asn_isp_","PCNET Telecom",""
"263922","src_asn_isp_","SPEED TURBO TELECOM",""
"263925","src_asn_isp_","ACEM TELECOM",""
"263928","src_asn_isp_","JBMNET TELECOM",""
"263935","src_asn_isp_","Grupo I5 Telecom",""
"263939","src_asn_isp_","Loginnet Telecom",""
"263940","src_asn_isp_","TOP WEB TELECOM",""
"263944","src_asn_isp_","FiberNet Telecomunicacoes",""
"263948","src_asn_isp_","NEW LIFE TELECOM",""
"263950","src_asn_isp_","TVANET TELECOM LTDA",""
"263952","src_asn_isp_","CONNECT TELECOM",""
"263956","src_asn_isp_","ProntoTelecom",""
"263957","src_asn_isp_","SEU LUGAR TELECOM",""
"263959","src_asn_isp_","FLEXTEL NETWORK",""
"263960","src_asn_isp_","speed telecom",""
"263965","src_asn_isp_","Navetech Telecom LTDA",""
"263966","src_asn_isp_","WORLD WIFI TELECOMUNICAÇÕES",""
"263968","src_asn_isp_","RAFAEL FARIA FERRAZ ME",""
"263975","src_asn_isp_","Smart Link Consultoria e serviços em telec.",""
"263980","src_asn_isp_","G3 Telecom EIRELI",""
"263985","src_asn_isp_","DZ7 Telecomunicacoes Ltda",""
"263992","src_asn_isp_","Rosimeire Pereira Souza Gomes ME",""
"264002","src_asn_isp_","MVA Telecom",""
"264007","src_asn_isp_","Elétric Telecomunicações e Informática LTDA ME",""
"264010","src_asn_isp_","Polli Telecom",""
"264013","src_asn_isp_","CONNECTA TELECOM INTERNET",""
"264023","src_asn_isp_","SE77E TELECOM",""
"264024","src_asn_isp_","Wnet Telecom e Informática EIRELI",""
"264030","src_asn_isp_","FIBERTELECOM",""
"264042","src_asn_isp_","CRISPIM E GOMES TELECOM LTDA",""
"264049","src_asn_isp_","TELECOMUNICACOES ALARCAO E FERNANDES LTDA - ME",""
"264056","src_asn_isp_","Uli Telecom",""
"264058","src_asn_isp_","TNB Telecom",""
"264059","src_asn_isp_","D.V Comercio em Telecomunicacoes de Rede LTDA-ME",""
"264069","src_asn_isp_","Conecttiva Telecom",""
"264071","src_asn_isp_","HOPNET TELECOM",""
"264075","src_asn_isp_","K1 Telecom e Multimidia",""
"264092","src_asn_isp_","STA TELECOM LTDA",""
"264100","src_asn_isp_","RIO CABLE TELECOM",""
"264104","src_asn_isp_","ZINE TELECOMUNICAÇÕES PROVEDOR LTDA",""
"264106","src_asn_isp_","Andrade & Landim Telecomunicações",""
"264108","src_asn_isp_","worldnet",""
"264110","src_asn_isp_","Econect Itapevi Telecomunicações ltda",""
"264111","src_asn_isp_","RedeBr Telecom",""
"264116","src_asn_isp_","I2 Telecom",""
"264117","src_asn_isp_","Fibramais Telecom Ltda",""
"264119","src_asn_isp_","UBA CONECT TELECOM",""
"264120","src_asn_isp_","G20 Telecomunicacoes LTDA",""
"264125","src_asn_isp_","UN TELECOMUNICACOES",""
"264127","src_asn_isp_","Emitel Internet",""
"264128","src_asn_isp_","FUSION TELECOMUNICAÇÕES - EIRELI",""
"264129","src_asn_isp_","Flip Networks",""
"264133","src_asn_isp_","TX WEB TELECOM",""
"264135","src_asn_isp_","Priston Net Telecom",""
"264137","src_asn_isp_","ClickNet Telecom",""
"264144","src_asn_isp_","ASAP GLOBAL TELECOM LTDA",""
"264148","src_asn_isp_","Corrêa Sat Telecomunicações Ltda ME",""
"264150","src_asn_isp_","Gigaflex internet servicos de tel",""
"264160","src_asn_isp_","PRYMUS SERVIçOS EM TELECOMUNICAçõES",""
"264162","src_asn_isp_","NC BRASIL TELECOM E SERVIÇOS",""
"264164","src_asn_isp_","Telecomunicações Netcoro Ltda",""
"264166","src_asn_isp_","TURBO NET TELECOM LTDA",""
"264169","src_asn_isp_","WNP PROGRESSO E SERV DE TELECOMUNICACAO",""
"264178","src_asn_isp_","Coonexao Telecom e Informatica EIRELI",""
"264180","src_asn_isp_","Fernando Net e Telecomunicações",""
"264191","src_asn_isp_","Temais Telecom",""
"264193","src_asn_isp_","MASTER TELECOM",""
"264195","src_asn_isp_","Vamo Telecom",""
"264196","src_asn_isp_","RoraimaNET Telecomunicacoes",""
"264200","src_asn_isp_","R DE MELO NEVES CONEX - ME",""
"264204","src_asn_isp_","CAS TELECOMUNICACOES EIRELI",""
"264206","src_asn_isp_","Mixconect Telecom",""
"264209","src_asn_isp_","LINKFORT TELECOM LTDA ME",""
"264212","src_asn_isp_","IMPACTO TELECOM",""
"264214","src_asn_isp_","Guaptel-Net Telecom",""
"264215","src_asn_isp_","Wlenet Servicos de Telecomunicacoes LTDA",""
"264217","src_asn_isp_","Sem Fone Telecomunicações",""
"264227","src_asn_isp_","Inove Comercio e Servicos de Telecomunicacoes",""
"264228","src_asn_isp_","Blink Telecom AS264228",""
"264229","src_asn_isp_","GLOBAL FLASH TELECOM E TECNOLOGIA LTDA - ME",""
"264230","src_asn_isp_","",""
"264232","src_asn_isp_","RCA COMPANY DE TELECOMUNICACOES DE PARANAVAI",""
"264233","src_asn_isp_","WF -TELECOM SERVIOS DE TELECOMUNICAOES EIRELE ME",""
"264234","src_asn_isp_","GLOBAL SOLUCOES EM TECNOLOGIA E TELECOM LTDA-ME",""
"264236","src_asn_isp_","COMFIBRA - PROVEDOR DE TELEC. LTDA - M",""
"264239","src_asn_isp_","Digital Telecomunicações Ltda-Me",""
"264244","src_asn_isp_","SPEED NET SERVIÇOS DE TELECOMUNICAÇOES",""
"264246","src_asn_isp_","Globaltech Telecomunicações e Informatica Ltda ME",""
"264248","src_asn_isp_","BandeiraNet Telecomunicações Ltda ME",""
"264250","src_asn_isp_","Virtual Telecom",""
"264255","src_asn_isp_","Interfibras Telecomunicacoes",""
"264259","src_asn_isp_","INTERATIVA TELECOM LTDA",""
"264268","src_asn_isp_","Teleturbo Telecomunicacoes",""
"264273","src_asn_isp_","A & G TELECOMUNICAÇÕES",""
"264274","src_asn_isp_","DSP RS TELECOMUNICAÇÕES LTDA.",""
"264278","src_asn_isp_","MICROTELL (MELL).",""
"264280","src_asn_isp_","Eagle Redes de Telecomunicacoes Ltda",""
"264281","src_asn_isp_","RS Portal",""
"264283","src_asn_isp_","Net Triangulo Telecom Ltda - ME",""
"264285","src_asn_isp_","iFoz Telecom",""
"264293","src_asn_isp_","Smart Solucoes em Telecomunicacoes",""
"264294","src_asn_isp_","Ora Servicos de Telecomunicacoes Ltda",""
"264295","src_asn_isp_","Unolink Telecom",""
"264297","src_asn_isp_","CONECTJA TELECOMUNICACOES",""
"264301","src_asn_isp_","LNP SERVICOS DE TELECOMUNICACOES E INFORMATICA",""
"264310","src_asn_isp_","MUNDIAL NET TELECOM",""
"264311","src_asn_isp_","Plug Supernet Telecon Serviços de Informatica",""
"264318","src_asn_isp_","WM TELECOM BOCAIUVA LTDA. - ME",""
"264321","src_asn_isp_","New Oeste Telecomunicacoes Ltda",""
"264328","src_asn_isp_","ECLIPSE TELECOM",""
"264329","src_asn_isp_","ESTRATEGIA REDES DE TELECOMUNICACOES",""
"264332","src_asn_isp_","CONEXAO INOVE TELECOMUNICAES",""
"264334","src_asn_isp_","MarapelNet Telecom",""
"264337","src_asn_isp_","NET COM INFORMATICA LTDA - ME",""
"264342","src_asn_isp_","UPNET PROVEDOR DE ACESSO E TELECOM",""
"264351","src_asn_isp_","UNA TELECOMUNICAÇÕES LTDA",""
"264359","src_asn_isp_","Start Telecomunicações",""
"264360","src_asn_isp_","TASS TELECOM Serviços de Telcomunicações Ltda",""
"264367","src_asn_isp_","L&J REDES DE TELECOMUNICACAO E INFORMATICA",""
"264373","src_asn_isp_","Virtual Net Telecom LTDA",""
"264384","src_asn_isp_","Linejet servios de telecomunicaes",""
"264386","src_asn_isp_","MMM E G TELECOMUNICACOES LTDA - ME",""
"264387","src_asn_isp_","OZONIO TELECOMUNICACOES LTDA",""
"264389","src_asn_isp_","ARP TELECOMUNICACOES LTDA - EPP",""
"264391","src_asn_isp_","Newnet Telecom Ltda",""
"264393","src_asn_isp_","NetBrasil Telecom LTDA",""
"264397","src_asn_isp_","SUPRANET TELECOM",""
"264404","src_asn_isp_","NETGOOL TELECOMUNICACOES",""
"264421","src_asn_isp_","BrumaNet Telecom",""
"264429","src_asn_isp_","V1 Telecomunicacoes e Informatica LTDA - ME",""
"264437","src_asn_isp_","Telemac TELECOMUNICACOES",""
"264439","src_asn_isp_","OURINET TELECOM",""
"264440","src_asn_isp_","POINT TELECOM",""
"264441","src_asn_isp_","DELTA TELECOM",""
"264444","src_asn_isp_","LINKCE TELECOM",""
"264451","src_asn_isp_","GETTEL INTERNET",""
"264456","src_asn_isp_","GBATELECOM LTDA",""
"264463","src_asn_isp_","MEGA REDES TELECOM",""
"264473","src_asn_isp_","POLOTEL TELECOM LOCAÇÃO E DES. DE. SITES",""
"264477","src_asn_isp_","FLIX TELECOM",""
"264483","src_asn_isp_","RP Telecom",""
"264490","src_asn_isp_","ANDRA TELECOM",""
"264497","src_asn_isp_","Mais Net Telecomunicaçoes Eirelli",""
"264500","src_asn_isp_","SoulTelecom",""
"264508","src_asn_isp_","INET TELECOM E INFORMATICA LTDA",""
"264509","src_asn_isp_","CONECTA AMAZONIA TELECOM",""
"264510","src_asn_isp_","HNS SERVICOS DE TELECOMUNICACOES",""
"264516","src_asn_isp_","A.M.A TELECOM",""
"264517","src_asn_isp_","GM NETWORK TELECOMUNICACOES",""
"264519","src_asn_isp_","BLUE TELECOMUNICACOES DO BRASIL LTDA",""
"264520","src_asn_isp_","Radioscan Telecom Com. De Compon. Eletr. Ltda-EPP",""
"264521","src_asn_isp_","SLIM NET TELECOM",""
"264524","src_asn_isp_","Cunha e Zanato telecom",""
"264526","src_asn_isp_","ALPHANETT SERVIÇOS DE TELECOMUNICAÇÕES",""
"264540","src_asn_isp_","RG Tecnologia e Telecomunicações Ltda",""
"264541","src_asn_isp_","ASN264541",""
"264542","src_asn_isp_","KMM TELECOM LTDA-ME",""
"264543","src_asn_isp_","MEGA CONEXAO TELECOM",""
"264544","src_asn_isp_","SUPER NOVA TELECOM LTDA",""
"264547","src_asn_isp_","DATAZOOM TELECOM",""
"264550","src_asn_isp_","M H SAT SERVIÇOS EM TELECOMUNICAÇÕES",""
"264552","src_asn_isp_","Justweb Telecomunicações",""
"264553","src_asn_isp_","J da L Moraes Telecom ME",""
"264554","src_asn_isp_","CONECTE TELECOMUNICAÇÕES",""
"264562","src_asn_isp_","Texnet Internet Fibra Óptica",""
"264564","src_asn_isp_","TELECAB TELECOMUNICACOES LTDA",""
"264568","src_asn_isp_","C&A NET TELECOM",""
"264570","src_asn_isp_","RIOTEL",""
"264577","src_asn_isp_","Silva Telecom",""
"264579","src_asn_isp_","NET MAIS TELECOMUNICAÇÕES",""
"264580","src_asn_isp_","NETLI TELECOMUNICAÇÕES LTDA - ME",""
"264586","src_asn_isp_","SPEED TELECOMUNICACOES",""
"264588","src_asn_isp_","TDVK TELECOM LTDA",""
"264590","src_asn_isp_","NAVEX TELECOM",""
"264591","src_asn_isp_","7 Sul Telecom",""
"264592","src_asn_isp_","ENLACE TELECOM",""
"264596","src_asn_isp_","ALFA TELECOMUNICACOES",""
"264598","src_asn_isp_","DELTA TELECOMUNICAÇÕES",""
"264599","src_asn_isp_","SYNCONTEL TELECOMUNICAÇÕES LTDA",""
"264602","src_asn_isp_","M.C.R. Campos Informatica e Telecomunicacoes - ME",""
"264605","src_asn_isp_","TELEVIADUCTO",""
"264621","src_asn_isp_","BLUE SAT SERVICIOS ADMINISTRADOS DE TELECOMUNICACIONES SA",""
"264625","src_asn_isp_","SONYTELNET",""
"264628","src_asn_isp_","FIBEX TELECOM",""
"264631","src_asn_isp_","RED PARAGUAYA DE TELECOMUNICACIONES SA",""
"264634","src_asn_isp_","Coop de Prov.Serv.Telef.Obras y Serv Púb y Soc Virrey del Pino",""
"264642","src_asn_isp_","TELESISTEMA",""
"264652","src_asn_isp_","COOPERATIVA TELEFONICA VILLA ELOISA",""
"264697","src_asn_isp_","LEWTEL SRL",""
"264716","src_asn_isp_","Red Television",""
"264725","src_asn_isp_","COOP. DE PROV. DE SERV. TELEF. PRESIDENTE DERQUI LTDA",""
"264726","src_asn_isp_","EMPRESA DE TELECOMUNICACIONES Y SERVICIOS AUDIOVISUALES SOC. DEL ESTADO",""
"264731","src_asn_isp_","Corporacion Digitel AS264731",""
"264744","src_asn_isp_","FibraTeleCoM",""
"264750","src_asn_isp_","TELEOPERADORA DEL NORDESTE",""
"264756","src_asn_isp_","Cable Television Satelital",""
"264765","src_asn_isp_","VANET TELECOMUNICACIONES SRL",""
"264770","src_asn_isp_","KDMnet Telecom",""
"264778","src_asn_isp_","TotalCom Venezuela",""
"264781","src_asn_isp_","VIDEOTEL",""
"264810","src_asn_isp_","COOP DE PROV DE SERV PUBLICOS TELEFON VIVIENDA CONSUMO Y CREDITO DE EL HOYO",""
"264825","src_asn_isp_","TELEALFACOM",""
"264827","src_asn_isp_","WIRCOM TELECOMUNICACIONES",""
"264861","src_asn_isp_","CONNECT MAX TELECOM",""
"264862","src_asn_isp_","TRIANGULO NET",""
"264863","src_asn_isp_","New Help Telecomunicaçoes",""
"264867","src_asn_isp_","Click Telecomunicação Ltda ME",""
"264869","src_asn_isp_","ASN264869",""
"264871","src_asn_isp_","InterPop Telecomunicações Eireli",""
"264876","src_asn_isp_","5GTELECOM AZEVEDO INFORMATICA",""
"264878","src_asn_isp_","3T Telecom",""
"264887","src_asn_isp_","Voar Telecomunicações",""
"264891","src_asn_isp_","PORTAL LINK TELECOM",""
"264897","src_asn_isp_","SKYMAX TELECOMUNICAÇÕES",""
"264900","src_asn_isp_","RJNET Telecomunicacoes Ltda ME",""
"264909","src_asn_isp_","BRConnect Telecomunicacoes LTDA",""
"264911","src_asn_isp_","Powernet Telecom AS264911",""
"264912","src_asn_isp_","ATInfo Telecom",""
"264913","src_asn_isp_","GOOFIBER TELECOM",""
"264915","src_asn_isp_","BURITINET TELECOM",""
"264923","src_asn_isp_","JB Telecom LTDA",""
"264928","src_asn_isp_","FIBRANET TELECOM",""
"264929","src_asn_isp_","TECNET",""
"264931","src_asn_isp_","Net Galileu Servicos de Telecomunicação LTDA ME",""
"264933","src_asn_isp_","NTi Telecomunicações LTDA.",""
"264935","src_asn_isp_","CENTRALNET TELECOMUNICACOES LTDA - ME",""
"264938","src_asn_isp_","Online TELECOM",""
"264940","src_asn_isp_","InfoTelecom Banda Larga",""
"264941","src_asn_isp_","Satcom Telecom",""
"264943","src_asn_isp_","VIARAPIDA TELECOMUNICAÇÕES",""
"264944","src_asn_isp_","enzo serviços e comercio de telecomunicações",""
"264948","src_asn_isp_","KONECTIVA TELECOM",""
"264952","src_asn_isp_","GSG TELECOM SERVICOS",""
"264953","src_asn_isp_","INTEGRATO TELECOMUNICAÇÕES LTDA - ME",""
"264959","src_asn_isp_","Torres Telecom",""
"264960","src_asn_isp_","R L GUIMARAES TELECOMUNICACAO",""
"264962","src_asn_isp_","Voltec Automação",""
"264963","src_asn_isp_","LUMIAR TELECOMUNICAÇÔES",""
"264966","src_asn_isp_","UNDERCORP TELECOM LTDA.",""
"264974","src_asn_isp_","TELECOM SCAE",""
"264982","src_asn_isp_","RIOTELECOM",""
"264987","src_asn_isp_","RBR TELECOM SERVICOS DE TELEFONIA LIMITADA",""
"264990","src_asn_isp_","WT INFORMATICA TELECOMUNICAÇÕES LTDA - ME",""
"264996","src_asn_isp_","SERVLINK TELECOM",""
"264997","src_asn_isp_","Direct Telecom",""
"264998","src_asn_isp_","SQUID TELECOM",""
"264999","src_asn_isp_","UMPLAY TELECOM",""
"265006","src_asn_isp_","Silva E Silva telecom Ltda. Me.",""
"265008","src_asn_isp_","T F DA SILVA RAMOS TELECOMUNICAÇÕES E SISTEMA",""
"265009","src_asn_isp_","OMEGA TELECOMUNICACAO LTDA",""
"265014","src_asn_isp_","GNA TELECOM LTDA - ME",""
"265016","src_asn_isp_","Atlanet Telecomunicacoes",""
"265017","src_asn_isp_","TUDO ALL TELECOM",""
"265018","src_asn_isp_","JS SERVIÇOS E TELECOMUNICAÇÕES",""
"265019","src_asn_isp_","NEX TELECOM",""
"265027","src_asn_isp_","Planet Sat Telecom",""
"265028","src_asn_isp_","Linkvida Telecom",""
"265032","src_asn_isp_","IRANET TELECOM",""
"265033","src_asn_isp_","Tecnotec Telecomunicações e Informática Ltda",""
"265036","src_asn_isp_","BMJNET TELECOM",""
"265038","src_asn_isp_","TELFO TELECOM",""
"265041","src_asn_isp_","Infotel Engenharia e Telecomunicações SCM",""
"265050","src_asn_isp_","S.O.S. TELECOM",""
"265052","src_asn_isp_","R N TELECOM",""
"265053","src_asn_isp_","SYS3 Telecom",""
"265055","src_asn_isp_","BMI TELECOMUNICAES",""
"265062","src_asn_isp_","NETFORCE Telecom",""
"265063","src_asn_isp_","COMETA TELECOMUNICACOES E SERVICOS LTDA",""
"265067","src_asn_isp_","Madmak Informatica Telecomunicacoes - LTDA ME",""
"265080","src_asn_isp_","AD Telecom",""
"265083","src_asn_isp_","UltraWeb Telecomunicações LTDA",""
"265085","src_asn_isp_","Linfortel Internet",""
"265086","src_asn_isp_","GUARATIBA TELECOM SERVICOS DE COMUNICACOES",""
"265088","src_asn_isp_","Club21 Servicos de Telecomunicacoes",""
"265090","src_asn_isp_","GS TELECOMUNICACOES LTDA",""
"265093","src_asn_isp_","PegaNet",""
"265095","src_asn_isp_","Grimm Telecom",""
"265096","src_asn_isp_","PRGNET SERVIÇOS DE TELECOMUNICAÇÕES",""
"265097","src_asn_isp_","Upnet Telecom",""
"265100","src_asn_isp_","FSI telecomunicacoes",""
"265113","src_asn_isp_","Sales Telecom e Informatica",""
"265117","src_asn_isp_","Comp Telecom",""
"265118","src_asn_isp_","SKYNET Telecomunicacoes Eireli",""
"265126","src_asn_isp_","FLEETNET TELECOMUNICACOES",""
"265131","src_asn_isp_","GP4 TELECOM",""
"265132","src_asn_isp_","TELEMOS MULTIMIDIA LTDA",""
"265133","src_asn_isp_","radiusnet",""
"265137","src_asn_isp_","CONECTIVA TELECOM TECNOLOGIA LTDA - ME",""
"265140","src_asn_isp_","DUPONT & SCHWANKE",""
"265144","src_asn_isp_","MCD INFORMATICA E TELECOMUNICACOES",""
"265152","src_asn_isp_","WIP TELECOM MULTIMIDIA",""
"265157","src_asn_isp_","MICROTELL (MELL)..",""
"265158","src_asn_isp_","ORBE TELECOM",""
"265160","src_asn_isp_","FULL TECH TELECOM",""
"265163","src_asn_isp_","S R DA SILVA OLIVEIRA",""
"265166","src_asn_isp_","SuperNetwork Telecom",""
"265169","src_asn_isp_","MEGA TELECON PROVEDOR DE INTERNET",""
"265170","src_asn_isp_","GSM TELECOM SERVIÇOS DE PROVEDOR DE INTERNET LTDA",""
"265171","src_asn_isp_","SITELBRA",""
"265173","src_asn_isp_","MEGAMAX TELECOM LTDA - ME",""
"265176","src_asn_isp_","LINKTAP TELECOM LTDA",""
"265177","src_asn_isp_","WLA TELECOM",""
"265178","src_asn_isp_","Fox Telecom Internet",""
"265189","src_asn_isp_","i i telecom",""
"265197","src_asn_isp_","Nevoli Telecom",""
"265205","src_asn_isp_","UnoNet Telecomunicações",""
"265215","src_asn_isp_","FiberNet Telecom",""
"265220","src_asn_isp_","polixnet telecomunicacoes ltda",""
"265224","src_asn_isp_","M. DANTAS E CIA",""
"265225","src_asn_isp_","ASN265225",""
"265226","src_asn_isp_","UNICONNECT SERVICOS DE TELECOMUNICACOES LTDA",""
"265230","src_asn_isp_","MEGA NET SERVICOS DE TELECOMUNICACOES",""
"265234","src_asn_isp_","N-MULTIMIDIA TELECOMUNICACOES",""
"265237","src_asn_isp_","SINAL TELECOM LTDA",""
"265244","src_asn_isp_","MFT Servicos de Internet Comercio e Telefonia Ltda",""
"265247","src_asn_isp_","Estacaonet Telecom Servicos e Comercio Ltda",""
"265249","src_asn_isp_","WOW SERVICOS DE TELECOMUNICACOES",""
"265257","src_asn_isp_","GLOBAL INFO TELECOM",""
"265260","src_asn_isp_","JOSÉ APARECIDO PEREIRA DA SILVA TELNET - ME",""
"265261","src_asn_isp_","Tely Banda Larga",""
"265263","src_asn_isp_","MULTI TELECOM E COMERCIO DE INFORMATICA EIRELI ME",""
"265265","src_asn_isp_","S.D de Medeiros e Cia Ltda",""
"265266","src_asn_isp_","level2 telecomunicaçoes eireli",""
"265269","src_asn_isp_","MEGA TELEINFORMATICA",""
"265274","src_asn_isp_","FIXA TELECOM",""
"265278","src_asn_isp_","ZaapNet Telecomunicacoes",""
"265282","src_asn_isp_","DOMINA NET TELECOM",""
"265283","src_asn_isp_","IAGO NET",""
"265286","src_asn_isp_","Megas Net Telecomunicação Ltda",""
"265287","src_asn_isp_","GIGANET TECNOLOGIA E TELECOMUNICAÇÃO LTDA",""
"265298","src_asn_isp_","GR TELECOMUNICAÇÕES LTDA ME",""
"265300","src_asn_isp_","Regional Telecom",""
"265302","src_asn_isp_","SULCATEL TELECOMUNICACOES",""
"265305","src_asn_isp_","INTERMIRA INFORMATICA E TELECOMUNICAÇÕES LTDA-ME",""
"265313","src_asn_isp_","ANDERLINE TELECOMUNICACOES E MULTIMIDIA LTDA",""
"265317","src_asn_isp_","TRIXNET SERVIÇOS DE TELEINFORMATICA",""
"265319","src_asn_isp_","RSLEAL",""
"265320","src_asn_isp_","SATLINK TELECOM",""
"265328","src_asn_isp_","Master Net Telecom e Segurança Ltda",""
"265330","src_asn_isp_","Ponto a Ponto Telecom do Brasil",""
"265335","src_asn_isp_","PLANETA NET TELECOM",""
"265336","src_asn_isp_","ELneT Telecom",""
"265337","src_asn_isp_","SYNDIGITAL TELECOMUNICACOES LTDA",""
"265341","src_asn_isp_","Pluggar Telecom",""
"265344","src_asn_isp_","CURIO NET INFORMÁTICA E TELECOMUNICAÇÕES",""
"265345","src_asn_isp_","HUP TELECOM LTDA",""
"265346","src_asn_isp_","BLR Telecomunicacoes",""
"265348","src_asn_isp_","intervix telecom eireli",""
"265350","src_asn_isp_","CSINET Telecom LTDA",""
"265351","src_asn_isp_","INFOARTES TELECOM LTDA",""
"265355","src_asn_isp_","L. T. SPECHT TELECOMUNICACOES ME",""
"265356","src_asn_isp_","NETPLANETY INFOTELECOM LTDA ME",""
"265358","src_asn_isp_","Brasilnet Serviços E Telecomunicações Ltda-Me",""
"265363","src_asn_isp_","RV-NET TELECOM",""
"265364","src_asn_isp_","ITlink Telecom LTDA",""
"265369","src_asn_isp_","C-ComTelecom Servicos",""
"265377","src_asn_isp_","FLASH NET TELECOMUNICAÇÕES LTDA ME",""
"265382","src_asn_isp_","SIGMA TELECOM LTDA ME",""
"265388","src_asn_isp_","MF Telecomunicação",""
"265390","src_asn_isp_","Topnet Telecom Serviços LTDA ME",""
"265391","src_asn_isp_","Provex Telecom",""
"265393","src_asn_isp_","FIRENET SERVIÇOS DE TELECOMUNICAÇÕES LTDA",""
"265395","src_asn_isp_","CELERIUM TELECOMUNICACOES",""
"265398","src_asn_isp_","nobre telecom",""
"265401","src_asn_isp_","INFOSYSTEM TELECOMUNICACOES E INFORMATICA EIRELLI",""
"265404","src_asn_isp_","GGNET TELECOMUNICACOES",""
"265406","src_asn_isp_","Web River Telecom",""
"265407","src_asn_isp_","TMK NET TELECOMUNICAÇÕES",""
"265410","src_asn_isp_","JL INFORMATICA E TELECOM LTDA - ME",""
"265417","src_asn_isp_","FRASANET TELECOM",""
"265419","src_asn_isp_","WA. TELECON COMERCIO E SERVICOS",""
"265420","src_asn_isp_","ANTONIO CARLOS ATELLA FERREIRA JUNIOR",""
"265424","src_asn_isp_","Horizontes Telecom",""
"265426","src_asn_isp_","SS TELECOM LTDA",""
"265428","src_asn_isp_","Taionet Telecomunicações Ltda. ME",""
"265430","src_asn_isp_","JDA Net - SKYNET Teleinformatica",""
"265436","src_asn_isp_","SkyNet Telecomunicações",""
"265437","src_asn_isp_","tecnet provedor telecom ltda me",""
"265440","src_asn_isp_","Telnet Sistemas e Comunicações",""
"265446","src_asn_isp_","FASTNET INFORMATICA",""
"265447","src_asn_isp_","romaotelecom",""
"265451","src_asn_isp_","INFOLINK TELECOM",""
"265455","src_asn_isp_","ASN265455",""
"265460","src_asn_isp_","LUP TELECOMUNICACOES LTDA",""
"265464","src_asn_isp_","EstacaoNET TELECOM",""
"265467","src_asn_isp_","LOCALL TELECOM LTDA. - ME",""
"265472","src_asn_isp_","ITA TELECOM",""
"265475","src_asn_isp_","INFOMENCK COMERCIO E SER. DE TELECOMUNICACAO",""
"265477","src_asn_isp_","GTBA TELECOM",""
"265481","src_asn_isp_","GM TELECOM E INFORMATICA LTDA ME",""
"265483","src_asn_isp_","JAPNET",""
"265485","src_asn_isp_","UP NET TELECOM",""
"265486","src_asn_isp_","SUPERNET TELECOM",""
"265491","src_asn_isp_","Arp Telecom",""
"265496","src_asn_isp_","MAIQVOX TELECOM",""
"265500","src_asn_isp_","ALMEIRIM TELECOM LTDA ME",""
"265515","src_asn_isp_","TELEVERA RED S. A. P. I. DE C.V.",""
"265551","src_asn_isp_","TELEVISION POR CABLE TEPA",""
"265566","src_asn_isp_","TELESISTEMAS PENINSULARES",""
"265569","src_asn_isp_","QUANTATEL SA DE CV",""
"265574","src_asn_isp_","IPTVTEL COMUNICACIONES S DE RL DE CV",""
"265586","src_asn_isp_","INBTEL SA DE CV",""
"265587","src_asn_isp_","Hulux Telecomunicaciones",""
"265590","src_asn_isp_","ABIX TELECOMUNICACIONES S.A. DE C.V.",""
"265594","src_asn_isp_","Television Internacional S.A. de C.V.",""
"265615","src_asn_isp_","Assetel",""
"265629","src_asn_isp_","FiberComm Telecomunicaciones",""
"265637","src_asn_isp_","AIQUEL EDUARDO RAUL (CABLE VISION SP)",""
"265641","src_asn_isp_","CIX BROADBAND",""
"265661","src_asn_isp_","265661",""
"265675","src_asn_isp_","ARTEC TELECOMUNICACIONES",""
"265691","src_asn_isp_","WI-NET TELECOM",""
"265699","src_asn_isp_","Hidalgo Mario Gabriel",""
"265711","src_asn_isp_","KOLVECH S.A. (TELECOMVAS)",""
"265713","src_asn_isp_","Cooperativa Telefónica Santa Maria Limitada",""
"265723","src_asn_isp_","Coop. Telef. de San Vicente Ltda.",""
"265759","src_asn_isp_","VIVE TELECOM S.A.",""
"265762","src_asn_isp_","CASTRO TELLO MARCO IVÁN (CONEXIÓN GLOBAL)",""
"265852","src_asn_isp_","Carlos Paz Television Net",""
"265855","src_asn_isp_","LEGON TELECOMUNICACIONES",""
"265858","src_asn_isp_","NETDELSUR TELECOMUNICACIONES",""
"265861","src_asn_isp_","SISTEMAS SATELITALES DE COLOMBIA SA ESP",""
"265883","src_asn_isp_","CENTENARO ADRIANO (ADRYANO TELECOM)",""
"265886","src_asn_isp_","Universo Digital Telecomunicações",""
"265887","src_asn_isp_","R W TELECOMUNICACOES",""
"265890","src_asn_isp_","GR SOLUCOES TELECOM",""
"265891","src_asn_isp_","LMS Telecom LTDA",""
"265892","src_asn_isp_","Telbe",""
"265904","src_asn_isp_","D N VILELA TECNOLOGIA",""
"265905","src_asn_isp_","NV7 TELECOM LTDA",""
"265913","src_asn_isp_","Teleinfor",""
"265918","src_asn_isp_","SMART LINCK TELECOMUNICACOES LTDA",""
"265923","src_asn_isp_","DEFLEX TELECOM EIRELI - ME",""
"265924","src_asn_isp_","NOVARJ TELECOMUNICACOES E SERVICOS LTDA-ME",""
"265927","src_asn_isp_","GIGANETLINK TELECOMUNICACOES LTDA ME - ME",""
"265931","src_asn_isp_","ISP Conecta Telecom",""
"265933","src_asn_isp_","connectx serviços de telecomunicações",""
"265937","src_asn_isp_","ALIANCANET TELECOM",""
"265938","src_asn_isp_","Lar Telecomunicações",""
"265943","src_asn_isp_","RCTelecom Telecomunicaoes",""
"265944","src_asn_isp_","BR UP TELECOM",""
"265949","src_asn_isp_","INFO TELECOM INTERNET LTDA",""
"265952","src_asn_isp_","Projemar Telecomunicações",""
"265958","src_asn_isp_","REAL TELECOM EIRELI ME - ME",""
"265960","src_asn_isp_","FNETCOM TELECOMUNICACAO E INFORMATICA LTDA",""
"265965","src_asn_isp_","Pinhais Net Telecom Comercio e Serviços Ltda",""
"265971","src_asn_isp_","CRBC TELECOM LTDA ME",""
"265972","src_asn_isp_","Donini & Saldanha Telecomunicacoes",""
"265973","src_asn_isp_","R7 TELECOMUNICAÇÕES EIRELI ME",""
"265974","src_asn_isp_","PATH TELECOM AS265974",""
"265975","src_asn_isp_","INTEREDE TELECOM",""
"265976","src_asn_isp_","NETFULL TELECOMUNICAÇÕES LTDA-ME",""
"265978","src_asn_isp_","WM TELECOM",""
"265979","src_asn_isp_","DATALIG TELECOM",""
"265980","src_asn_isp_","FIBRA PARA O LAR TELECOMUNICACOES",""
"265981","src_asn_isp_","Linknet Telecomunicações LTDA",""
"265983","src_asn_isp_","F J S LESSA - ME",""
"265986","src_asn_isp_","Linkup Telecomunicações",""
"265989","src_asn_isp_","GARCIA TELECOMUNICACOES LTDA",""
"265997","src_asn_isp_","ARTNET TELECOM",""
"266003","src_asn_isp_","BRASILEIRO TELECOM",""
"266004","src_asn_isp_","VIAWEB TELECOMUNICACOES LTDA",""
"266011","src_asn_isp_","FABLINUXER CONNECT TELECOMUNICAÇÕES",""
"266020","src_asn_isp_","Iclick telecom",""
"266025","src_asn_isp_","OPTICA TELECOM LTDA",""
"266028","src_asn_isp_","SMARTSEND TELECOM",""
"266029","src_asn_isp_","SBNET TELECOM",""
"266030","src_asn_isp_","W B DE ANDRADE TELECOMUNICAÇÕES E INFORMÁTICA",""
"266034","src_asn_isp_","Falou Telecom",""
"266036","src_asn_isp_","NETGAMES TELECOM",""
"266038","src_asn_isp_","VN TELECOM PROVEDORES A.R.C EIRELI",""
"266043","src_asn_isp_","CANET INTERNET E TELECOM",""
"266049","src_asn_isp_","Rede.com Telecom",""
"266051","src_asn_isp_","BSB TIC SOLUCÕES LTDA - EPP",""
"266052","src_asn_isp_","Interviva Telecom e Serviços LTDA ME",""
"266057","src_asn_isp_","X2 TELECOM LTDA",""
"266059","src_asn_isp_","HOSANNA PROV DE SERV DE INTERNET",""
"266072","src_asn_isp_","Global Telecomunicacoes MT",""
"266080","src_asn_isp_","CMA MULTIMIDIA TELECOMUNICACAOES",""
"266083","src_asn_isp_","BANDA A TELECOMUNICAOES LTDA ME",""
"266090","src_asn_isp_","H NEWS TELECOMUNICACOES E INFORMATICA LTDA - ME",""
"266094","src_asn_isp_","CONEXAO MB E TELECOMUNICACOES",""
"266095","src_asn_isp_","Zetek Telecom",""
"266103","src_asn_isp_","AGILITY PATU",""
"266104","src_asn_isp_","A Variani Júnior servico",""
"266107","src_asn_isp_","EVEN- TELECOM LTDA - ME",""
"266113","src_asn_isp_","ASN266113",""
"266114","src_asn_isp_","TOTUS TELECOMUNICAÇÕES LTDA",""
"266115","src_asn_isp_","W Rodrigo de Jesus ME",""
"266117","src_asn_isp_","GLINK TELECOM",""
"266121","src_asn_isp_","A.S.DOS SANTOS - TECNOLOGIA DA INFORMACAO",""
"266127","src_asn_isp_","JMNet Telecom",""
"266129","src_asn_isp_","LOCALLINK TELECOMUNICAÇÕES LTDA - ME",""
"266132","src_asn_isp_","VTX NET TELECOM LTDA",""
"266136","src_asn_isp_","R. P. DE B. ALVES SERVICOS E TELECOMUNICACOES",""
"266139","src_asn_isp_","ZENAIDE ALVES DE SOUZA OLIVEIRA E CIA LTDA - ME",""
"266140","src_asn_isp_","CMC Telecom EIRELI - ME",""
"266142","src_asn_isp_","Bahiadados Telecom",""
"266146","src_asn_isp_","Inove Telecom",""
"266148","src_asn_isp_","MAIS FIBRA TELECOMUNICACAO LTDA",""
"266150","src_asn_isp_","Borille Serviços de Telecomunicações Ltda.",""
"266160","src_asn_isp_","Kater Telecomunicações",""
"266165","src_asn_isp_","Nwire Telecom",""
"266167","src_asn_isp_","CELERIX TECNOLOGIA DE TELECOMUNICACOES",""
"266170","src_asn_isp_","FUTURETEC TELECOM",""
"266172","src_asn_isp_","Inter.Net Servicos em Telecom Ltda",""
"266177","src_asn_isp_","Exon Technology",""
"266178","src_asn_isp_","C2M SERVIOS DE INFORMTICA E TELECOMUNICAES",""
"266180","src_asn_isp_","CIANET DOURADOS-SERV. EM TEL. E TECN. DA INF. LTDA",""
"266189","src_asn_isp_","SITELBRA LTDA",""
"266193","src_asn_isp_","Mailbox INTERNET E TELECOMUNICAÇÕES LTDA",""
"266194","src_asn_isp_","FIBRANET TELECOM",""
"266197","src_asn_isp_","IBL TELECOM",""
"266200","src_asn_isp_","EX2NET TELECOMUNICAÇOES - LTDA",""
"266204","src_asn_isp_","SIM BRAZIL TELECOM",""
"266207","src_asn_isp_","Onitel",""
"266208","src_asn_isp_","Allfiber Telecom Serviços de Telecomunicações",""
"266213","src_asn_isp_","INOVA FIBRA",""
"266215","src_asn_isp_","ServTEC Telecom",""
"266216","src_asn_isp_","Brasil Like telecomunicações",""
"266219","src_asn_isp_","VISIO TELECOM",""
"266232","src_asn_isp_","Artinet Telecom",""
"266235","src_asn_isp_","CONECTAR TELECOMUNICACOES DO BRASIL LTDA - ME",""
"266236","src_asn_isp_","VELPRO TELECOMUNICACOES",""
"266238","src_asn_isp_","NETCANES TELECOM",""
"266240","src_asn_isp_","A2 TELECOM EIRELI - ME",""
"266243","src_asn_isp_","DFL TELECOM",""
"266246","src_asn_isp_","ISP PREMIUM TELECOM S/A",""
"266251","src_asn_isp_","INFOWORLD TELECOMUNICAÇÕES LTDA",""
"266253","src_asn_isp_","C A DE SOUZA",""
"266260","src_asn_isp_","ITOP TELECOM",""
"266269","src_asn_isp_","MVTELECOM",""
"266271","src_asn_isp_","INTERAGE TELECOMUNICACOES E INFORMATICA",""
"266272","src_asn_isp_","JundFibra Telecomunicações",""
"266274","src_asn_isp_","NETWEST TELECOM",""
"266275","src_asn_isp_","JEFFERSON KAYAM DA ROCHA",""
"266279","src_asn_isp_","QUALITY TELECOM",""
"266281","src_asn_isp_","Piccinin Computadores e Telefonia Ltda",""
"266284","src_asn_isp_","ADAO DA SILVA NORTE-TEL TELECOMUNICACOES",""
"266291","src_asn_isp_","ANDERNET TELECOM",""
"266292","src_asn_isp_","NETGOIAS TELECOM LTDA - ME",""
"266296","src_asn_isp_","Green Telecom LTDA",""
"266302","src_asn_isp_","RENOVENET PROVEDOR INTERNET LTDA - ME",""
"266303","src_asn_isp_","PROVYNET TELECON LTDA ME",""
"266304","src_asn_isp_","Plig Telecom LTDA",""
"266312","src_asn_isp_","NaveNet Telecom",""
"266317","src_asn_isp_","REVILINK TELECOM",""
"266319","src_asn_isp_","Smart Telecom Networks Serv.de Telecom. LTDA M.E",""
"266321","src_asn_isp_","ASN266321 - ConectMAX Telecom",""
"266323","src_asn_isp_","HPN TELECOMUNICAÇÕES",""
"266332","src_asn_isp_","PRESTEL SERVICOS",""
"266338","src_asn_isp_","HDL SOLUCOES EM TECNOLOGIA",""
"266346","src_asn_isp_","ATIVA INTERNET",""
"266351","src_asn_isp_","SAIBERT TELECOM",""
"266353","src_asn_isp_","REDE BJNET TELECOMUNICAÇÕES LTDA-ME",""
"266355","src_asn_isp_","Sulnet Telecom",""
"266359","src_asn_isp_","NR",""
"266360","src_asn_isp_","UPTOPIANET INFORMATICA E TELECOMUNICAÇÕES",""
"266362","src_asn_isp_","NORTE TELECOM PROVEDOR DE INTERNET EIRELI",""
"266366","src_asn_isp_","GIGA NET TELECOMUNICACOES",""
"266369","src_asn_isp_","GNET TELECOM",""
"266371","src_asn_isp_","R7R",""
"266376","src_asn_isp_","CYBERNET TELECOM SERVIÇOS DE INTERNET",""
"266381","src_asn_isp_","Galax Telecom",""
"266384","src_asn_isp_","TURBONET ASSESSORIA E CONSULTORIA EM TELECOM LTDA",""
"266385","src_asn_isp_","TR Servicos de Telecomunicacoes",""
"266386","src_asn_isp_","BLUS TELECOM LTDA - EPP",""
"266387","src_asn_isp_","World Fast Telecomunicacoes",""
"266394","src_asn_isp_","SIGTEL TELECOM",""
"266397","src_asn_isp_","UNINET TELECOM E INFORMÁTICA - EIRELLI - ME",""
"266398","src_asn_isp_","SPEEDY NET TELECON LTDA-ME",""
"266399","src_asn_isp_","NUDOZE TELECOMUNICACOES EIRELI",""
"266404","src_asn_isp_","G7NET AS266404",""
"266409","src_asn_isp_","SECW TELECOM",""
"266418","src_asn_isp_","SERVTEL EIRELI",""
"266423","src_asn_isp_","CONNECTVY TELECOMUNICACOES",""
"266425","src_asn_isp_","Franzoni Telecomunicações",""
"266427","src_asn_isp_","CINTIA AUXILIADORA DE ALCANTARA BARBOSA - ME",""
"266430","src_asn_isp_","Victor.net e Link Evolution Telecom",""
"266431","src_asn_isp_","LITORAL TELECOM PROVEDOR DE INTERNET E SERVICOS LT",""
"266433","src_asn_isp_","Super On Telecom",""
"266434","src_asn_isp_","MASTER DATA TELECOMUNICACOES",""
"266436","src_asn_isp_","NETCENTER TELECOM Porto Seguro",""
"266439","src_asn_isp_","InfoMaxx Telecom",""
"266441","src_asn_isp_","LWNET COMERCIO E SERVICOS DE COMUNICACOES LTDA",""
"266445","src_asn_isp_","SEA TELECOM AS266445",""
"266450","src_asn_isp_","Tree tecnologia e telecom ltda",""
"266452","src_asn_isp_","ELETROINFO TELECOMUNICACOES LTDA - ME",""
"266454","src_asn_isp_","EXPAND TV",""
"266459","src_asn_isp_","TECNOLOGY TELECOM",""
"266462","src_asn_isp_","SW Telecomunicações e Informática Itu Ltda. - ME",""
"266465","src_asn_isp_","CLIKANET TELECOM",""
"266466","src_asn_isp_","Maxcabo Telecomunicações Ltda",""
"266467","src_asn_isp_","Guimaraes E Venâncio Telecomunicações Ltda-ME",""
"266468","src_asn_isp_","ACESSANET TELECON",""
"266475","src_asn_isp_","SEM FRONTEIRAS TELECOMUNICAÇÕES",""
"266477","src_asn_isp_","L2K FIBRA LTDA",""
"266481","src_asn_isp_","NET RIBAS TELECOMUNICACOES",""
"266483","src_asn_isp_","CIANET TELECOM",""
"266487","src_asn_isp_","Speed Max Telecomunicação",""
"266489","src_asn_isp_","ZANCHET E PAIM TELECOM",""
"266493","src_asn_isp_","SN BANDA LARGA COMERCIO E TELECOMUNICACOES",""
"266499","src_asn_isp_","HC TELECOM PROVEDOR DE INTERNET",""
"266500","src_asn_isp_","ASN266500",""
"266502","src_asn_isp_","TimerNet Telecom",""
"266507","src_asn_isp_","Uraí Telecomunicação Multimidia Ltda",""
"266514","src_asn_isp_","Antonio J De Albuquerque ME",""
"266517","src_asn_isp_","M.B. SERVIÇOS EM TELECOMUNICAÇÕES LTDA",""
"266518","src_asn_isp_","LINK BRASIL COMUNICACAO MULTIMIDIA",""
"266519","src_asn_isp_","Proveradio Telecom (Grupo EVO)",""
"266520","src_asn_isp_","VOOB TELECOM",""
"266522","src_asn_isp_","Realnet Telecomunicacoes e Multimidia ltda",""
"266523","src_asn_isp_","MVF Telecom",""
"266524","src_asn_isp_","ONBAHIA TELECOM",""
"266528","src_asn_isp_","Master Telecomunicações LTDA ME",""
"266534","src_asn_isp_","Azecom Telecomunicacoes",""
"266539","src_asn_isp_","LINQ TELECOMUNICAÇOES",""
"266545","src_asn_isp_","HOUSENET TELECOMUNICAÇÕES",""
"266550","src_asn_isp_","WOW TELECOM COMUNICACAO MULTIMIDIA",""
"266553","src_asn_isp_","MEGA NETWORK TELECOM",""
"266563","src_asn_isp_","NOVA REDE TELECOM",""
"266565","src_asn_isp_","STAR LINE TELECOMUNICAÇÕES",""
"266570","src_asn_isp_","ELETRICNET TELECOMUNICAÇÕES",""
"266571","src_asn_isp_","PROFIBER TELECOM LTDA",""
"266572","src_asn_isp_","WORLDNET TELECOMUNICAÇÕES",""
"266578","src_asn_isp_","Sevennet Telecom",""
"266583","src_asn_isp_","TELXE DO BRASIL TELECOMUNICACOES LTDA",""
"266586","src_asn_isp_","NetBig Telecomunicações LTDA",""
"266592","src_asn_isp_","LIFE INTERNET",""
"266593","src_asn_isp_","JASGAB TELECOM",""
"266606","src_asn_isp_","VSTNETFIBER TELECOM",""
"266608","src_asn_isp_","Ola Fibra Telecomunicacoes",""
"266610","src_asn_isp_","G3 TELECOMUNICACOES GLOBAL",""
"266619","src_asn_isp_","LOGPLAY - Webviva Telecomunicacoes LTDA",""
"266620","src_asn_isp_","(VIPLANET) E D TELECOMUNICES",""
"266621","src_asn_isp_","IGNET LINHAS TELECOMUNICAÇÕES - ME",""
"266624","src_asn_isp_","CONEXAO VIP TELECOM",""
"266625","src_asn_isp_","WCA TELECOM",""
"266626","src_asn_isp_","Litoral Telecom",""
"266627","src_asn_isp_","INTERATIVA TELECOM E TI LTDA ­ME",""
"266634","src_asn_isp_","KLINK TELECOMUNICAÇÕES LTDA",""
"266636","src_asn_isp_","REDE WORKS TELECOM",""
"266642","src_asn_isp_","SSM TELECOM E SERVIÇOS LTDA - ME",""
"266643","src_asn_isp_","NETFY TELECOMUNICACOES",""
"266646","src_asn_isp_","MEYER TELECOM",""
"266650","src_asn_isp_","QERO TELECOMUNICACOES DO BRASIL",""
"266651","src_asn_isp_","R. M. TELECOM",""
"266672","src_asn_isp_","SYSNOVELLTEL",""
"266673","src_asn_isp_","FLYTEC TELECOM SOCIEDAD ANONIMA",""
"266698","src_asn_isp_","INSITEL",""
"266704","src_asn_isp_","TELEVISION ORIENTADA S.A.",""
"266705","src_asn_isp_","GABRIEL FRANCISCO ERBETTA Y MARIANO ANDRES CARRIZO RICHELET SOCIEDAD DE HECHO (TELNET SOLUCIONES)",""
"266715","src_asn_isp_","tvncl",""
"266722","src_asn_isp_","AMITEL PERU TELECOMUNICACIONES SAC",""
"266731","src_asn_isp_","TELECOMUNICACIONES MAURICIO ANDRES KASENDRA LARENAS",""
"266732","src_asn_isp_","Fibertel Perú",""
"266734","src_asn_isp_","TELEVISION POR CABLE",""
"266765","src_asn_isp_","INTELCOM",""
"266779","src_asn_isp_","ANMAX Telecom",""
"266786","src_asn_isp_","COTELSER",""
"266814","src_asn_isp_","266814",""
"266830","src_asn_isp_","AP Telecom",""
"266857","src_asn_isp_","SERVICIOS DE TELECOMUNICACIONES FULLTV",""
"266870","src_asn_isp_","SERVICIO DE TELECOMUNICACIONES VEMOS MAS",""
"266877","src_asn_isp_","COLOMBIATEL TELECOMUNICACIONES",""
"266900","src_asn_isp_","IPTEL - NOVA VISION",""
"266911","src_asn_isp_","VicNet Telecom",""
"266915","src_asn_isp_","QUALITY TELECOMUNICAÇÃO",""
"266917","src_asn_isp_","MARIPANET TELECOM LTDA",""
"266920","src_asn_isp_","Globofiber Telecom",""
"266923","src_asn_isp_","IPconect TELECOM",""
"266926","src_asn_isp_","EJ TELECOM",""
"266934","src_asn_isp_","G5 TELECOM",""
"266936","src_asn_isp_","MT-TELECOM SUL",""
"266937","src_asn_isp_","COM TELECOM",""
"266943","src_asn_isp_","INFORWAY INFORMATICA E TELEFONIA LTDA - ME",""
"266944","src_asn_isp_","CanalBR Telecom",""
"266951","src_asn_isp_","REDE CONECTA TELECOM",""
"266958","src_asn_isp_","Net Telecom MD Ltda-ME",""
"266961","src_asn_isp_","Arias Telecomunicações",""
"266964","src_asn_isp_","INFOWAYNET TELECOM",""
"266966","src_asn_isp_","INTELINK COMUNICACAO",""
"266967","src_asn_isp_","Tera Fiber Telecomunicações",""
"266968","src_asn_isp_","SUANET TELECOMUNICACOES",""
"266972","src_asn_isp_","SIGANET TELECOM",""
"266975","src_asn_isp_","EURONET TELECOM",""
"266978","src_asn_isp_","FOUR NETWORK SERVICOS DE INFORMATICA",""
"266983","src_asn_isp_","XZoom Telecom",""
"266984","src_asn_isp_","Navix Telecom",""
"266986","src_asn_isp_","OLV Telecom",""
"266987","src_asn_isp_","Web - Link Telecomunicações e Engenharia",""
"266989","src_asn_isp_","ETH TELECOM",""
"266992","src_asn_isp_","Oliveira & Fernandes Telecomunicações",""
"266995","src_asn_isp_","Evox Telecom LTDA - ME",""
"267013","src_asn_isp_","INTERNET SOLUTION PROVIDER TELECOM. LTDA ME",""
"267020","src_asn_isp_","VS TELECOM",""
"267031","src_asn_isp_","DUNAS TELECOM",""
"267032","src_asn_isp_","DIGINETBRASIL TELECOMINICAÇOES LTDA ME",""
"267033","src_asn_isp_","serrasul telecom ltda",""
"267035","src_asn_isp_","MS TELECOM",""
"267038","src_asn_isp_","M. V. MENEZES TELECOMUNICAÇÕES EIRELI - ME",""
"267051","src_asn_isp_","Nexus Fibra Telecomunicações LTDA",""
"267055","src_asn_isp_","N.C Sat Mais Veloz",""
"267061","src_asn_isp_","Microtec Telecomunicação Ltda - ME",""
"267062","src_asn_isp_","W-NET",""
"267070","src_asn_isp_","Fibranet Juiz de Fora Serviços de Telecomunicações",""
"267073","src_asn_isp_","L A P JUNIOR EIRELI - ME",""
"267076","src_asn_isp_","REDE MINEIRA DE TELECOMUNICAÇÕES LTDA",""
"267077","src_asn_isp_","L DE S SILVA INFORNET SERVICOS TELECOM",""
"267091","src_asn_isp_","Veloce Telecom",""
"267096","src_asn_isp_","HELLO WEB TELECOMUNICACOES E SERVICOS",""
"267106","src_asn_isp_","NETFIBRA TELECOMUNICACOES",""
"267110","src_asn_isp_","CENTER CONECTION - TELECOM",""
"267116","src_asn_isp_","NETMANIA TELECOMUNICAÇÕES LTDA",""
"267121","src_asn_isp_","Atplus Telecom",""
"267122","src_asn_isp_","Infoturbo Telecom LTDA",""
"267123","src_asn_isp_","MEGANET TELECON LTDA",""
"267125","src_asn_isp_","NETUP TELECOM",""
"267128","src_asn_isp_","Speednet Telecom",""
"267129","src_asn_isp_","NET+ TELECOM",""
"267145","src_asn_isp_","Netsim Provedor de Sistema de Integracao A Midia",""
"267156","src_asn_isp_","CHARLLEY PEREIRA DA SILVA",""
"267158","src_asn_isp_","MG NET TELECOMUNICACOES LTDA ­ ME",""
"267159","src_asn_isp_","LTNET Telecomunicacoes EIRELE ME",""
"267162","src_asn_isp_","LINKNET Telecom",""
"267164","src_asn_isp_","S & R Telecomunicações LTDA",""
"267167","src_asn_isp_","VIRTUALI SOLUÇOES EM TELECOMUNICAÇOES EIRELI",""
"267169","src_asn_isp_","ONLINE TELECOMUNICACOES E SERVICOS LTDA",""
"267170","src_asn_isp_","SM Da Silva Serviços de Comunicação",""
"267174","src_asn_isp_","Powernet Telecom AS267174",""
"267183","src_asn_isp_","CINE NET TELECOM LTDA",""
"267184","src_asn_isp_","E J DO N BEZERRA & CIA LTDA - ME",""
"267185","src_asn_isp_","CCS Camboriú Cable System de Telecomunicações",""
"267186","src_asn_isp_","L AGENOR DE MELO",""
"267190","src_asn_isp_","FLEXNET TELECOMUNICACOES",""
"267192","src_asn_isp_","TELCOM PROVEDOR DE ACESSO",""
"267195","src_asn_isp_","REDE TELENEW EIRELI - ME",""
"267197","src_asn_isp_","Camoa Telecom",""
"267199","src_asn_isp_","RedeMetro Telecom",""
"267200","src_asn_isp_","Microlink Fibra",""
"267201","src_asn_isp_","Fiber One Telecomunicações",""
"267205","src_asn_isp_","JOTAZO TELECOM",""
"267207","src_asn_isp_","RFTecnologia Teleinformática Ltda-ME",""
"267219","src_asn_isp_","NETWARE TELECOMUNICACOES E INFORMATICA EIRELI",""
"267221","src_asn_isp_","Gold Telecom",""
"267224","src_asn_isp_","LOGPLAY - Itelecom Solucoes Em Comunicacoes LTDA",""
"267227","src_asn_isp_","FLAT TELECOMUNICAÇÕES LTDA",""
"267229","src_asn_isp_","DG Telecom Serviços de Telecomunicações LTDA",""
"267233","src_asn_isp_","Set Sistemas de Seg. Elet. e Telecomunicações",""
"267234","src_asn_isp_","OJS SERVIÇOS DE APOIO ADMINISTRATIVO",""
"267237","src_asn_isp_","Elevalink",""
"267242","src_asn_isp_","AMAZONIA TELECOMUNICACOES",""
"267245","src_asn_isp_","NETFACIL TELECOM",""
"267251","src_asn_isp_","TELEFONARNET TELECOMUNICAÇÕES",""
"267261","src_asn_isp_","PROXER TELECOMUNICAÇÕES LTDA ME",""
"267262","src_asn_isp_","Unit Telecom",""
"267263","src_asn_isp_","Viva Telecom AS267263",""
"267264","src_asn_isp_","JrFiber Telecomunicações",""
"267265","src_asn_isp_","DINAMICA TELECOM LTDA",""
"267277","src_asn_isp_","JORGE LS MARTINS TELECOM INFORMATICA",""
"267281","src_asn_isp_","GIGANET TELECOM LTDA-ME",""
"267286","src_asn_isp_","DJG PROVEDOR E SERVICOS DE TELECOMUNICACOES",""
"267288","src_asn_isp_","PONGAR TELECOM",""
"267291","src_asn_isp_","satynet telecom ltda -me",""
"267297","src_asn_isp_","NETUNO DO BRASIL TELECON Network",""
"267301","src_asn_isp_","TEUTONET TELECOMUNICACOES",""
"267308","src_asn_isp_","J L X Telecom",""
"267311","src_asn_isp_","MGNETT TELECOMUNICAÇÕES LTDA - ME",""
"267313","src_asn_isp_","DMC TECNOLOGIA E INFORMATICA",""
"267316","src_asn_isp_","Nova Info Telecom Ltda.me",""
"267318","src_asn_isp_","KMB CONSULTORIA & TELECOM",""
"267323","src_asn_isp_","DOUETTES SERVIÇOS DE INFORMATICA E TELECOMUNICAÇÕE",""
"267328","src_asn_isp_","IBEXNET TELECOM LTDA-ME",""
"267329","src_asn_isp_","YOUSER TELECOMUNICAÇÕES LTDA",""
"267331","src_asn_isp_","Onefibra Telecomunicações",""
"267335","src_asn_isp_","MUNDIAL TELECOMUNICACAO",""
"267339","src_asn_isp_","3M Internet Fibra",""
"267342","src_asn_isp_","HELP TELECOM",""
"267347","src_asn_isp_","PEGASUS",""
"267348","src_asn_isp_","FC Telecomunicações",""
"267350","src_asn_isp_","Go INTERNET E TELECOM LTDA ME",""
"267357","src_asn_isp_","LIVENET FIBRA",""
"267362","src_asn_isp_","ILIMITECH TELECOM JUSSARA EIRELI",""
"267363","src_asn_isp_","L E M INFORMATICA E INTERNET LTDA",""
"267366","src_asn_isp_",": F L SALVIANO PROVEDORES",""
"267367","src_asn_isp_","GIGASETE TELECOM",""
"267369","src_asn_isp_","ADENILTON DA PAIXO RIBEIRO",""
"267374","src_asn_isp_","ICOS TELECOM LTDA - ME",""
"267377","src_asn_isp_","acesso net telecomunicacoes ltda-me",""
"267378","src_asn_isp_","CWMC TELECOM",""
"267384","src_asn_isp_","ASN267384",""
"267386","src_asn_isp_","P.j. Campos Perina - ME",""
"267390","src_asn_isp_","POWERTEC TELECOMUNICACOES",""
"267394","src_asn_isp_","AV3M Telecom e Multimidia LTDA",""
"267396","src_asn_isp_","Rv Connect telecomunicações",""
"267397","src_asn_isp_","SKYNET ARUJA",""
"267399","src_asn_isp_","TOP 37 ESTACOES E REDES DE TELECOMUNICACOES",""
"267405","src_asn_isp_","WIKINET TELECOMUNICAÇÕES",""
"267410","src_asn_isp_","TELECOM 2D",""
"267412","src_asn_isp_","ASN267412",""
"267419","src_asn_isp_","VISUALNET TELECOM",""
"267423","src_asn_isp_","NICFIBRA TELECOM",""
"267424","src_asn_isp_","G.C.TELECOMUNICAÇÕES LTDA-ME",""
"267425","src_asn_isp_","TSCM NET BRASIL TELECOMUNICAÇÕES",""
"267426","src_asn_isp_","AQUI TELECOMUNICACOES",""
"267428","src_asn_isp_","LEX TELECOM",""
"267429","src_asn_isp_","GRAFNET TELECOM",""
"267430","src_asn_isp_","CBR TELECOMUNICAÇÕES LTDA",""
"267437","src_asn_isp_","Ultracom Telecomunicações Ltda",""
"267438","src_asn_isp_","TECNOLINS COMÉRCIO E SERVIÇOS E TELECOMUNICAÇÕES LTDA",""
"267447","src_asn_isp_","LK TELECOM INFORMATICA LTDA ME - ME",""
"267449","src_asn_isp_","GLOBALNET TELECOMUNICAÇÕES",""
"267452","src_asn_isp_","CABONNET - R W TELECOMUNICACOES",""
"267453","src_asn_isp_","Neticabo Telecom Ltda - ME",""
"267455","src_asn_isp_","ASN267455",""
"267456","src_asn_isp_","INOVANETCE TELECOM",""
"267459","src_asn_isp_","R3TELECOM INTERNET",""
"267462","src_asn_isp_","Espaço Link Telecomunicações",""
"267467","src_asn_isp_","LL AUTOMAÇÃO E TELECOMUNICAÇÕES",""
"267469","src_asn_isp_","W8 Telecom",""
"267470","src_asn_isp_","Cx Pro",""
"267475","src_asn_isp_","LIG TELECOM",""
"267494","src_asn_isp_","DNL NETWORK TELECOMUNICAÇÕES LTDA",""
"267497","src_asn_isp_","GL TELECOM LTDA - ME",""
"267498","src_asn_isp_","VIDATEL SERVICOS CONVERGENTES EM TELECOMUNICACOES",""
"267501","src_asn_isp_","Equatorial Telecomunicações LTDA",""
"267503","src_asn_isp_","RCM TELECOM INFORMATICA",""
"267506","src_asn_isp_","NETLUX Telecom",""
"267510","src_asn_isp_","PROVEDOR CRNET TELECOM S.C. MULTIMIDIA EIRELI",""
"267513","src_asn_isp_","Seanet Telecom Carazinho",""
"267514","src_asn_isp_","Otima Telecomunicações Ltda ME",""
"267516","src_asn_isp_","COMPANY INTERNET",""
"267517","src_asn_isp_","AVIAnet Telecom",""
"267522","src_asn_isp_","GLOBAL BANDA LARGA SERVICOS DE TELECOMUNICACOES",""
"267523","src_asn_isp_","ARANTES & ARANTES TELECOM",""
"267529","src_asn_isp_","KNS DE PINHO TELECOMUNICACOES",""
"267536","src_asn_isp_","AFCH Solucoes e Empreendimentos",""
"267537","src_asn_isp_","NETFLESH TELECOM E COM DE PROD DE INFORMAT LTDA-ME",""
"267540","src_asn_isp_","ITACELL TELECOM",""
"267542","src_asn_isp_","ED-LINK TELECOM",""
"267545","src_asn_isp_","Power Networks Telecomunicações",""
"267546","src_asn_isp_","Goiás Conect",""
"267551","src_asn_isp_","DATACOM TELECOM",""
"267552","src_asn_isp_","Turbo Net Telecom LtdaME",""
"267554","src_asn_isp_","+Net & Telecom",""
"267555","src_asn_isp_","CONECT FIBER TELECOMUNICACOES LTDA - ME",""
"267556","src_asn_isp_","Explorer Telecom Barretos Informatica",""
"267560","src_asn_isp_","PC CONNECT TELECOMUNICACOES",""
"267563","src_asn_isp_","Ei Telecom",""
"267564","src_asn_isp_","FIBER TELECOM - TELECOMUNICAÇÃO DE DADOS",""
"267568","src_asn_isp_","R. C. F. ­ TELECOM",""
"267570","src_asn_isp_","Rafael Zamboni Freisleben",""
"267571","src_asn_isp_","SUMITA TELECOMUNICACOES LTDA",""
"267575","src_asn_isp_","Maranet Telecom",""
"267576","src_asn_isp_","Conet Telecom",""
"267583","src_asn_isp_","MegaLink Telecom e Segurança Eletronica",""
"267586","src_asn_isp_","Tunins Telecom",""
"267587","src_asn_isp_","CLICK SPEED SERVICOS DE TELECOMUNICACOES",""
"267588","src_asn_isp_","MaxWeb Telecom",""
"267601","src_asn_isp_","S. D. PROVEDOR E INFORMATICA LTDA ME",""
"267603","src_asn_isp_","rp.netmania telecom eirele - me",""
"267604","src_asn_isp_","TELECOMUNICAÇÃO REACH",""
"267607","src_asn_isp_","Giatech Telecomunicações LTDA - ME",""
"267611","src_asn_isp_","TECHNO BYTES TELECOM",""
"267612","src_asn_isp_","UNIAO DIGITAL TELECOMUNICAÇÕES",""
"267614","src_asn_isp_","SIGAON SERVICOS TELECOMUNICACOES EIRELE",""
"267618","src_asn_isp_","ARPRONET TELECOMUNICACOES",""
"267619","src_asn_isp_","AGRESTE TELECOMUNICAÇÕES",""
"267621","src_asn_isp_","IFIBER TELECOM",""
"267629","src_asn_isp_","SGV TI E TELECOM",""
"267633","src_asn_isp_","DATANET TELECOMUNICAÇÕES E INFORMATICA LTDA",""
"267638","src_asn_isp_","Wind Telecomunicação do Brasil Ltda - ME",""
"267641","src_asn_isp_","DKTelecom",""
"267642","src_asn_isp_","T. TELES LEITE TELECOMUNICACOES",""
"267643","src_asn_isp_","RPM TELECOMINICAÇÕES LTDA -EPP",""
"267645","src_asn_isp_","VISION ON LINE TELECOM",""
"267648","src_asn_isp_","SPEEDNETMAIS TELECOMUNICAÇÕES LTDA - ME",""
"267650","src_asn_isp_","JCL TELECOMUNICACOES",""
"267651","src_asn_isp_","OpenNET Telecom e Informatica EIRELI - ME",""
"267675","src_asn_isp_","AKI NET TELECOM LTDA ME",""
"267685","src_asn_isp_","SIRIO TELECOMUNICACIONES",""
"267686","src_asn_isp_","TELCAB ARGENTINA",""
"267691","src_asn_isp_","ENTER TELECOMUNICACIONES BANDA ANCHA SAS",""
"267693","src_asn_isp_","PROYTEL CONNECTIONS C.A",""
"267699","src_asn_isp_","CUBOTELECOM",""
"267745","src_asn_isp_","TELECOMUNICACIONES WIFIRED",""
"267746","src_asn_isp_","TELECOMUNICACIONES PIXEL LTDA.",""
"267749","src_asn_isp_","INVERSIONES TELCOTEL SAC",""
"267770","src_asn_isp_","COTEGUA LTDA (Coop. de Telecomunicaciones Guayaramerin Ltda.)",""
"267783","src_asn_isp_","QUALCOM TELESISTEMAS C.A.",""
"267795","src_asn_isp_","267795",""
"267796","src_asn_isp_","BETEL SOLUCIONES S.A.S",""
"267807","src_asn_isp_","PSI TELECOMUNICACIONES DE COLOMBIA LTDA",""
"267823","src_asn_isp_","Atenea Telecomunicaciones",""
"267831","src_asn_isp_","INVERSIONES EN TELECOMUNICACIONES DIGITALES",""
"267869","src_asn_isp_","CABLE Y TELECOMUNICACIONES DE COLOMBIA S.A.S (CABLETELCO)",""
"267883","src_asn_isp_","267883",""
"267903","src_asn_isp_","COOPERATIVA TELEFONICA DE MAYOR BURATOVICH LTDA",""
"267904","src_asn_isp_","TELEVISORA DEL SUR SAC",""
"267918","src_asn_isp_","TELEGA SOCIEDAD ANONIMA",""
"267925","src_asn_isp_","COOPERATIVA TELEFONICA Y OTROS SERVICIOS PUBLICOS  ASISTENCIALES EDUCATIVOS VIVIENDA CREDITO Y CONSUMO TILISARAO LIMITADA",""
"267929","src_asn_isp_","GENIONET TELECOMUNICACIONES S.A.S",""
"267933","src_asn_isp_","IBI TELECOM  AS267933",""
"267935","src_asn_isp_","GV telecomunicações",""
"267938","src_asn_isp_","UNIC SERVICOS DE TELECOMUNICACOES",""
"267940","src_asn_isp_","Olhar Digital Telecom Ltda",""
"267942","src_asn_isp_","Primeline Latam LTDA",""
"267945","src_asn_isp_","MICROCHIP-NET TELECOM SERV COM MULTIMIDIA LTDA",""
"267955","src_asn_isp_","OP TELECOM",""
"267956","src_asn_isp_","FRANCISCO WESLEY GOMES FERREIRA",""
"267957","src_asn_isp_","Andys Informatica Com. e Serv. de Info.",""
"267963","src_asn_isp_","HAYAN TELECOM",""
"267965","src_asn_isp_","PORTAL NET TELECOM SERVICOS DE COMUNICACOES LTDA",""
"267969","src_asn_isp_","AAM BOLDRINI TELECOM",""
"267973","src_asn_isp_","G.V.R. TELECOMUNICAÇÕES E SERVIÇOS LTDA - ME",""
"267980","src_asn_isp_","City Turbo Telecom",""
"267983","src_asn_isp_","L V SERVICOS DE TELECOMUNICACOES",""
"267985","src_asn_isp_","Conectiva Redes e Telecom",""
"267988","src_asn_isp_","JH SORCI TELECOMUNICAÇÃO",""
"267994","src_asn_isp_","ASN267994",""
"267997","src_asn_isp_","DANTAS & SOUZA IMPORTACAO & EXPORTACAO",""
"268013","src_asn_isp_","Optfiber Telecomunicações",""
"268019","src_asn_isp_","RODRIGUES & LEAL SERVIÇOS DE TELECOMUNICAÇÃO",""
"268022","src_asn_isp_","NORDESTE TELECOMUNICACOES E PORTAIS DE PROVEDORES",""
"268034","src_asn_isp_","Web River Telecomunicações Ltda",""
"268038","src_asn_isp_","LG Telecomunicacoes",""
"268051","src_asn_isp_","NEXFIBRA TELECOMUNICACOES LTDA",""
"268055","src_asn_isp_","LOKAL ONLINE TELECOM SERVICO DE TELECOMUNICACAO",""
"268056","src_asn_isp_","LEXCOM TELECOM",""
"268060","src_asn_isp_","FTLNET",""
"268064","src_asn_isp_","Net 1000 Telecom Ltda",""
"268069","src_asn_isp_","SPACELINK",""
"268070","src_asn_isp_","INFO CONNECT TELECOM LTDA",""
"268080","src_asn_isp_","JMA PROVEDOR DE INTERNET",""
"268083","src_asn_isp_","HOME FIBRA TELECOMUNICAÇÕES",""
"268086","src_asn_isp_","WD TELECOM SOLUCOES EM TELECOM E SEGURANCA",""
"268087","src_asn_isp_","RADIONET TELECOM LTDA",""
"268091","src_asn_isp_","ZM SERVICOS EM TELEFONIA",""
"268092","src_asn_isp_","Bottega Telecomunicações",""
"268093","src_asn_isp_","DIRECTNET TELECOM LTDA",""
"268094","src_asn_isp_","PRIME CONNECT TELECOMUNICACOES LTDA",""
"268096","src_asn_isp_","InfoBR Telecomunicações",""
"268097","src_asn_isp_","i10 Telecom",""
"268099","src_asn_isp_","BJ NET BANDA LARGA",""
"268101","src_asn_isp_","MIO TELECOM LTDA",""
"268104","src_asn_isp_","G7NET AS268104",""
"268105","src_asn_isp_","N.F.F.NETWORK SERVICOS DE TELECOMUNICACOES LTDA",""
"268107","src_asn_isp_","GERENSIS TELECOM E SERVICOS LTDA - ME",""
"268108","src_asn_isp_","UP INTERNET TELECOMUNICAÇÕES LTDA",""
"268109","src_asn_isp_","PRO TELECOM SERVIÇOS DE COMUNICAÇÃO M. LTDA",""
"268111","src_asn_isp_","S-NET TELECOM",""
"268120","src_asn_isp_","Garden Telecom",""
"268122","src_asn_isp_","ASN268122",""
"268123","src_asn_isp_","INOVA TELECOMUNICAÇÕES EIRELI",""
"268124","src_asn_isp_","CONEXAO TELECOM",""
"268125","src_asn_isp_","Jequie Telecom Servicos",""
"268126","src_asn_isp_","DGNETTelecom",""
"268129","src_asn_isp_","TAI Telecom",""
"268131","src_asn_isp_","MIX NET TELECOMUNICAÇÕES",""
"268134","src_asn_isp_","Topetex Telecom",""
"268136","src_asn_isp_","P J A TELECOMUNICACOES LTDA",""
"268137","src_asn_isp_","Net Sini Fiber Home Telecomunicação LTDA - me",""
"268144","src_asn_isp_","Grandella Telecomunicações e Construções Ltda",""
"268145","src_asn_isp_","IPV7 SERVICOS DE TELECOMUNICACOES BRASIL",""
"268146","src_asn_isp_","PKNET SERVICOS DE TELECOMUNICACOES LTDA",""
"268148","src_asn_isp_","AccessLink Telecom",""
"268149","src_asn_isp_","3One Telecomunicações e Serviços - LTDA",""
"268155","src_asn_isp_","TRACECOM SOLUCOES",""
"268157","src_asn_isp_","ELEVAR TELECOM LTDA",""
"268158","src_asn_isp_","S.P. TELECOM LTDA",""
"268166","src_asn_isp_","POINT TELECOM SERVIÇOS LTDA",""
"268168","src_asn_isp_","Fast Provedor",""
"268170","src_asn_isp_","DOWNLOAD NET TELECOM LTDA - ME",""
"268176","src_asn_isp_","LINK TELECOM EIRELI",""
"268177","src_asn_isp_","D & B TELECOMUNICAÇÕES LTDA",""
"268181","src_asn_isp_","TELECOMUNICACOES JUPI LTDA",""
"268182","src_asn_isp_","JNET TELECOM EIRELI",""
"268186","src_asn_isp_","InterOuro Telecom",""
"268188","src_asn_isp_","ROBSON LIMA DA SILVA PROVEDOR DE INTERNET",""
"268189","src_asn_isp_","Getel Telecom",""
"268191","src_asn_isp_","MARTINS TELECOM",""
"268194","src_asn_isp_","G2 Telecom",""
"268195","src_asn_isp_","LINK FLY TELECOM LTDA - ME",""
"268197","src_asn_isp_","AJR Fibervision Tecnologia e Telecom",""
"268198","src_asn_isp_","StacaoNET Telecom",""
"268201","src_asn_isp_","IGP Fibra",""
"268207","src_asn_isp_","RVT SERVICOS DE TELECOMUNICAÇÕES",""
"268209","src_asn_isp_","GISELA PEREIRA DOS SANTOS TELECOMUNICACOES-ME",""
"268213","src_asn_isp_","Full Telecom",""
"268215","src_asn_isp_","Rede Speed Telecom",""
"268219","src_asn_isp_","SDG TELECOM E SERVICOS",""
"268222","src_asn_isp_","FENIX TELECOM",""
"268229","src_asn_isp_","VIA ONDAS TELECOMUNICACOES LTDA",""
"268230","src_asn_isp_","SEA TELECOM AS268230",""
"268231","src_asn_isp_","X-CELENTE TELECOM",""
"268233","src_asn_isp_","RAPIDLINK TELECOM",""
"268235","src_asn_isp_","VLA TELECOMUNICACOES - AS268235",""
"268238","src_asn_isp_","Clicknet Telecom. Provedor de Internet LTDA",""
"268239","src_asn_isp_","Iconnect Serviços de Telecomunicações",""
"268243","src_asn_isp_","LUXFIBRA TELECOMUNICAÇÕES",""
"268246","src_asn_isp_","ATIVA TELECOM LTDA",""
"268251","src_asn_isp_","STARFIBER INTERNET",""
"268257","src_asn_isp_","SIDI SERVICOS",""
"268263","src_asn_isp_","ITABATA TELECOMUNICACOES LTDA",""
"268265","src_asn_isp_","T F LINK TELECOM",""
"268267","src_asn_isp_","INFONET TELECOM",""
"268271","src_asn_isp_","MINAS NET TELECOM LTDA",""
"268272","src_asn_isp_","TBN TELECOMUNICACOES LTDA ME",""
"268274","src_asn_isp_","JE INFORMATICA LTDA ME",""
"268275","src_asn_isp_","GOOD TELECOM PROVEDOR DE INTERNET LTDA",""
"268286","src_asn_isp_","TECH PIGNATON TELECOM",""
"268288","src_asn_isp_","JUPITTER TELECOM PROVEDOR",""
"268289","src_asn_isp_","Audicom Telecom",""
"268291","src_asn_isp_","MI NET TELECOM",""
"268294","src_asn_isp_","NovoLink Telecomunicacoes Ltda",""
"268296","src_asn_isp_","BARRANET TELECOMUNICAÇÕES LTDA",""
"268299","src_asn_isp_","ACESS TELECOMUNICACOES",""
"268300","src_asn_isp_","Ativar Telecom",""
"268305","src_asn_isp_","T & I TELECOMUNICAÇÕES LTDA ME",""
"268310","src_asn_isp_","IBNET TELECOM LTDA",""
"268311","src_asn_isp_","Dconnect Telecom",""
"268314","src_asn_isp_","EWERTON DA SILVA LOPES TELECOMUNICAÇÕES",""
"268316","src_asn_isp_","VAITELECOM LTDA ME",""
"268317","src_asn_isp_","CSTELECOM SERVICOS LTDA",""
"268320","src_asn_isp_","GRUPO INOVA MAIS TELECOM LTDA",""
"268321","src_asn_isp_","SM Passos Kayser Sistemas de Comunicações",""
"268323","src_asn_isp_","AZZA TELECOM",""
"268324","src_asn_isp_","Provecom",""
"268329","src_asn_isp_","ONLINE TELECOMUNICACOES LTDA",""
"268330","src_asn_isp_","LOUZEIRO & MORAIS",""
"268331","src_asn_isp_","LINK BARATO",""
"268335","src_asn_isp_","ORACLON TELECOM",""
"268336","src_asn_isp_","A Fróes da Mota telecomunicaçoes",""
"268339","src_asn_isp_","MOBILLE TELECOM",""
"268344","src_asn_isp_","TECKLINK NET",""
"268346","src_asn_isp_","FIBERNETT TELECOM",""
"268349","src_asn_isp_","ALAGOINHAS TELECOM",""
"268350","src_asn_isp_","R.R.COMUNICAÇÃO & MULTIMIDIA EIRELI",""
"268352","src_asn_isp_","Dendena Koerich e Vieira",""
"268353","src_asn_isp_","PPLINKNET",""
"268360","src_asn_isp_","TB TELECOM LTDA",""
"268362","src_asn_isp_","ALANHOUSE NET TELECOM LTDA - ME",""
"268364","src_asn_isp_","ADSON CORREIA DA SILVA",""
"268365","src_asn_isp_","VALDEMIR DE SANTANA ROLIM - ELETROTEL",""
"268367","src_asn_isp_","ITELFIBRA TELECOMUNICAÇÕES LTDA",""
"268371","src_asn_isp_","COOPERA TELECOMUNICACOES",""
"268373","src_asn_isp_","ESTARNET",""
"268374","src_asn_isp_","Telnet Servicos e Comércio em Informática Ltda.",""
"268377","src_asn_isp_","LOCALNET TELECOM",""
"268383","src_asn_isp_","RCSANTOS SERVICOS DE TELECOMINICAÇOES E",""
"268384","src_asn_isp_","JC TELECOM",""
"268391","src_asn_isp_","GramNet",""
"268392","src_asn_isp_","Hagalink Telecomunicacoes Ltda - Me",""
"268394","src_asn_isp_","Casavechia & Pierobom Telecomunicações Ltda - Me",""
"268398","src_asn_isp_","Connecta Comercio de Informatica e Telecom",""
"268402","src_asn_isp_","CALIFORNIA TELECOM LTDA",""
"268407","src_asn_isp_","TOP MASTER TELECOM",""
"268409","src_asn_isp_","Teleart Internet",""
"268413","src_asn_isp_","ACENO TELECOMUNICACOES LTDA",""
"268418","src_asn_isp_","Viniix Telecom",""
"268423","src_asn_isp_","susana g de souza me",""
"268425","src_asn_isp_","TURBOMAIS NETWORKS TELECOMUNICAÇÕES LTDA",""
"268428","src_asn_isp_","Client",""
"268429","src_asn_isp_","SISTELBRAS TELECOM",""
"268430","src_asn_isp_","L&R Soluções em Telecomunicações",""
"268434","src_asn_isp_","Quadri Telecom",""
"268436","src_asn_isp_","Starcamp",""
"268437","src_asn_isp_","Braxtel Telecom e Ti",""
"268449","src_asn_isp_","SL Telecomunicações EIRELI",""
"268455","src_asn_isp_","MASS TELECOMUNICAÇÃO",""
"268458","src_asn_isp_","VIRTUAL NET TELECOM",""
"268470","src_asn_isp_","CONECTAR TELECOM BANDA LARGA LTDA",""
"268473","src_asn_isp_","NATANIEL DOS SANTOS TELECOMUNICAÇÃO",""
"268477","src_asn_isp_","Juniorweb Telecomunicações",""
"268480","src_asn_isp_","ALTA VELOCIDADE TELECOMUNICACOES LTDA",""
"268481","src_asn_isp_","CENTERSAT TELECOMUNICACOES LTDA",""
"268482","src_asn_isp_","Connect Telecomunicações",""
"268484","src_asn_isp_","AIRNET INTERNET TELECOM",""
"268485","src_asn_isp_","Fibrativa Telecomunicaçoes - Eireli - ME",""
"268487","src_asn_isp_","PRISMA TELECOMUNICAÇÕES LTDA. EPP",""
"268493","src_asn_isp_","SpeedNet Telecom",""
"268494","src_asn_isp_","TURBO NET TELECOMUNICAÇÃO",""
"268500","src_asn_isp_","B C INFORMATICA E TELECOMUNICACOES LTDA",""
"268502","src_asn_isp_","Sinal do Ceu Telecom Comercio e Servicos",""
"268503","src_asn_isp_","L.L Informatica",""
"268505","src_asn_isp_","Deep Telecom",""
"268506","src_asn_isp_","LEON TELECOM LTDA",""
"268508","src_asn_isp_","BONZONE Telecom",""
"268509","src_asn_isp_","COMPLETA Telecomunicações",""
"268512","src_asn_isp_","VOO TELECOM",""
"268514","src_asn_isp_","PLUS TELECOM DO BRASIL",""
"268516","src_asn_isp_","Midia Net Telecom",""
"268518","src_asn_isp_","Starnet Telecom",""
"268525","src_asn_isp_","E3 Telecom",""
"268528","src_asn_isp_","MR7 TELECOM LTDA - ME",""
"268538","src_asn_isp_","Conecta Network Telecom LTDA",""
"268539","src_asn_isp_","Intra Telecomunicação",""
"268540","src_asn_isp_","RJ NET SERVICOS E COMERCIO LTDA - ME",""
"268541","src_asn_isp_","Skyturbo Telecom",""
"268543","src_asn_isp_","ASL Telecomunicações",""
"268544","src_asn_isp_","C ANDRE C SILVA",""
"268545","src_asn_isp_","NNET TELECOMUNICAÇÃO LTDA",""
"268546","src_asn_isp_","RIOTELE-REAL INTERNET OPTICA TELECOMUNICACOES",""
"268547","src_asn_isp_","Infortread Telecom",""
"268551","src_asn_isp_","DMC TELECOM",""
"268554","src_asn_isp_","CDM TELECOM",""
"268556","src_asn_isp_","RG Correa Telecomunicaçoes",""
"268557","src_asn_isp_","A B DA SILVA TELECOMUNICACOES",""
"268560","src_asn_isp_","VIPTELECOM INTERNET BANDA LARGA",""
"268568","src_asn_isp_","ImplantarTelecomNet",""
"268569","src_asn_isp_","SIMTEL INTERNET TELECOM LTDA",""
"268571","src_asn_isp_","AxtelFibra Internet",""
"268572","src_asn_isp_","ultraWIFI Telecom",""
"268573","src_asn_isp_","GNET TELECOM SERVIÇOS COMUNICAÇÃO LTDA",""
"268576","src_asn_isp_","CONECT TELECOM LTDA - ME",""
"268577","src_asn_isp_","LIGEIRO FIBRA TELECOM LTDA",""
"268586","src_asn_isp_","BAHIA FIBRA TELECOM LTDA",""
"268588","src_asn_isp_","ASN268588",""
"268597","src_asn_isp_","RC TELECOMUNICAOES",""
"268600","src_asn_isp_","GiroNet Provedor de Internet e Telecom",""
"268605","src_asn_isp_","SRG TELECOM",""
"268610","src_asn_isp_","Mais Tech Telecom",""
"268611","src_asn_isp_","WJ NET",""
"268616","src_asn_isp_","Fast Connect Telecomunicações Ltda",""
"268617","src_asn_isp_","G7 Telecom servicos de Internet LTDA.",""
"268621","src_asn_isp_","KEEPNET TELECOMUNICAÇÕES LTDA ME",""
"268622","src_asn_isp_","OLIVEIRA TELECOM",""
"268623","src_asn_isp_","VTEK TELECOM",""
"268625","src_asn_isp_","NETFAST TELECOMUNICACOES E MULTIMIDIA LTDA",""
"268628","src_asn_isp_","ROX TELECOM",""
"268631","src_asn_isp_","CALU.COM",""
"268635","src_asn_isp_","FIBER UP TELECOM EIRELI",""
"268643","src_asn_isp_","GMTelecom",""
"268644","src_asn_isp_","Eletrochip Informática e Telecomunicações Ltda.",""
"268645","src_asn_isp_","AJA DIGITAL",""
"268647","src_asn_isp_","DFLASH NET TELECOM E TURISMO",""
"268653","src_asn_isp_","4K Telecom",""
"268656","src_asn_isp_","TELESAT SERVICOS DE TELECOMUNICACOES LTDA",""
"268657","src_asn_isp_","BLESS TELECOMUNICACOES LTDA",""
"268661","src_asn_isp_","INFRANET TELECOM",""
"268665","src_asn_isp_","Raquel Storch Almeida de Oliveira",""
"268674","src_asn_isp_","Conexão Bahia Sul",""
"268675","src_asn_isp_","Web Fiber Provedor Telecom Acesso A Redes de Inter",""
"268679","src_asn_isp_","Mikol Net Telecomunicaçoes LTDA Eirele ME",""
"268689","src_asn_isp_","LINKAR TELECOM",""
"268698","src_asn_isp_","CONNECTCEU TELECOM EIRELI",""
"268699","src_asn_isp_","SOLPTEC TELECOM",""
"268700","src_asn_isp_","FLL - NETPLACE TELECOM",""
"268704","src_asn_isp_","PERNAMBUCO TELECOM LTDA",""
"268707","src_asn_isp_","4WNET AS268707",""
"268710","src_asn_isp_","YES FIBRA TELECOMUNICACOES LTDA",""
"268725","src_asn_isp_","Planex Telecom",""
"268726","src_asn_isp_","TOPNET SERVIÇOS DE TELECOMU E MULTIMÍDIA",""
"268728","src_asn_isp_","ALLREDE TELECOM (TI5)",""
"268730","src_asn_isp_","M. Alves Paulino Telecom",""
"268733","src_asn_isp_","MaetingaNET",""
"268737","src_asn_isp_","CONECT TELECOM COMUNICAÇÃO LTDA",""
"268742","src_asn_isp_","DURVAL TELECOM LTDA",""
"268751","src_asn_isp_","IBV Telecom",""
"268753","src_asn_isp_","Florestawii Telecom Servicos de Comunicacao LTDA M",""
"268755","src_asn_isp_","Stok Info Telecom Ltda-me",""
"268757","src_asn_isp_","BRITO & GONCALVES LTDA ME",""
"268771","src_asn_isp_","BINARY NET TELECOMUNICAÇÕES EIRELI",""
"268773","src_asn_isp_","VLA TELECOMUNICACOES - AS268773",""
"268782","src_asn_isp_","H-NET TELECOM",""
"268785","src_asn_isp_","Vlink Telecom",""
"268787","src_asn_isp_","SEU WIFI TELECOM LTDA",""
"268788","src_asn_isp_","HEXA TELECOM",""
"268791","src_asn_isp_","E C de CANO",""
"268795","src_asn_isp_","TELEXTRA TELECOMUNICACOES",""
"268798","src_asn_isp_","JG TELECOM",""
"268801","src_asn_isp_","REGINALDO FIRMO MARTINS JUNIOR",""
"268803","src_asn_isp_","JRB TELECOM LTDA",""
"268809","src_asn_isp_","EDILEUZA EVARISTO BARRETO",""
"268810","src_asn_isp_","BAIANA NET TELECOM",""
"268811","src_asn_isp_","GFA Telecomunicações",""
"268815","src_asn_isp_","L & R NET SERVICOS DE TELECOMUNICACOES LTDA - ME",""
"268817","src_asn_isp_","FIBER TELECOMUNICACOES",""
"268818","src_asn_isp_","KOBERTURA TELECOM LTDA",""
"268822","src_asn_isp_","VILA RESENDE TELECOMUNICAÇÕES LTDA ME.",""
"268823","src_asn_isp_","LancheNet Telecom",""
"268824","src_asn_isp_","Connectmax Telecom",""
"268828","src_asn_isp_","ONDANET TELECOM FIBRA OPTICA EIRELI",""
"268829","src_asn_isp_","JARAGUA TECNOLOGIA EM TELECOMUNICACOES",""
"268831","src_asn_isp_","M & M telecomunicações e Multimidia",""
"268836","src_asn_isp_","SOW Telecomunicações",""
"268842","src_asn_isp_","Igap Net",""
"268863","src_asn_isp_","M & G TELECON LTDA",""
"268867","src_asn_isp_","F. I. & E. TELECOM",""
"268869","src_asn_isp_","FIBRA PLUS TELECOM",""
"268872","src_asn_isp_","VALETELECOM CE",""
"268879","src_asn_isp_","RASÃO SYGANET TELECOMUNICAÇÕES LTDA",""
"268881","src_asn_isp_","NMULTIFIBRA TELECOMUNICAÇÃO LTDA",""
"268882","src_asn_isp_","Mais Rede Telecom",""
"268884","src_asn_isp_","Triplotel",""
"268885","src_asn_isp_","Kinet Telecom - AS268885",""
"268892","src_asn_isp_","DBS TELECOM",""
"268909","src_asn_isp_","ALAICOMNET",""
"268919","src_asn_isp_","SHOW NET TELECOM EIRELI",""
"268925","src_asn_isp_","TELLCORP TELECOMUNICACOES CORPORATIVAS",""
"268935","src_asn_isp_","VibeNet Telecom",""
"268939","src_asn_isp_","CIDADE SONHO TELECOM EIRELI - EPP",""
"268944","src_asn_isp_","Martins & Martins Telecom",""
"268946","src_asn_isp_","SMNET TELECOMUNICACOES",""
"268953","src_asn_isp_","G6 TELECOM",""
"268956","src_asn_isp_","ESPECIALNET TELECOM LTDA",""
"268962","src_asn_isp_","CONNECT TELECOMUNICAÇÕES E INTERNET LTDA",""
"268966","src_asn_isp_","i9 Master - Consultoria Tecnologicas & Telecom Eireli",""
"268969","src_asn_isp_","MegaNet Telecom",""
"268973","src_asn_isp_","B C NET TELECOM",""
"268975","src_asn_isp_","GLOBAL TELECOM SERVICOS DE COMUNICACAO E MULTIMIDI",""
"268976","src_asn_isp_","Weclix Telecom",""
"268978","src_asn_isp_","LINK NET TELECOMUNICACOES LTDA",""
"268980","src_asn_isp_","NOXY COMUNICAÇÃO E TELECOMUNICAÇÃO LTDA.",""
"268983","src_asn_isp_","NAXOS TELECOM",""
"268988","src_asn_isp_","MULTINET TELECOM",""
"268990","src_asn_isp_","Inforfelixnet Telecomunicaçoes Ltda ME",""
"268998","src_asn_isp_","WINFORBYTE TELECOM",""
"269000","src_asn_isp_","JG TELECOM COM. E SERVS. LTDA",""
"269002","src_asn_isp_","ISOUL SOLUCOES CORPORATIVAS E TELECOMUNICACOES LTD",""
"269004","src_asn_isp_","MORE SPEED INFORMATICA E TELECOM",""
"269008","src_asn_isp_","ANDRE HACKBARTH",""
"269014","src_asn_isp_","VIVEZA TELECOM AS269014",""
"269028","src_asn_isp_","L2Comercio",""
"269030","src_asn_isp_","TOPSAPP SOLUCOES EM TELECOMUNICACOES E REDES AVANC",""
"269033","src_asn_isp_","Extremnet Telecom",""
"269035","src_asn_isp_","David Martins Ferreira Telecomunicação - ME",""
"269036","src_asn_isp_","ATEX",""
"269037","src_asn_isp_","L2M TELECOMUNICAÇÕES EIRELI",""
"269039","src_asn_isp_","DENISE DE OLIVEIRA SILVA",""
"269042","src_asn_isp_","SPEEDY PAUL TELECOM",""
"269046","src_asn_isp_","First Telecom Network",""
"269056","src_asn_isp_","LNK Telecom",""
"269057","src_asn_isp_","VELOZ FIBRA",""
"269065","src_asn_isp_","T. L DA SILVA - REDE MEGANET TELECOM LTDA",""
"269067","src_asn_isp_","RVTNET",""
"269073","src_asn_isp_","NipTelecom Telecomunicacoes LTDA",""
"269077","src_asn_isp_","VISION TELECOM SERVICOS DE COMUNICACAO MULTIMIDIA",""
"269079","src_asn_isp_","SUPERNETMAIS TELECOMUNICAÇOES",""
"269080","src_asn_isp_","AFIBRA TELECOM LTDA - ME",""
"269082","src_asn_isp_","Fonseca Telecomunicacoes",""
"269083","src_asn_isp_","WORLD NET TELECOMUNICACOES",""
"269084","src_asn_isp_","Global Tech Telecom Ltda - ME",""
"269089","src_asn_isp_","Hilan Telecom",""
"269092","src_asn_isp_","ASN269092",""
"269096","src_asn_isp_","NORTH TELECOMUNICACOES",""
"269103","src_asn_isp_","FGTELECOM",""
"269107","src_asn_isp_","J L TELECOMUNICACAO E MULTIMIDIA COMERCIO E SERVIC",""
"269108","src_asn_isp_","UNT TELECOM",""
"269109","src_asn_isp_","MARKTEC TELECOM",""
"269113","src_asn_isp_","UNO TELECOM LTDA",""
"269118","src_asn_isp_","Gtn Telecom",""
"269124","src_asn_isp_","JRNET TELECOM",""
"269129","src_asn_isp_","WJL TECNOLOGIA & TELECOMUNICACOES",""
"269131","src_asn_isp_","LK Maia Telecon LTDA-ME",""
"269136","src_asn_isp_","Andre L. Azariti & Cia LTDA",""
"269138","src_asn_isp_","ASN269138",""
"269139","src_asn_isp_","AN TELECOM",""
"269140","src_asn_isp_","VRM Telecom",""
"269146","src_asn_isp_","NOKE TELECOMUNICACOES",""
"269147","src_asn_isp_","VALE VERDE TELECOMUNICACOES LTDA - ME",""
"269151","src_asn_isp_","SWAP TELECOM",""
"269153","src_asn_isp_","Conecte Telecom",""
"269158","src_asn_isp_","SPEED TELECOM",""
"269159","src_asn_isp_","José Williams da Silva Santos - ME",""
"269164","src_asn_isp_","planoip telecom",""
"269170","src_asn_isp_","ASN269170",""
"269172","src_asn_isp_","JCM NET TELECOM LTDA",""
"269173","src_asn_isp_","TECNET TELECOM",""
"269174","src_asn_isp_","FIXANET TELECOM PROVEDOR DE INTERNET",""
"269177","src_asn_isp_","NEUTRA TELECOMUNICACOES DO BRASIL LTDA",""
"269179","src_asn_isp_","CONNECT FIBER TELECOM",""
"269182","src_asn_isp_","PLUGAR TELECOMUNICACOES",""
"269183","src_asn_isp_","sim telecomunicação e multimidia",""
"269185","src_asn_isp_","Globalfiber Telecom LTDA",""
"269186","src_asn_isp_","LAN INTERNET TELECOM",""
"269188","src_asn_isp_","HUBTEL TECNOLOGIA DE COMUNICAÇÃO EIRELI",""
"269193","src_asn_isp_","Iktelecom Ltda",""
"269199","src_asn_isp_","INFOTEC TELECON LTDA",""
"269200","src_asn_isp_","CONNECT TELECOMUNICACOES LTDA",""
"269204","src_asn_isp_","FIBER.NET",""
"269208","src_asn_isp_","INOVA GUARUS TELECOM",""
"269211","src_asn_isp_","MUND NET TELECOMUNICAÇÕES LTDA ME",""
"269212","src_asn_isp_","INSTALE TELECOM",""
"269214","src_asn_isp_","J V ANDRADE TELECOMUNICAÇÕES EIRELI ME",""
"269215","src_asn_isp_","Mega Net Telecom",""
"269220","src_asn_isp_","Vamos Internet Telecom",""
"269231","src_asn_isp_","BIOS NETWORKS TELECOMUNICAÇÕES",""
"269243","src_asn_isp_","RedeVista Telecom",""
"269245","src_asn_isp_","Cabo Fibra Telecom",""
"269246","src_asn_isp_","VCONNECT TELECOM",""
"269249","src_asn_isp_","Nexo Telecom LTDA",""
"269250","src_asn_isp_","EVOLUCAO TELECOM LTDA",""
"269252","src_asn_isp_","Jato64 Telecomunicações",""
"269258","src_asn_isp_","NETBOX TELECOM EIRELI - ME",""
"269260","src_asn_isp_","Fabreu Telecom & Serviços",""
"269261","src_asn_isp_","NETMAXXI TELECOMUNICACOES E INFORMATICA",""
"269269","src_asn_isp_","V1 Informática",""
"269273","src_asn_isp_","Jcnet Telecom LTDA",""
"269279","src_asn_isp_","ARENA TELECOM",""
"269288","src_asn_isp_","DW SOLUTIONS SERVICOS DE TELECOMUNICACAO",""
"269293","src_asn_isp_","Goldfibra Telecomunicaçoes ltda.",""
"269299","src_asn_isp_","New HB Servicos de Telecomunicacoes",""
"269301","src_asn_isp_","S. DANTAS QUEIROZ TELECOM",""
"269302","src_asn_isp_","Fourlink Telecom Serviços de Telecomunicações Ltda",""
"269308","src_asn_isp_","TELECOM ORBI",""
"269309","src_asn_isp_","FIBRA LIVE SERVICOS DE TELECOMUNICACOES LTDA",""
"269317","src_asn_isp_","MM TELECOM",""
"269318","src_asn_isp_","VIRTUAL NETWORK TELECOM LTDA",""
"269319","src_asn_isp_","PSTELECOM",""
"269326","src_asn_isp_","A2 TELECOM PROVEDOR DE INTERNET LTDA",""
"269329","src_asn_isp_","Lidernet Telecom AS269329",""
"269335","src_asn_isp_","SUPORT TELECOM LTDA",""
"269338","src_asn_isp_","JATO NET TELECOMUNICAÇÕES",""
"269339","src_asn_isp_","ASN269339",""
"269340","src_asn_isp_","BM SERVICOS EM TELECOMUNICACOES",""
"269351","src_asn_isp_","MR TELECOMUNICACOES LTDA",""
"269352","src_asn_isp_","Netcenter Telecom",""
"269354","src_asn_isp_","NDD TELECOM - SERVICOS DE COMUNICACOES",""
"269355","src_asn_isp_","VSC TELECOM EIRELI - ME",""
"269357","src_asn_isp_","Inter fibra telecomunicação",""
"269358","src_asn_isp_","Net Turbo Telecom",""
"269359","src_asn_isp_","CANAA TELECOMUNICAÇÕES LTDA - ME",""
"269363","src_asn_isp_","S GALVAO TELECOMUNICACOES",""
"269365","src_asn_isp_","SEA FIBER TELECOMUNICACOES",""
"269368","src_asn_isp_","Providers Serviços em Telecomunicações LTDA",""
"269373","src_asn_isp_","RG TELECOM",""
"269374","src_asn_isp_","CLUSTERS TELECOM INFORMATICA LTDA ME",""
"269380","src_asn_isp_","UP LINK TELECOM",""
"269382","src_asn_isp_","PORTAL NET TELECOM SERVIÃOS DE INTERNET",""
"269383","src_asn_isp_","FIRST NET TELECOMUNICACOES LTDA",""
"269389","src_asn_isp_","MundialNet Telecom",""
"269396","src_asn_isp_","UNIR TELECOM",""
"269401","src_asn_isp_","EY TELECOMUNICACOES",""
"269402","src_asn_isp_","WaveTech Telecom",""
"269403","src_asn_isp_","Wi-Fi Net Telecom",""
"269405","src_asn_isp_","ASN269405",""
"269409","src_asn_isp_","Rio Online Telecomunicações e Informática Ltda Me",""
"269411","src_asn_isp_","G3LINK TELECOM SERVICO DE COMUNICACAO MULTIMIDIA",""
"269412","src_asn_isp_","Oeste Telecom",""
"269416","src_asn_isp_","SEMEAR TELECOM",""
"269422","src_asn_isp_","ASN269422",""
"269423","src_asn_isp_","NETNOAR TELECOM",""
"269425","src_asn_isp_","RN TELECOMUNICACOES",""
"269427","src_asn_isp_","ONSTARK SISTEMAS INTELIGENTES LTDA -EPP",""
"269429","src_asn_isp_","Agility Telecom",""
"269430","src_asn_isp_","TERA TELECOM LTDA ME",""
"269432","src_asn_isp_","LINK3 TELECOM",""
"269433","src_asn_isp_","LINK TELECOM SERVIÇOS DE INTERNET",""
"269435","src_asn_isp_","SISTEL FIBRA",""
"269436","src_asn_isp_","ASN269436",""
"269437","src_asn_isp_","PRADO TELECOM E SISTEMAS DE SEGURANÇA ELETRONICA",""
"269442","src_asn_isp_","VG NET SERVIÇOS DE TELECOM",""
"269447","src_asn_isp_","Aquidaweb Telecomunicações e Multimidia Ltda EPP",""
"269448","src_asn_isp_","Gignet Telecom",""
"269455","src_asn_isp_","GLFIBRA SERVICOS DE TELECOMUNICACOES LTDA",""
"269456","src_asn_isp_","F & F COMERCIO E SERVICOS DE TELECOMUNICACAO E SEG",""
"269457","src_asn_isp_","G+B SISTEMAS E AUTOMACAO",""
"269460","src_asn_isp_","NEW NET LG SOLUCOES TELECOMUNICACOES E INFORMATICA",""
"269466","src_asn_isp_","DW Telecom",""
"269467","src_asn_isp_","P4NET Telecom",""
"269469","src_asn_isp_","GIGAR TELECOMUNICACOES LTDA ME",""
"269473","src_asn_isp_","i4 Telecom Eireli",""
"269474","src_asn_isp_","YOUPLOAD TELECOM",""
"269475","src_asn_isp_","STI Telecom",""
"269477","src_asn_isp_","CN-TELECOM LTDA",""
"269478","src_asn_isp_","67 TELECOMUNICACOES",""
"269479","src_asn_isp_","TTINET TELECOMUNICACOES",""
"269480","src_asn_isp_","MEGAWEB TELECOM NETWORK LTDA",""
"269482","src_asn_isp_","UP TELECOM LTDA",""
"269483","src_asn_isp_","ASN269483",""
"269484","src_asn_isp_","Start Telecom",""
"269485","src_asn_isp_","JRNETWORKS Telecom",""
"269487","src_asn_isp_","PRIME TELECOM LTDA",""
"269488","src_asn_isp_","RRLINK TELECOM",""
"269490","src_asn_isp_","SYNCNET TELECOM",""
"269493","src_asn_isp_","WGO CONNECT TELECOMUNICACOES",""
"269495","src_asn_isp_","FibraMania Serviços de Telecomunicações",""
"269499","src_asn_isp_","FIBRALINK INTERNET E TELECOMUNICACOES",""
"269501","src_asn_isp_","OneTech Telecom",""
"269502","src_asn_isp_","TECHNET COMUNICACAO MULTIMIDIA",""
"269505","src_asn_isp_","Paranet Telecom Eireli ME",""
"269506","src_asn_isp_","BRLOGNET TELECOMUNICACOES LTDA",""
"269510","src_asn_isp_","LEÃO VASCONCELOS INFORMÁTICA",""
"269512","src_asn_isp_","LM-NET TELECOM",""
"269513","src_asn_isp_","Aladusnet Informatica e Telecomunicaçao",""
"269516","src_asn_isp_","SOLUÇÃO TELECOMUNICAÇÕES",""
"269517","src_asn_isp_","Spacenet Telecom",""
"269518","src_asn_isp_","Infibra Telecom Serviços de Comunicação e Tecnologia Ltda",""
"269519","src_asn_isp_","UAU TELECOM PROVEDOR DE INTERNET",""
"269524","src_asn_isp_","Suprema Network Telecom",""
"269525","src_asn_isp_","ISP2 Telecom",""
"269526","src_asn_isp_","AFS TELECOM LTDA. -ME",""
"269527","src_asn_isp_","Impertech Telecom",""
"269529","src_asn_isp_","M2 TELECOMUNICAÇÃO",""
"269530","src_asn_isp_","AccessNet Telecomunicações",""
"269535","src_asn_isp_","TEC PLUS TELECOMUNICAO",""
"269537","src_asn_isp_","MUNDO TELECOM E SERVICOS LTDA - EPP",""
"269538","src_asn_isp_","CONECTEC NET LTDA",""
"269544","src_asn_isp_","ASN269544",""
"269546","src_asn_isp_","BITNET TELECOM",""
"269547","src_asn_isp_","TERALINK TELECOMUNICACOES EIRELI",""
"269554","src_asn_isp_","Três Marias Fiber Telecom",""
"269556","src_asn_isp_","MORFEU TELECOMUNICÇÕES",""
"269563","src_asn_isp_","MAX3 TELECOM",""
"269569","src_asn_isp_","Popnet Servicos De Telecomunicacoes Eireli",""
"269571","src_asn_isp_","TEX TELECOM EIRELI",""
"269572","src_asn_isp_","SPEED JET TELECOM",""
"269578","src_asn_isp_","M T Net Telecom LTDA",""
"269581","src_asn_isp_","Marcelo & Renato Digital Net LTDA",""
"269583","src_asn_isp_","+NET TELECOM",""
"269591","src_asn_isp_","DOBLERNET TELECOMUNICAÇÕES",""
"269595","src_asn_isp_","VGRNET",""
"269600","src_asn_isp_","Fourfibras Serviços de Telecom",""
"269603","src_asn_isp_","MM Telecomunicações LTDA.",""
"269604","src_asn_isp_","JNETCOM TELECOM",""
"269614","src_asn_isp_","ONLLINE TELECOMUNICACOES",""
"269615","src_asn_isp_","FIBRAXX TELECOM",""
"269617","src_asn_isp_","Solutions Telecom Provedor de Internet LTDA - ME",""
"269618","src_asn_isp_","Link Uniao Telecom",""
"269632","src_asn_isp_","Ops Telecomunicações",""
"269633","src_asn_isp_","LCE TELECOM",""
"269634","src_asn_isp_","FIXTELL TELECOM NE LTDA",""
"269635","src_asn_isp_","SC TELECOMUNICAÇÕES LTDA",""
"269636","src_asn_isp_","ACTIVEX TELECOMUNICACOES LTDA",""
"269637","src_asn_isp_","INFOLAGOS TELECOM",""
"269638","src_asn_isp_","SPEEDY TELECOM",""
"269639","src_asn_isp_","WORKSAT SERVIÇOS DE TELECOMUNICAÇÕES",""
"269640","src_asn_isp_","NETCITY TELECOM LTDA",""
"269642","src_asn_isp_","MILENIUM TELECOMUNICACOES LTDA ME",""
"269644","src_asn_isp_","FORMOSA INTERNET E TELECOMUNICAÇÕES LTDA",""
"269646","src_asn_isp_","G4 Telecom Fibra",""
"269650","src_asn_isp_","ARK TELECOM",""
"269656","src_asn_isp_","RK Telecom Provedor Internet LTDA",""
"269657","src_asn_isp_","MPLINE TELECOM",""
"269662","src_asn_isp_","TELE FIBRAS INTERNET BANDA LARGA LTDA",""
"269664","src_asn_isp_","MAIS TELECOMUNICACOES LTDA",""
"269665","src_asn_isp_","LEKST TELECOM",""
"269668","src_asn_isp_","NAZASEG TELECOM",""
"269670","src_asn_isp_","VIACLIP INTERNET E TELECOMUNICAÇÕES LTDA",""
"269676","src_asn_isp_","FORCA E ACAO SERVICOS DE TELECOMUNICACAO EIRELI",""
"269678","src_asn_isp_","NETGTI Internet e Telecomunicações",""
"269680","src_asn_isp_","TCL Cortez Servicoes en telecominicacoes",""
"269681","src_asn_isp_","BEAM TELECOM IMP EXP LTDA",""
"269683","src_asn_isp_","Rednet Telecom",""
"269684","src_asn_isp_","LANFIBRA",""
"269687","src_asn_isp_","Inova Teleinformatica",""
"269688","src_asn_isp_","ASN269688",""
"269695","src_asn_isp_","SYSTEMCOMP INFORMATICA E TELECOMUNICACAO EIRELI",""
"269696","src_asn_isp_","KMS NETWORK TELECOM LTDA",""
"269698","src_asn_isp_","INTERCLUB FIBRA TELECOM LTDA",""
"269704","src_asn_isp_","G DE OLIVEIRA LIMA SERVICOS DE TELECOMUNICOES",""
"269705","src_asn_isp_","Jms Telecom",""
"269707","src_asn_isp_","Prata Telecom",""
"269712","src_asn_isp_","OCTA TELECOM",""
"269713","src_asn_isp_","Voo Telecom AP",""
"269714","src_asn_isp_","Vipfiber Telecom Ltda",""
"269715","src_asn_isp_","InfinityGo Telecom",""
"269719","src_asn_isp_","GN TELECOM",""
"269720","src_asn_isp_","AMD TELECOM LTDA",""
"269733","src_asn_isp_","REDCENTRAL TELECOMUNICACIONES LTDA",""
"269738","src_asn_isp_","Chircalnet Telecom",""
"269742","src_asn_isp_","AVIDTEL E.U.",""
"269743","src_asn_isp_","UNIMOS EMPRESA MUNICIPAL DE TELECOMUNICACIONES DE IPIALES S.A. E.S.P.",""
"269797","src_asn_isp_","LOCH TEL SRL (GOLOCHTEL)",""
"269803","src_asn_isp_","INVENTA TELECOMUNICACIONES",""
"269816","src_asn_isp_","TELE MON",""
"269831","src_asn_isp_","SERVICIO DE TELECOMUNICACIONES OROBLA",""
"269832","src_asn_isp_","MDSTELECOM",""
"269841","src_asn_isp_","COMNET TELECOM CRP S.A.",""
"269843","src_asn_isp_","BANTEL",""
"269852","src_asn_isp_","LOJANOS TELECOMUNICACIONES",""
"269873","src_asn_isp_","COOPERATIVA TELEFONICA INTEGRAL DE OBRAS Y PROVISION DE SERVICIOS PUBLICOS SANTA SYLVINA LTDA",""
"269877","src_asn_isp_","SERVICIO DE TELECOMUNICACIONES 7NET LIMITADA",""
"269898","src_asn_isp_","Speedmax Telecom",""
"269901","src_asn_isp_","MARAVECA TELECOMUNICACIONES",""
"269918","src_asn_isp_","SISTEMAS TELCORP C.A.",""
"269921","src_asn_isp_","Telecable Central Puerto Plata",""
"269928","src_asn_isp_","TELECOMUNICACIONES RHJ C. A.",""
"269936","src_asn_isp_","TELEVISION MONTALVO VISION MONVISION",""
"269938","src_asn_isp_","ADN TELECOM",""
"269944","src_asn_isp_","CONNECTA TELECOMUNICACIONES",""
"269952","src_asn_isp_","ARZE NORBERTO DELFIN (NORTEL)",""
"269975","src_asn_isp_","CORPORACION CONEXTELECOM",""
"269980","src_asn_isp_","K.G.B. TELECOMUNICACIONES S.A.S",""
"270006","src_asn_isp_","INTEL COMUNICACIONES PERÚ SAC",""
"270023","src_asn_isp_","TELECOM BOLIVIA S.A.C",""
"270026","src_asn_isp_","RED SERVITEL",""
"270027","src_asn_isp_","TELESMART S.A",""
"270031","src_asn_isp_","TELENET DIGITAL",""
"270037","src_asn_isp_","ComWiFi",""
"270044","src_asn_isp_","CORRIENTES TELECOMUNICACIONES",""
"270045","src_asn_isp_","TELECOMUNICACIONES OPORTUNAS INTELIGENTES SRL",""
"270051","src_asn_isp_","PLANET TELECOM COLOMBIA S.A.S",""
"270052","src_asn_isp_","STARTELECOM S.A.",""
"270071","src_asn_isp_","SIGNAL-TELECOM TELECOMUNICACIONES & T.I CIA",""
"270082","src_asn_isp_","iWay",""
"270086","src_asn_isp_","FIRTEL",""
"270149","src_asn_isp_","CFE TELECOMUNICACIONES E INTERNET PARA TODOS",""
"270158","src_asn_isp_","WANTELCO SA DE CV",""
"270161","src_asn_isp_","Television Internacional S.A. de C.V.",""
"270169","src_asn_isp_","SISTEMAS DE TELEVISION POR CABLE DE MICHOACAN",""
"270200","src_asn_isp_","MEGABIT TELECOMUNICACIONES SA DE CV",""
"270221","src_asn_isp_","Rhino Telecom Sapi de CV",""
"270237","src_asn_isp_","MULT3 TELECOM",""
"270241","src_asn_isp_","m.a.carvalho telecomunicacoes - me",""
"270242","src_asn_isp_","EVEREST TELECOM EIRELI - ME",""
"270243","src_asn_isp_","FAMNET TELECOM PROVEDORES DE ACESSO LTDA",""
"270253","src_asn_isp_","SICONECT TELECOMUNICACOES",""
"270256","src_asn_isp_","VILDONET TELECOM",""
"270262","src_asn_isp_","BADYNET TELECOM LTDA",""
"270265","src_asn_isp_","VAVATEC TELECOMUNICACOES",""
"270267","src_asn_isp_","GLOBALWEB TELECOMUNICAÇÃO",""
"270269","src_asn_isp_","WEB PROVEDORES E TELECOMUNICAÇÕES",""
"270270","src_asn_isp_","Gama Telecom",""
"270274","src_asn_isp_","CyberNet Telecom",""
"270276","src_asn_isp_","VELOCITYNET TELECOM",""
"270277","src_asn_isp_","Nexus Telecom",""
"270281","src_asn_isp_","VILANET TELECOM. SERV. E REPARO DE FORTALEZA LTDA",""
"270287","src_asn_isp_","BC TELECOM",""
"270293","src_asn_isp_","ION DADOS TELECOM",""
"270301","src_asn_isp_","ConnectWorld",""
"270303","src_asn_isp_","GENET TELECOM ME",""
"270306","src_asn_isp_","PHOENIX TELECOMUNICACOES BR",""
"270313","src_asn_isp_","WN Tellecom",""
"270322","src_asn_isp_","Nilton Cesar Batista Telecom Me",""
"270330","src_asn_isp_","PORTAL NET TELECOMUNICACOES LTDA",""
"270332","src_asn_isp_","Exata Telecom",""
"270333","src_asn_isp_","Net Company Telecom",""
"270334","src_asn_isp_","NET 100A",""
"270340","src_asn_isp_","NETCOM TELECOMUNICAÇOES LTDA",""
"270341","src_asn_isp_","Futel Telecom",""
"270342","src_asn_isp_","ENSATA TELECOM",""
"270344","src_asn_isp_","GA Telecom",""
"270349","src_asn_isp_","URANOX TELECOM",""
"270352","src_asn_isp_","TELECOMSHOP COMERCIO E SERVICOS DE TELECOMUNICACOE",""
"270354","src_asn_isp_","SAMUEL SANTOS CAVALCANTE",""
"270356","src_asn_isp_","CYANET TELECOM LTDA",""
"270357","src_asn_isp_","WF TELECOM",""
"270358","src_asn_isp_","FUSION TELECOM",""
"270368","src_asn_isp_","TR TELECOMUNICACOES",""
"270370","src_asn_isp_","A B DA SILVA MULTIMIDIA - ME",""
"270372","src_asn_isp_","CEUNET TELECOM",""
"270373","src_asn_isp_","N TELES MORORO - ME",""
"270374","src_asn_isp_","KINGNET TELECOMUNICACOES",""
"270375","src_asn_isp_","CONNECT TELECOM LTDA",""
"270380","src_asn_isp_","PROVELINK TELECOM LTDA",""
"270383","src_asn_isp_","MULTI TELECOMUNICACAO LTDA",""
"270387","src_asn_isp_","FJNET-TELECOM -ME",""
"270391","src_asn_isp_","Raiznet Telecom Ltda",""
"270393","src_asn_isp_","IPT TELECOM",""
"270408","src_asn_isp_","LINE TELECOM & SERVICOS DE INFORMATICA EIRELI",""
"270413","src_asn_isp_","PGF SERVICO DE TELECOMUNICACOES LTDA",""
"270415","src_asn_isp_","LEVE INTERNET E REDES DE TELECOMUNICACOES LTDA",""
"270417","src_asn_isp_","UPDOWN TELECOM",""
"270418","src_asn_isp_","ASN270418",""
"270428","src_asn_isp_","J DOUGLAS DOS SANTOS INFORMATICA",""
"270436","src_asn_isp_","SOOU TELECOM",""
"270438","src_asn_isp_","GBNET",""
"270444","src_asn_isp_","ZBL TELECOM",""
"270447","src_asn_isp_","MIGUEL A. DOS SANTOS TELECOMUNICACOES",""
"270448","src_asn_isp_","ASN270448",""
"270453","src_asn_isp_","4TELECOM",""
"270458","src_asn_isp_","FIBRA MAIS",""
"270463","src_asn_isp_","ASCES NET TELECOMUNICACAO LTDA ME",""
"270464","src_asn_isp_","ASN270464",""
"270465","src_asn_isp_","CRS SERVIÇOS DE COMUNICAÇÃO MULTIMÍDIA",""
"270467","src_asn_isp_","Conecta Telecom",""
"270473","src_asn_isp_","3.I. TELECOM LTDA - ME",""
"270474","src_asn_isp_","E.D.F DE ARAGAO TELECOMUNICAÇOES EIRELE - ME",""
"270477","src_asn_isp_","UFO TELECOM COMUNICAÇÃO DE MULTIMIDIA EIRELI",""
"270484","src_asn_isp_","M DOS SANTOS ALVES SERVICO DE INTERNET",""
"270487","src_asn_isp_","JC NET TELECOMUNICACOES",""
"270489","src_asn_isp_","GALAXY NET TELECOM",""
"270494","src_asn_isp_","JNET TELECOM",""
"270495","src_asn_isp_","JRD TELECOM LTDA",""
"270497","src_asn_isp_","HRCNET TELECOM LTDA",""
"270498","src_asn_isp_","ASN270498",""
"270501","src_asn_isp_","HORUS TELECOMUNICACOES EIRELI",""
"270505","src_asn_isp_","Ancora Telecom",""
"270506","src_asn_isp_","G5 Rede de Telecomunicacoes Multimidia",""
"270507","src_asn_isp_","DOMINIO TELECOM LTDA",""
"270509","src_asn_isp_","Turbinado Telecom Ltda - ME",""
"270512","src_asn_isp_","Nw3 telecomunicações",""
"270515","src_asn_isp_","Enter Telecom",""
"270518","src_asn_isp_","Atec Informatica Telecom Martinez e Rocha LTDA",""
"270519","src_asn_isp_","P & B COMERCIO E SERVICOS EM TELECOMUNICACOES",""
"270522","src_asn_isp_","Triplonet tecnologia telecomunicações",""
"270523","src_asn_isp_","Comfibranet Telecomunicações LTDA - ME",""
"270528","src_asn_isp_","ASN270528",""
"270531","src_asn_isp_","POLVO TELECOMUNICACOES EIRELLI",""
"270535","src_asn_isp_","SOF SMART",""
"270540","src_asn_isp_","WEBNET Telecom",""
"270543","src_asn_isp_","Gwg telco telecomunicaçoes eireli",""
"270544","src_asn_isp_","JB TELECOMUNICACOES & SOLUCOES",""
"270547","src_asn_isp_","KERKHOFEN & MORREIRA",""
"270548","src_asn_isp_","AGI TELECOM",""
"270549","src_asn_isp_","Oliveira e Novaes Serviços de Telecomunicação LTDA",""
"270550","src_asn_isp_","TELECOMFIBER SERVICOS DE ACESSO A INTERNET",""
"270552","src_asn_isp_","LANZA TELECOM LTDA",""
"270554","src_asn_isp_","M. M. SERVIÇOS DE INFORMÁTICA",""
"270560","src_asn_isp_","Fort line serviços de telecomunicações Ltda",""
"270561","src_asn_isp_","net rapida telecomunicações do brasil",""
"270562","src_asn_isp_","ET NET TELECOMUNICACOES E CONSULTORIA LTDA",""
"270578","src_asn_isp_","SMARTNET TELECOM LTDA",""
"270581","src_asn_isp_","JET NETWORK",""
"270583","src_asn_isp_","turbo telecom provedor de acesso a internet LTDA",""
"270584","src_asn_isp_","Bhnet Telecomunicacoes",""
"270599","src_asn_isp_","MAIS MEGA TELECOM LTDA",""
"270601","src_asn_isp_","SMART TELECOM",""
"270606","src_asn_isp_","R3 TELECOM",""
"270607","src_asn_isp_","POWERNET MINAS TELECOM LTDA",""
"270608","src_asn_isp_","RODRIGO ALBERTO CARLOS-ME",""
"270611","src_asn_isp_","FIBERWI TELECOMUNICAÇOES",""
"270612","src_asn_isp_","Mnet Telecom Provedoria em Internet Ltda",""
"270624","src_asn_isp_","Live Fibra Telecom",""
"270625","src_asn_isp_","M. S. TELECOMUNICACOES LTDA",""
"270626","src_asn_isp_","DOMINION UAULL NET TEC DE CON INTELIGENTES LTDA",""
"270630","src_asn_isp_","LOLNET TELECOMUNICAÇÕES",""
"270633","src_asn_isp_","a j ribeiro telecomunicacoes",""
"270636","src_asn_isp_","GLOBALLIG TELECOMUNICACOES LTDA - ME",""
"270638","src_asn_isp_","Sellnet Telecom",""
"270639","src_asn_isp_","EGTECH SOLUÇÕES EM TELECOMUNICAÇÕES",""
"270641","src_asn_isp_","YAS TELECOMUNICACOES EIRELI",""
"270642","src_asn_isp_","ASN270642",""
"270646","src_asn_isp_","LONDRINET TELECOMUNICACOES",""
"270647","src_asn_isp_","T DA SILVA MEDEIROS TELECOMUNICAÇÕES E INFORMATICA",""
"270651","src_asn_isp_","NOVANET SP TELECOM",""
"270652","src_asn_isp_","H.l informática e telecon Ltda me",""
"270653","src_asn_isp_","SPEED NETWORK TELECOM LTDA",""
"270655","src_asn_isp_","BlasterNet Telecom",""
"270656","src_asn_isp_","2 M TELECOM EIRELI",""
"270657","src_asn_isp_","FNET TELECOM",""
"270664","src_asn_isp_","A K C PROV DE ACESSO AS REDES DE TEL. E INF",""
"270669","src_asn_isp_","ATTENTO NET TELECOM",""
"270674","src_asn_isp_","WebFiber Telecom",""
"270677","src_asn_isp_","TEK TELECOM LTDA",""
"270678","src_asn_isp_","W.B.G INFORMATICA E TELECOMUNICACOES EIRELI",""
"270682","src_asn_isp_","TORRES CONECT TELECOMUNICACOES LTDA",""
"270684","src_asn_isp_","WEB KONECT TELECOM DE FRUTAL LTDA",""
"270685","src_asn_isp_","SUMER NET SERVICOS DE TELECOMUNICACOES",""
"270691","src_asn_isp_","REVNET TELECOMUNICACOES E SERVICOS LTDA",""
"270692","src_asn_isp_","JOSE CARLOS GONZAGA CARDOSO",""
"270702","src_asn_isp_","ARAXINGU TELECOMUNICACOES LTDA",""
"270704","src_asn_isp_","MAIS NORTE TELECOM",""
"270706","src_asn_isp_","LAN TELECOM INTERNET BANDA LARGA",""
"270708","src_asn_isp_","WEBNET GLOBAL TELEFONIA E COMUNICACAO",""
"270715","src_asn_isp_","TELECOM SERVIÇOS DE INTERNET LTDA",""
"270718","src_asn_isp_","ACSNET TELECOM",""
"270719","src_asn_isp_","START NET TELECOM LTDA",""
"270721","src_asn_isp_","J J C Telecomunicacoes",""
"270722","src_asn_isp_","CSO.NET TELECOM",""
"270723","src_asn_isp_","Poecom Telecom LTDA.",""
"270724","src_asn_isp_","ASN270724",""
"270725","src_asn_isp_","INOVE TELECOMUNICAÇÕES E SERVIÇOS",""
"270727","src_asn_isp_","MLG. TELECOM",""
"270728","src_asn_isp_","UP TELECOMUNICAÇÕES DO BRASIL",""
"270729","src_asn_isp_","CBN NET",""
"270733","src_asn_isp_","netmax telecomunicacoes ltda",""
"270735","src_asn_isp_","COMPUTIZE NETWORK TELECOMUNICACOES",""
"270736","src_asn_isp_","MASTERNET TELECOMUNICACAO LTDA",""
"270738","src_asn_isp_","Cedro Telecom",""
"270739","src_asn_isp_","CM Telecom - Petrolina-PE",""
"270744","src_asn_isp_","Forte Telecom Servicos de Comunicacao Multimidia E",""
"270747","src_asn_isp_","WCK TELECOMUNICACOES",""
"270748","src_asn_isp_","INTERV TELECOM",""
"270750","src_asn_isp_","Link Net Telecom",""
"270751","src_asn_isp_","RNET TELECOM LTDA ­ ME",""
"270755","src_asn_isp_","GLOBAL TELECOMUNICAÇÕES",""
"270763","src_asn_isp_","Jds Telecomunicação Me",""
"270768","src_asn_isp_","SS TELECOM LTDA",""
"270772","src_asn_isp_","União Networks Telecom Ltda Me",""
"270773","src_asn_isp_","A & R TELECOMUNICAÇÕES LTDA",""
"270776","src_asn_isp_","Hiperlink Telecom Brazil",""
"270778","src_asn_isp_","NORTE TELECOM LTDA - ME",""
"270790","src_asn_isp_","MegaLink TI e Telecom LTDA",""
"270793","src_asn_isp_","CONECTA TELECOM (c.i.t)",""
"270795","src_asn_isp_","LD telecom",""
"270805","src_asn_isp_","AJF TELECOM",""
"270813","src_asn_isp_","INTERJOIN TELECOMUNICAÇÃO LTDA",""
"270814","src_asn_isp_","ZAAZ PROVEDOR DE INTERNET E TELECOMUNICACOES",""
"270816","src_asn_isp_","ZAMTECH COM TELECOMUNICACOES LTDA",""
"270820","src_asn_isp_","COMPUNET DO BRASIL TELECOM",""
"270823","src_asn_isp_","LH NET Telecom",""
"270834","src_asn_isp_","3D COIMBRA TELECOMUNICACOES EIRELI",""
"270838","src_asn_isp_","Neidnet Telecomunicações",""
"270844","src_asn_isp_","AXION3 TELECOM",""
"270845","src_asn_isp_","Arena Telecom Serviços de Comunicações LTDA",""
"270848","src_asn_isp_","NANUQUE TELECOM",""
"270849","src_asn_isp_","VALMIR LOPES DE SOUZA",""
"270858","src_asn_isp_","Diamantino Telecom Provedor de Internet LTDA",""
"270862","src_asn_isp_","Ferabraznet Comenrcio e Serv. de Telecom. Ltda-ME",""
"270863","src_asn_isp_","DRM SERVICOS DE TELECOMUNICACOES EIRELI",""
"270868","src_asn_isp_","IP TELECOM E SISTEMAS",""
"270873","src_asn_isp_","VISION NET TELECOMUNICAÇÃO LTDA",""
"270877","src_asn_isp_","INTERNETUP TELECOMUNICAÇÕES LTDA",""
"270879","src_asn_isp_","START SERVICOS & TELECOMUNICACOES LTDA",""
"270880","src_asn_isp_","GP-Telecom",""
"270887","src_asn_isp_","Locanet Telecomunicacoes LTDA",""
"270888","src_asn_isp_","V8 Telecom",""
"270893","src_asn_isp_","JAGUARNET TELECOMUNICAÇÃO",""
"270894","src_asn_isp_","V Micali Telecomunicacoes",""
"270896","src_asn_isp_","CARIOCA NET SERVICOS DE TELECOMUNICACOES LTDA",""
"270897","src_asn_isp_","SAFE SMART TREINAMENTO CONSULTORIA E TELECOM LTDA",""
"270899","src_asn_isp_","Worksul Telecom",""
"270900","src_asn_isp_","BCNET TELECOMUNICACOES LTDA - ME",""
"270901","src_asn_isp_","Liker Telecomunicacoes",""
"270905","src_asn_isp_","Faiser Telecomunicações",""
"270915","src_asn_isp_","Nova Web Telecom 270915",""
"270916","src_asn_isp_","Redfiber Telecomunicações Ltda.",""
"270917","src_asn_isp_","Syscom Telecom",""
"270919","src_asn_isp_","VIANET TELECOM Brazil",""
"270926","src_asn_isp_","T. dos S. Severio - Telecomunicacoes",""
"270927","src_asn_isp_","FUTURACONNECT TELECOMUNICAÇOES LTDA",""
"270930","src_asn_isp_","NIVEL 3 TELECOM LTDA",""
"270936","src_asn_isp_","GTBA",""
"270938","src_asn_isp_","SAT TELECOM E CONSULTORIA EM TI",""
"270940","src_asn_isp_","VeloxFibra Telecom",""
"270943","src_asn_isp_","FIBINET NETWORKS TELECOMUNICACOES LTDA",""
"270944","src_asn_isp_","MEGA DAT INFORMÁTICA E TELECOM",""
"270947","src_asn_isp_","Vc de carvalho telecomunicações",""
"270949","src_asn_isp_","Vello Serviços de Telecomunicações",""
"270953","src_asn_isp_","IDL Telecom",""
"270959","src_asn_isp_","WIX TELECOM DO BRASIL",""
"270960","src_asn_isp_","BRUNO LEONARDO DA SILVA BARBOSA",""
"270962","src_asn_isp_","NETICO TELECOMUNICAÇÃO LTDA",""
"270968","src_asn_isp_","GRUPO TELECOM",""
"270969","src_asn_isp_","CARVALHO & DUARTE TELECOM",""
"270972","src_asn_isp_","NET ONE TELECOM LTDA - ME",""
"270976","src_asn_isp_","FOX NET FS",""
"270978","src_asn_isp_","ONLINK TELECOM LTDA",""
"270979","src_asn_isp_","Giptelecom Telecomunicacao E Tecnologia Da Informa",""
"270989","src_asn_isp_","IP Telecomunicacoes",""
"270991","src_asn_isp_","NAVEGAWEB TELECOMUNICACOES",""
"271002","src_asn_isp_","TURBO NET TELECOMUNICAÇÕES",""
"271003","src_asn_isp_","ALTONET TELECOM",""
"271005","src_asn_isp_","BYTE TELECOM",""
"271008","src_asn_isp_","RSCONNECTION TELECOM COMERCIO E SERVIÇO",""
"271011","src_asn_isp_","SpedyNet Telecom",""
"271013","src_asn_isp_","MP NET TELECOM",""
"271016","src_asn_isp_","G NETWEB TELECOM",""
"271021","src_asn_isp_","SOFTNET COMUNICAÇÕES EIRELI",""
"271024","src_asn_isp_","WLNET TELECON",""
"271027","src_asn_isp_","SUL TELECOMUNICACOES DO BRASIL LTDA",""
"271032","src_asn_isp_","ATS Telecom",""
"271033","src_asn_isp_","FLAY NET TELECOM",""
"271034","src_asn_isp_","GM Telecom LTDA",""
"271035","src_asn_isp_","CCS Camboriú Cable System de Telecomunicações Ltda",""
"271038","src_asn_isp_","Mega Turbo Internet Banda Larga Telecom LTDA",""
"271042","src_asn_isp_","BOT INTERNET E SERVICOS DE TELECOMUNICACOES",""
"271053","src_asn_isp_","POWERNET TELECOMUNICACOES",""
"271054","src_asn_isp_","CL TELECOM",""
"271056","src_asn_isp_","MOVIL TECNOLOGIA & TELECOM LTDA",""
"271057","src_asn_isp_","FIBERLINK TELECOM LTDA",""
"271060","src_asn_isp_","ASN271060",""
"271062","src_asn_isp_","Nextlink telecom",""
"271063","src_asn_isp_","GF WEB TELECOM",""
"271066","src_asn_isp_","AB NET TELECOM",""
"271067","src_asn_isp_","Villaggionet Telecomunicacoes",""
"271069","src_asn_isp_","A4 TELECOM",""
"271071","src_asn_isp_","NAVEGAI SERVICOS DE TELECOMUNICACOES E INFORMATICA",""
"271072","src_asn_isp_","ULTRAFIBRA NET REPRESENTACOES TELECOM EIRELI",""
"271073","src_asn_isp_","MORAES NET TELECOMUNICACOES - EIRELI",""
"271075","src_asn_isp_","fibernet wv servicos telecom ltda",""
"271079","src_asn_isp_","Asa-Sannres Telecom Ltda",""
"271080","src_asn_isp_","LEANDRO DINIZ DA COSTA",""
"271082","src_asn_isp_","DIGITAL NET TELECOM LTDA",""
"271088","src_asn_isp_","MGN TELECOM",""
"271092","src_asn_isp_","WORLDNET SERVICOS DE TELECOMUNICACAO LTDA",""
"271094","src_asn_isp_","Soluti Fibra Telecomunicações Ltda",""
"271101","src_asn_isp_","Comunick Telecom",""
"271104","src_asn_isp_","SN TELECON LTDA",""
"271105","src_asn_isp_","Kadim Connect Telecominicacao LTDA - ME",""
"271108","src_asn_isp_","HBA TELECOM",""
"271110","src_asn_isp_","LEWITEL TELECOM",""
"271115","src_asn_isp_","FIBRADOS WEB TELECOMUNICAÇOES LTDA",""
"271116","src_asn_isp_","DTS TELECOMUNICAÇÕES",""
"271117","src_asn_isp_","Ultranet Ipava Telecom Ltda",""
"271119","src_asn_isp_","LIBRE TELECOM EIRELI",""
"271120","src_asn_isp_","Infonet Conect",""
"271131","src_asn_isp_","Giga Sul Telecom",""
"271134","src_asn_isp_","R&R Telecomunicacoes",""
"271136","src_asn_isp_","ACK TELECOMUNICACOES LTDA ­ ME",""
"271138","src_asn_isp_","GR FAST NET TELECOMUNICACOES",""
"271142","src_asn_isp_","LL TELECOMUNICACOES EIRELI",""
"271148","src_asn_isp_","NEXTALL",""
"271150","src_asn_isp_","MC DA SILVA FOX TELECOM",""
"271154","src_asn_isp_","IHG SERVICOS TELECOM",""
"271158","src_asn_isp_","HDC TELECOM LINK DEDICADO FIBRA ÓPTICA TV E TELE",""
"271160","src_asn_isp_","CONNECT FIBRA SERVICOS DE TELECOMUNICACAO",""
"271161","src_asn_isp_","ALCANTARA SERVIÇOS DE TELECOMUNICAÇÕES - EIRELI",""
"271162","src_asn_isp_","MEGA JLA SERVICOS DE TELECOMUNICACOES LTDA",""
"271166","src_asn_isp_","You Telecom Provedor de Internet Ltda",""
"271169","src_asn_isp_","NETLINE TELECOM",""
"271176","src_asn_isp_","BLUVELLOX TELECOMUNICACOES LTDA",""
"271179","src_asn_isp_","AF TELECOM",""
"271181","src_asn_isp_","Whnet Telecom Servicos de Telecomunicacoes LTDA",""
"271186","src_asn_isp_","EUNAPOLIS TELECOM LTDA",""
"271188","src_asn_isp_","VOCAL NET TELECOMUNICAÇÕES LTDA",""
"271189","src_asn_isp_","Javas Telecom Network",""
"271192","src_asn_isp_","Acess.Net Telecomunicacoes",""
"271193","src_asn_isp_","Meganet Telecomumicacoes Ltda",""
"271194","src_asn_isp_","online telecomunicações eirele",""
"271199","src_asn_isp_","MULTNET TELECOM LTDA",""
"271201","src_asn_isp_","Vianet Telecomunicações",""
"271202","src_asn_isp_","NavegNet Telecom",""
"271208","src_asn_isp_","Stream Net Telecom",""
"271210","src_asn_isp_","G Turbo Telecom Servicos de Internet",""
"271215","src_asn_isp_","4CJ SERVICOS E TELECOMUNICACOES LTDA",""
"271218","src_asn_isp_","AL TELECOM - TELECOMUNICAÇÕES LTDA",""
"271219","src_asn_isp_","T & T connect Telecomunicações",""
"271222","src_asn_isp_","SIAT TELECOM INTERNET DEDICADA LTDA",""
"271224","src_asn_isp_","CONNECT TELECOMUNICACOES FIBRA OPTICA LTDA",""
"271225","src_asn_isp_","GAV TELECOM SERVICOS DE TELECOMUNICACAO LTDA - ME",""
"271226","src_asn_isp_","G4 TELECOM LTDA",""
"271237","src_asn_isp_","MAXXLINK TELECOMUNICAÇÕES",""
"271240","src_asn_isp_","PIXEL INTERNET E TELECOMUNICACOES EIRELI",""
"271241","src_asn_isp_","Fbnet Telecom",""
"271243","src_asn_isp_","Bio Telecom",""
"271244","src_asn_isp_","FORTINET TELECOMUNICAÇŌES",""
"271247","src_asn_isp_","RS Sul Telecomunicações",""
"271251","src_asn_isp_","LAR NET TELECOMUNICAÇÕES LTDA",""
"271252","src_asn_isp_","BHNET FIBRA TELECOMUNICACOES LTDA",""
"271253","src_asn_isp_","LINK BRASIL TELECOMUNICACOES",""
"271254","src_asn_isp_","ME TELECOM SERVIÇOS DE INTERNET LTDA",""
"271257","src_asn_isp_","RODRIGO SANTINELLI DE LIMA",""
"271258","src_asn_isp_","ERICK TELECOM",""
"271260","src_asn_isp_","MYCONNECT SERVICOS DE TELECOMUNICACAO LTDA",""
"271263","src_asn_isp_","GILEADE TELECOMUNICACOES E MULTIMIDIA",""
"271265","src_asn_isp_","TUDO ON TELECOMUNICACOES",""
"271267","src_asn_isp_","Vision Connect Telecomunicaçoes Ltda Me",""
"271270","src_asn_isp_","T5 Telecom",""
"271271","src_asn_isp_","AGS TELECOM LTDA ME",""
"271273","src_asn_isp_","NET FORT Telecom",""
"271277","src_asn_isp_","GIGAMAIS TELECOM",""
"271278","src_asn_isp_","A B OLIVEIRA TELECOMUNICACAO E INFORMARTICA",""
"271279","src_asn_isp_","RADIONET PROVEDOR DE TELECOMUNICACAO LTDA",""
"271284","src_asn_isp_","MP TELECOMUNICACOES EIRELI",""
"271285","src_asn_isp_","MG TELECOM",""
"271288","src_asn_isp_","AULOI INFORMATICA TELECOM",""
"271289","src_asn_isp_","Foxell Telecom Serviços de Telecomunicação",""
"271290","src_asn_isp_","Alciole Telecom",""
"271301","src_asn_isp_","GELINK TELECOM",""
"271302","src_asn_isp_","MIXNET TELECOMUNICACOES LTDA",""
"271309","src_asn_isp_","ASA NET TELECOM",""
"271314","src_asn_isp_","JECTIX",""
"271323","src_asn_isp_","CONNECT TELECOM LTDA",""
"271325","src_asn_isp_","LACKNET SERVIÇOS DE TELECOMUNICAÇÕES",""
"271326","src_asn_isp_","P3 SERVIÇOS DE TELECOMUNICAÇÃO LTDA",""
"271327","src_asn_isp_","BEM MAIS SERVIÇOS DE TELECOMUNICAÇÕES",""
"271330","src_asn_isp_","Dide telecomunicações Ltda",""
"271334","src_asn_isp_","JOSE IVANALDO DE SOUSA TELECOMUNICACOES",""
"271336","src_asn_isp_","JOSE PEREIRA ROMAO SERVICO E TELECOMUNICACAO",""
"271337","src_asn_isp_","LIKENET",""
"271338","src_asn_isp_","TITAM NET TELECOM",""
"271339","src_asn_isp_","ZEUSNET TELECOM",""
"271342","src_asn_isp_","NORTE TEL MATO GROSSO TELECOMUNICACOES LTDA",""
"271343","src_asn_isp_","REAJNet Telecomunicações",""
"271345","src_asn_isp_","ND TELECOM",""
"271352","src_asn_isp_","Starsat Telecom Comercio e Serviços LTDA",""
"271357","src_asn_isp_","fibra digital Telecom",""
"271359","src_asn_isp_","SS FIBER TELECOM EIRELI",""
"271363","src_asn_isp_","P.S.H. DO COUTO TELECOMUNICAÇAO-ME",""
"271364","src_asn_isp_","EXY SERVICOS DE TELECOMUNICOES LTDA",""
"271365","src_asn_isp_","WWC Telecom",""
"271368","src_asn_isp_","i9 Telecom LTDA",""
"271370","src_asn_isp_","LINKMASTER PROVEDOR SERVIÇOS E TELECOMUNICAÇOES-ME",""
"271375","src_asn_isp_","ZEEP TELECOM",""
"271376","src_asn_isp_","7LINK TELECOM EIRELI",""
"271380","src_asn_isp_","GLOBAL CONECTA TELECOM EIRELI",""
"271387","src_asn_isp_","Emfibra Telecom",""
"271392","src_asn_isp_","Expressnet Telecom",""
"271395","src_asn_isp_","LINKCOM TELECOM SERVICOS E TELECOMUNICACAO",""
"271401","src_asn_isp_","ATUAL TELECOM",""
"271402","src_asn_isp_","Live Conect Telecomunicações Ltda.",""
"271411","src_asn_isp_","FIBRA 1000 TELECOM LTDA - ME",""
"271412","src_asn_isp_","FR Sousa Telecomunicações",""
"271413","src_asn_isp_","CASTRO TELECOM",""
"271415","src_asn_isp_","S3 Net Soluções Inteligentes",""
"271416","src_asn_isp_","Cuiabá Telecom",""
"271418","src_asn_isp_","freynet telecom",""
"271419","src_asn_isp_","S.F. GOMES TELECOMUNICACOES",""
"271424","src_asn_isp_","JOY TELECOMUNICACOES LTDA",""
"271427","src_asn_isp_","Ulltranet Telecom",""
"271429","src_asn_isp_","LC SERVICOS TELECOMUNICACOES E INFORMATICA EIRELI",""
"271432","src_asn_isp_","CLICK TELECOM SERV TELE E TELEFONIA LTDA",""
"271439","src_asn_isp_","PLANET TEL TELECOMUNICACOES - EIRELI",""
"271441","src_asn_isp_","JA Telecom",""
"271452","src_asn_isp_","Sigma Telecom Provedores de Internet Ltda",""
"271458","src_asn_isp_","KAIBA ISP TELECOMUNICACOES EIRELI",""
"271466","src_asn_isp_","UC Telecom",""
"271473","src_asn_isp_","NewFibra Telecomunicacoes - ME",""
"271474","src_asn_isp_","INALAN TELECOMUNICACOES",""
"271476","src_asn_isp_","XFiber Telecom",""
"271478","src_asn_isp_","Interlink Soluções em Telecomunicações",""
"271479","src_asn_isp_","ISPKF TELECOM",""
"271482","src_asn_isp_","Mega Telecom Ltda",""
"271484","src_asn_isp_","NORT TELECOM",""
"271486","src_asn_isp_","AP SOLUCOES EM NETWORK E INFORMATICA",""
"271487","src_asn_isp_","FIBRACONN SERVIÇOS DE TELECOMUNICACOES",""
"271488","src_asn_isp_","REALDATA TELECOMUNICAÇÕES E TECNOLOGIA LTDA",""
"271494","src_asn_isp_","Soft Telecom",""
"271497","src_asn_isp_","Confiber Telcomunicações ltda",""
"271498","src_asn_isp_","Zen Internet e Telecomunicação",""
"271499","src_asn_isp_","YOU NET SERV E COMERCIO DE TELECOMUNICACOES",""
"271500","src_asn_isp_","LINKGOLD TELECOMUNICACOES",""
"271502","src_asn_isp_","XyberNet Telecom",""
"271511","src_asn_isp_","EMPRESA COCAIENSE DE TELECOMUNICACAO LTDA",""
"271513","src_asn_isp_","INTERTOP - TELECOMUNICAÇÕES LTDA",""
"271514","src_asn_isp_","WEB ONLINE TELECOMUNICACOES EIRELI ME",""
"271516","src_asn_isp_","Unafiber",""
"271526","src_asn_isp_","Giga Fibra Net Telecomunicações Eireli Me",""
"271527","src_asn_isp_","NETPLUS TELECOMUNICAÇÕES LTDA - ME",""
"271529","src_asn_isp_","Online Telecom Brazil",""
"271531","src_asn_isp_","TURBO LOGNET TLN TELECOM",""
"271538","src_asn_isp_","EB FOX TELECOM",""
"271545","src_asn_isp_","USUAL TELECOM LTDA",""
"271546","src_asn_isp_","ITANET TELECOM",""
"271548","src_asn_isp_","M A S Telecom",""
"271549","src_asn_isp_","NOVA UNIAO TELECOM",""
"271550","src_asn_isp_","FIBRANET TELECOM EIRELI",""
"271551","src_asn_isp_","HIPERLINK TELECOM",""
"271552","src_asn_isp_","ARGUS TELECOMUNICACOES",""
"271553","src_asn_isp_","LNC TELECOM SERVIÇOS LDTA",""
"271558","src_asn_isp_","Conecta Vale Serviço de Telecomunicação EIRELI",""
"271563","src_asn_isp_","Mega Mais Telecom Ltda me",""
"271565","src_asn_isp_","COPATEL SERVICOS DE TELECOMUNICAÇÕES LTDA",""
"271568","src_asn_isp_","INTERNET S SECURITY TELECOM",""
"271576","src_asn_isp_","DECOLAR TELECOMUNICACOES LTDA",""
"271582","src_asn_isp_","NETCON TELECOMUNICACOES LTDA",""
"271590","src_asn_isp_","HELOISA SAMPAIO PINTO TELECOMUNICACOES",""
"271592","src_asn_isp_","NETS PROVEDOR DE INTERNET TELECOM",""
"271595","src_asn_isp_","FIBER SYS TELECOM",""
"271596","src_asn_isp_","MaxNet Telecom",""
"271599","src_asn_isp_","CHOCONET TELECOM",""
"271602","src_asn_isp_","CANDEIAS NET TELECOM COMUNICACOES",""
"271606","src_asn_isp_","FT Fibra Telecom LTDA",""
"271608","src_asn_isp_","Plus Internet Telecom",""
"271609","src_asn_isp_","Vixel Telecom",""
"271612","src_asn_isp_","LOGO Telecom",""
"271615","src_asn_isp_","WRENET TELECOMUNICACOES",""
"271616","src_asn_isp_","CONEXÃO WEB - SOLUÇÕES EM REDES E TELECOMUNICAÇÕES",""
"271618","src_asn_isp_","Virtual Revolution Fibra Telecomunicações",""
"271620","src_asn_isp_","Portonet Servicos de Telecomunicao Ltda",""
"271622","src_asn_isp_","FOUR SOLUCOES E SERVIÇOS DE TELECOMUNICACOES",""
"271624","src_asn_isp_","LD TELECOM EIRELI",""
"271626","src_asn_isp_","LF Telecom",""
"271627","src_asn_isp_","ZAP TELECOM EIRELI",""
"271632","src_asn_isp_","MIRANTE NETWORK COMUNICACAO LTDA",""
"271634","src_asn_isp_","A2B TELECOM LTDA",""
"271636","src_asn_isp_","GLOBALNET TELECOM LTDA",""
"271638","src_asn_isp_","Cronos Telecom",""
"271639","src_asn_isp_","HOME ON TELECOMUNICACOES LTDA",""
"271643","src_asn_isp_","FLT TELECOM",""
"271646","src_asn_isp_","ULTRALINK",""
"271647","src_asn_isp_","M B Telecom",""
"271648","src_asn_isp_","GROOVE TELECOM EIRELI",""
"271650","src_asn_isp_","LC NET TELECOMUNICAÇOES LTDA",""
"271660","src_asn_isp_","Planície Net Telecom Eireli",""
"271663","src_asn_isp_","VICOM BRASIL INTERNET E TELECOM",""
"271664","src_asn_isp_","INFINITY FIBRA TELECOMUNICACOES LTDA",""
"271669","src_asn_isp_","PATHFINDER TELECOM COMERCIO E SERVICOS LTDA",""
"271683","src_asn_isp_","BRISNET TELECOMUNICACOES EIRELI",""
"271686","src_asn_isp_","Célio Pereirado Prado -Telecomunicações - me",""
"271688","src_asn_isp_","CONECTE FIBRA TELECOMUNICACOES EIRELI",""
"271689","src_asn_isp_","AGE TELECOMUNICACOES LTDA",""
"271690","src_asn_isp_","AGUIA NET TELECOMUNICACOES EIRELI",""
"271696","src_asn_isp_","N. Z. RAMOS TELECOMUNICACOES EIRELI",""
"271701","src_asn_isp_","CONNEX TELECOM",""
"271702","src_asn_isp_","DELTA INTERNET E TELECOMUNICACOES EIRELI ME",""
"271707","src_asn_isp_","TRANSNETWORK TELECOMUNICACOES",""
"271712","src_asn_isp_","PEDRO LOPES DA SILVA NETO TELECOM EIRELI",""
"271727","src_asn_isp_","Internet Mais",""
"271728","src_asn_isp_","INNOVA NET TELECOM EIRELI",""
"271731","src_asn_isp_","INET TELECOMUNICAÇÃO EIRELI",""
"271740","src_asn_isp_","Mais Fibra Telecom LTDA",""
"271744","src_asn_isp_","Alfacom telecomunições e multimidia LTDA",""
"271749","src_asn_isp_","Arkatel",""
"271761","src_asn_isp_","CLICK FIBRA TELECOMUNICACOES",""
"271773","src_asn_isp_","WOM Colombia",""
"271781","src_asn_isp_","TELECOMUNICACIONES DE MARCALA SOCIEDAD ANONIMA DE CAPITAL VARIABLE",""
"271785","src_asn_isp_","TELECOMUNICACIONES NETHOME",""
"271795","src_asn_isp_","ONETELECOM CIA LTDA",""
"271799","src_asn_isp_","TELERY Networks",""
"271813","src_asn_isp_","COMUNICACIONES MIGTEL C.A.",""
"271843","src_asn_isp_","LARA INGENIERIA EN TECNOLOGIA Y TELECOMUNICACIONES LIMITADA (SOLUCIONES INTERLAN)",""
"271846","src_asn_isp_","NANOTIK TELECOMUNICACIONES SPA",""
"271867","src_asn_isp_","MARIO BENAVIDES SERVICIO DE TELEVISION POR CABLE E.I.R.L (CABLEVISION DEL SUR)",""
"271870","src_asn_isp_","VALLE TELECOMUNICACIONES SAS",""
"271884","src_asn_isp_","VIPTEL COMMUNICATIONS C.A.",""
"271896","src_asn_isp_","HENRIQUEZ TELECOMUNICACIONES LIMITADA (WILCOM)",""
"271898","src_asn_isp_","MKTEL",""
"271903","src_asn_isp_","TELNET ISP",""
"271909","src_asn_isp_","TELECOMUNICACIONES MANTENIMIENTO Y SERVICIOS P&C C.A.",""
"271916","src_asn_isp_","TELECABLE BANILEJO S.R.L",""
"271933","src_asn_isp_","AIRMAXTELECOM SOLUCIONES TECNOLOGICAS",""
"271936","src_asn_isp_","SERVICIOS DE TELECOMUNICACIONES ATVCABLE",""
"271943","src_asn_isp_","White",""
"271968","src_asn_isp_","CEMO",""
"271971","src_asn_isp_","CABLE SATELITE",""
"271973","src_asn_isp_","MESTRE CORDERO ALBERTO JORGE (INTELINET ARGENTINA)",""
"271979","src_asn_isp_","INSTALACION DE REDES DE TELECOMUNICACIONES SRL (IREDETCOM)",""
"271982","src_asn_isp_","TVICOM",""
"271992","src_asn_isp_","ANTIOQUEÑA DE TELECOMUNICACIONES",""
"272008","src_asn_isp_","TELECABLE CENTRAL NETWORK SOCIEDAD ANONIMA CERRADA",""
"272011","src_asn_isp_","TELEMARCH",""
"272027","src_asn_isp_","LAUAM MEGARED TELECOM S.R.L.",""
"272048","src_asn_isp_","TELECOMUNICACIONES FASTNET F.G 50 C.A.",""
"272051","src_asn_isp_","POLINET TELECOMUNICACIONES COLOMBIA SAS",""
"272060","src_asn_isp_","FERMAC TELECOMUNICACIONES S.A.S",""
"272068","src_asn_isp_","RAMONDA MARIA SILVANA TERESA (NEWLINK TELECOMUNICACIONES)",""
"272085","src_asn_isp_","TELECOMUNICACIONES DEL FUTURO",""
"272097","src_asn_isp_","GRUPO COCAVISION",""
"272112","src_asn_isp_","TELECABLE DOMINICANO",""
"272122","src_asn_isp_","G-Network",""
"272132","src_asn_isp_","TELE-COTUI S.R.L.",""
"272174","src_asn_isp_","JM TELECOM LTDA",""
"272201","src_asn_isp_","ACSNET TELECOM",""
"272213","src_asn_isp_","POUPANET TELECOM",""
"272226","src_asn_isp_","ILHA CONNECT TELECOMUNICÕES LTDA",""
"272278","src_asn_isp_","MVW Telecomunicações",""
"272442","src_asn_isp_","VOY TELECOM EIRELI",""
"272466","src_asn_isp_","SERLINK TELECOM PROVEDOR DE INTERNET LTDA",""
"272483","src_asn_isp_","2NET TELECOM",""
"272484","src_asn_isp_","Souza Net Telecom",""
"272505","src_asn_isp_","VAMOSNET TELECOMUNICAÇÕES LTDA",""
"272518","src_asn_isp_","DVF TELECOM",""
"272532","src_asn_isp_","Conectanet Telecom e Informatica Ltda.",""
"272535","src_asn_isp_","VIXNET TELECOM SERVICOS DE COMUNICACAO",""
"272539","src_asn_isp_","ENEVE TELECOMUNICACOES LTDA",""
"272553","src_asn_isp_","LC TELECOM LTDA",""
"272564","src_asn_isp_","Javanet Telecom",""
"272585","src_asn_isp_","SB NET TELECOM",""
"272605","src_asn_isp_","GRUPO 3D TELECOM",""
"272619","src_asn_isp_","FIVE TELECOM LTDA",""
"272623","src_asn_isp_","FIBER NET SERVICOS DE TELECOMUNICACOES LTDA",""
"272626","src_asn_isp_","N9 TELECOM",""
"272636","src_asn_isp_","ZOE NET TELECOMUNICACOES E TECNOLOGIA LTDA",""
"272677","src_asn_isp_","FIBRATECH TELECOM",""
"272757","src_asn_isp_","INSTATEL SERVICOS ELETRONICOS LTDA",""
"272765","src_asn_isp_","AA TELECOM",""
"272775","src_asn_isp_","costa & rodrigues serviço de telecomunicações ltda",""
"272790","src_asn_isp_","COSMO TELECOM LTDA",""
"272802","src_asn_isp_","COOPERATIVA ELECTRICA RURAL TELEFONICA DE PROVISION Y SERVICIOS DE EL DORADO LTDA.",""
"272843","src_asn_isp_","Rio Colorado Television S.A.",""
"272854","src_asn_isp_","TELECOMUNICACIONES SILVERDATA C.A.",""
"272874","src_asn_isp_","RADNET TELECOM C.A",""
"272889","src_asn_isp_","URDATEL",""
"272935","src_asn_isp_","272935",""
"272937","src_asn_isp_","272937",""
"272939","src_asn_isp_","TELECOMNET",""
"272957","src_asn_isp_","TELECOMUNICACIONES MARJORIE ANDREA MORI LAGOS E.I.R.L.",""
"272969","src_asn_isp_","HOGARES INTELIGENTES S. A.",""
"272998","src_asn_isp_","WORLD SISTEM TELECOM WST S.A.S.",""
"273000","src_asn_isp_","Telcom Mikrotik Peru",""
"273001","src_asn_isp_","TELECOMUNICACIONES DEL CATATUMBO",""
"273006","src_asn_isp_","INTERNET Y TELECOMUNICACIONES DE COLOMBIA S.A.S.",""
"273019","src_asn_isp_","DIRECTV CHILE TELEVISION LIMITADA",""
"273020","src_asn_isp_","IN QUALITY TELECOMUNICATIONS S.A.S. ZOMAC BIC",""
"273026","src_asn_isp_","273026",""
"273034","src_asn_isp_","273034",""
"273035","src_asn_isp_","CORPORACIÓN LORIATELECOM S.A.S.",""
"273044","src_asn_isp_","GRUPO ITTEL",""
"273054","src_asn_isp_","TELEVISION POR CABLE VIA SATELITE CABLE YOJOA TV SOCIEDAD DE RESPONSABILIDAD LIMITADA",""
"273061","src_asn_isp_","273061",""
"273111","src_asn_isp_","Reditel ISP SAS",""
"273112","src_asn_isp_","ARAPA TELECOMUNICACIONES E.I.R.L.",""
"273121","src_asn_isp_","TELECABLE EL LIMON SRL",""
"273134","src_asn_isp_","273134",""
"273157","src_asn_isp_","CORPORACIÓN DE COMUNICACIONES Y TELEFONÍA TURÍSTICA JUANILLO S.A.",""
"273173","src_asn_isp_","TELECOM 3 C.A",""
"273201","src_asn_isp_","CCQ TELECOM C.A",""
"273205","src_asn_isp_","AS273205",""
"273212","src_asn_isp_","SISTEMAS TELECOMUNICACIONES Y BIOMEDICOS DE COLOMBIA SAS",""
"273309","src_asn_isp_","ISPRO TELECOM",""
"273311","src_asn_isp_","ASN273311",""
"273316","src_asn_isp_","E-TECH TELECOM",""
"273350","src_asn_isp_","GNS TELECOM",""
"273363","src_asn_isp_","ASN273363",""
"273366","src_asn_isp_","Laikos Telecom",""
"273368","src_asn_isp_","E SIMAO BEZERRA TELECOMUNICACOES LTDA",""
"273386","src_asn_isp_","RE9SUA INTERNET SERVICOS DE TELECOM LTDA",""
"273396","src_asn_isp_","LÍDER LINK TELECOMUNICACOES LTDA",""
"273400","src_asn_isp_","MUGO TELECOMUNICAÇÕES LTDA",""
"273409","src_asn_isp_","NETCENTER FIBRA TELECOMUNICACOES LTDA",""
"273412","src_asn_isp_","CN TELECOM SERVICOS DE INTERNET LTDA",""
"273416","src_asn_isp_","NOVA BANDA LARGA",""
"273431","src_asn_isp_","ANIL LINK TELECOMUNICACOES",""
"273436","src_asn_isp_","PERES TELECOM PROVEDOR DE INTERNET LTDA",""
"273446","src_asn_isp_","DBR TELECOMUNICACOES LTDA",""
"273451","src_asn_isp_","BRANDAONET SERVICOS E TELECOMUNICACOES LDTA",""
"273454","src_asn_isp_","TELVIA TELECOMUNICACOES LTDA",""
"273470","src_asn_isp_","WORK TELECOM INTERNET LTDA",""
"273473","src_asn_isp_","ASN273473",""
"273480","src_asn_isp_","NOW FIBRA PROVEDOR DE INTERNET",""
"273486","src_asn_isp_","ASN273486",""
"273511","src_asn_isp_","Saldanha.Net Telecom",""
"273526","src_asn_isp_","VILANET TELECOMUNICAÇÕES LTDA",""
"273568","src_asn_isp_","UNICA TELECOM",""
"273580","src_asn_isp_","Go Fibra Serviço de Telecomunicações LTDA",""
"273595","src_asn_isp_","Lastnet Telecom",""
"273619","src_asn_isp_","ION TELECOMUNICACOES",""
"273674","src_asn_isp_","VIVA TELECOMUNICACOES & PROVEDOR DE INTERNET LTDA",""
"273683","src_asn_isp_","ALLREDE TELECOM LTDA",""
"273709","src_asn_isp_","MR Telecom",""
"273729","src_asn_isp_","Net Gates Telecom",""
"273776","src_asn_isp_","UZZI TELECOMUNICAÇÕES LTDA",""
"273782","src_asn_isp_","S & M Nacional Telecom Ltda",""
"273785","src_asn_isp_","a3teleocm",""
"273811","src_asn_isp_","AGLink Telecom",""
"273813","src_asn_isp_","SUA FIBRA",""
"273829","src_asn_isp_","VISION SATELITAL COMUNICACIONES S.A.S.",""
"273850","src_asn_isp_","SERVICIOS DE TELECOMUNICACIONES E INFORMATICA S.A.S.",""
"273883","src_asn_isp_","MEGATEL-EC S.A.",""
"273895","src_asn_isp_","INFINITE SPEED TELECOMUNICACIONES SAC",""
"273896","src_asn_isp_","ONE TELECOMUNICACIONES SAS",""
"273934","src_asn_isp_","A & D FOR CABLE TELEVISION IN THE SOUTHERN PERU SAC",""
"273950","src_asn_isp_","STAR TELECOM PERU S.A.C.",""
"273960","src_asn_isp_","273960",""
"273966","src_asn_isp_","273966",""
"274035","src_asn_isp_","RODRITEL",""
"274040","src_asn_isp_","ARTEL DOMINICANA SRL",""
"274113","src_asn_isp_","CINTELSUR PERU S.A.C.",""
"274156","src_asn_isp_","TELDRA S.A.C.",""
"274607","src_asn_isp_","ASN274607",""
"274614","src_asn_isp_","ASN274614",""
"274674","src_asn_isp_","CVS Telecomunicações LTDA",""
"274698","src_asn_isp_","AMAZON TELECOM LTDA",""
"274722","src_asn_isp_","MEGAFLEX Internet Telecom",""
"274743","src_asn_isp_","ASN274743",""
"274757","src_asn_isp_","GRUPO TELECOM - CLM SERVIÇOS DE TELECOMUNICAÇÕES",""
"274762","src_asn_isp_","MOBILELINK PROVEDOR DE SERVICOS DE INTERNET LTDA",""
"274818","src_asn_isp_","ASN274818",""
"327688","src_asn_isp_","Screamer Telecommunications",""
"327697","src_asn_isp_","Free Reunion",""
"327707","src_asn_isp_","Airtel Rwanda AS327707",""
"327712","src_asn_isp_","Telecom Algeria",""
"327725","src_asn_isp_","UNITEL STP SARL",""
"327726","src_asn_isp_","New Telco South Africa",""
"327728","src_asn_isp_","Cable Television Network (CTV) Limited",""
"327754","src_asn_isp_","RMS Powertronics",""
"327756","src_asn_isp_","Airtel Chad",""
"327769","src_asn_isp_","Spacetel - Guine-Bissau",""
"327776","src_asn_isp_","Stature",""
"327782","src_asn_isp_","Metrofibre Networx (PTY) Ltd",""
"327786","src_asn_isp_","4G Telecom",""
"327798","src_asn_isp_","ICTESTIC",""
"327799","src_asn_isp_","VIETTEL BURUNDI",""
"327808","src_asn_isp_","TESUCO TELECOMMUNICATIONS (PTY) LTD",""
"327818","src_asn_isp_","BENIN-IX",""
"327829","src_asn_isp_","SKYTIC TELECOM",""
"327830","src_asn_isp_","Concerotel Botswana Pty Ltd",""
"327885","src_asn_isp_","Viettel Tanzania PLC",""
"327907","src_asn_isp_","Session Telecoms(PTY)",""
"327931","src_asn_isp_","Optimum Telecom Algeria",""
"327934","src_asn_isp_","SOCIETE NATIONALE DES TELECOMMUNICATIONS (Tunisie Telecom)",""
"327946","src_asn_isp_","Mesh Telecom Pty Ltd",""
"327975","src_asn_isp_","ILNET TELECOM GROUP SARL",""
"327981","src_asn_isp_","Ekovolt Telco",""
"328001","src_asn_isp_","Satellite Software",""
"328029","src_asn_isp_","Web Telecom Services (PTY) Ltd",""
"328061","src_asn_isp_","TELCO S.A",""
"328073","src_asn_isp_","IONTel",""
"328092","src_asn_isp_","SUD TELECOM SOLUTIONS",""
"328111","src_asn_isp_","IP WORLD",""
"328136","src_asn_isp_","Telecel Liberia Limited",""
"328154","src_asn_isp_","NETSPACE -SERVICOS DE TELECOMUNICACOES LDA",""
"328169","src_asn_isp_","Swazi Mobile",""
"328176","src_asn_isp_","ITTX Telecoms",""
"328191","src_asn_isp_","Companhia Santomense de Telecomunicacoes",""
"328250","src_asn_isp_","Golis Telecom Somalia",""
"328253","src_asn_isp_","ALPHA TELECOMMUNICATION MALI-ATEL",""
"328286","src_asn_isp_","Libyana Mobile Phone Company",""
"328323","src_asn_isp_","Brilliant Telecommunications",""
"328333","src_asn_isp_","Fixed Mobile Telecommunications",""
"328408","src_asn_isp_","HAMILTON TELECOM LIMITED",""
"328450","src_asn_isp_","F & G Telecommunications cc",""
"328469","src_asn_isp_","Somtel Somalia",""
"328471","src_asn_isp_","HERO TELECOMS",""
"328488","src_asn_isp_","DK Telecom",""
"328539","src_asn_isp_","Giga for Telecommunication and Technology",""
"328548","src_asn_isp_","TOUCHNET TELECOMMUNICATIONS CC",""
"328549","src_asn_isp_","SAHEL TELECOM LIBERIA",""
"328576","src_asn_isp_","TelcoExchange (aka AS328576.net)",""
"328613","src_asn_isp_","Trakatel Limited",""
"328636","src_asn_isp_","Jambo telecoms limited",""
"328646","src_asn_isp_","INFRATEL Zambia",""
"328652","src_asn_isp_","Hirani Telecommunication ltd",""
"328723","src_asn_isp_","Telasera",""
"328733","src_asn_isp_","AWAL TELECOM & TECHNOLOGY",""
"328755","src_asn_isp_","Digitel Holdings Limited",""
"328780","src_asn_isp_","IMBIL TELECOM SOLUTIONS NIG. LTD",""
"328790","src_asn_isp_","Opentel Technologies",""
"328820","src_asn_isp_","TF Telecoms",""
"328866","src_asn_isp_","NEWTELNET CAMEROUN",""
"328911","src_asn_isp_","Net4 Telecoms",""
"328975","src_asn_isp_","MTAANI TELECOM",""
"328979","src_asn_isp_","NEONET PRESTAÇÃO DE SERVIÇOS E TELECOMUNICAÇÕES LDA",""
"328988","src_asn_isp_","SAFARICOM ETHIOPIA (ORG-STEP1-AFRINIC)",""
"328997","src_asn_isp_","ORG-RA11-AFRINIC",""
"329027","src_asn_isp_","Ozone",""
"329032","src_asn_isp_","Mdaswifi",""
"329066","src_asn_isp_","Datacom Telecommunication Limited",""
"329152","src_asn_isp_","ATIS TELCOM LIMITED",""
"329170","src_asn_isp_","Boss Telecom",""
"329243","src_asn_isp_","One Mile Telecoms",""
"329248","src_asn_isp_","Simtel ISP",""
"329255","src_asn_isp_","Telcoptics",""
"329274","src_asn_isp_","Atlantique TELECOM CAR",""
"329332","src_asn_isp_","FREEDOTEL",""
"329341","src_asn_isp_","Tatu Telecom Company SEZ Limited",""
"329421","src_asn_isp_","",""
"329444","src_asn_isp_","BEELINE TELECOMS LIMITED",""
"329472","src_asn_isp_","SPARK Internet Service Provider",""
"329478","src_asn_isp_","ORG-ST8-AFRINIC",""
"393227","src_asn_isp_","Rochester Telephone Company",""
"393301","src_asn_isp_","ST. JOHN CO-OPERATIVE TELEPHONE AND TELEGRAPH COMPANY",""
"393457","src_asn_isp_","HCE Telecom Inc.",""
"393573","src_asn_isp_","Fuse Telecom",""
"393632","src_asn_isp_","NFTC Telecom",""
"393740","src_asn_isp_","Progressive Rural Telephone Cooperative Inc",""
"393821","src_asn_isp_","Lismore Cooperative Telephone Company",""
"393844","src_asn_isp_","Pine Telephone Company INC.",""
"394111","src_asn_isp_","Foothills Rural Telephone Cooperative Corporation Inc.",""
"394232","src_asn_isp_","TELKEL",""
"394333","src_asn_isp_","TRANSATEL US",""
"394473","src_asn_isp_","Brantley Telephone Company Inc.",""
"394474","src_asn_isp_","WhiteLabelColo",""
"394625","src_asn_isp_","WhiteLabel IT Solutions",""
"394708","src_asn_isp_","Horizon Telcom Inc.",""
"394710","src_asn_isp_","TelMAX",""
"394728","src_asn_isp_","Miles Cooperative Telephone Association",""
"394778","src_asn_isp_","Northeast Missouri Rural Telephone Co.",""
"394869","src_asn_isp_","APNC",""
"394891","src_asn_isp_","Commonwealth Flats Development Hotel Corp.",""
"394907","src_asn_isp_","CL Tel",""
"394989","src_asn_isp_","Gene's Telecom",""
"395040","src_asn_isp_","Green Hills Telephone Corporation",""
"395357","src_asn_isp_","Riviera Telephone Company Inc.",""
"395461","src_asn_isp_","Apogee Telecom Inc.",""
"395582","src_asn_isp_","Grand River Mutual Telephone Corporation",""
"395597","src_asn_isp_","Apogee Telecom Inc.",""
"395685","src_asn_isp_","Ontario Telephone Company Inc",""
"395795","src_asn_isp_","Cherokee Telephone Company",""
"395965","src_asn_isp_","Carrytel",""
"396056","src_asn_isp_","EAGLE TELEPHONE SYSTEM INC",""
"396338","src_asn_isp_","Altima TRT",""
"396461","src_asn_isp_","Natel Broadband",""
"397340","src_asn_isp_","Glasford Telephone Company",""
"397361","src_asn_isp_","Poka Lambro Telephone Cooperative Inc.",""
"398052","src_asn_isp_","Mechanicsville Telephone Company",""
"398305","src_asn_isp_","N4 Mobile",""
"398734","src_asn_isp_","Fleettel INC",""
"398839","src_asn_isp_","ALLIANCE TELECOM",""
"399111","src_asn_isp_","In-Telecom Consulting",""
"399194","src_asn_isp_","Satronics Satellites Sales and Service",""
"399327","src_asn_isp_","CONNECT MOBILITY",""
"399435","src_asn_isp_","Lipan Telephone Company",""
"399494","src_asn_isp_","Brooke Telecom Cooperative",""
"399844","src_asn_isp_","Saskatchewan Telecommunications",""
"399893","src_asn_isp_","Richmond Telephone Company LLC",""
"400155","src_asn_isp_","Manchester-Hartland Telephone Company",""
"400180","src_asn_isp_","Farmers Mutual Telephone Company Stanton",""
"400212","src_asn_isp_","VergeTel Group LLC",""
"400439","src_asn_isp_","Consolidated Telcom",""
"400610","src_asn_isp_","Middle Michigan Network for Educational Telecommunications",""
"400633","src_asn_isp_","Peoples Rural Telephone Cooperative Corporation Inc.",""
"400662","src_asn_isp_","Dobson Technologies - Transport and Telecom Solutions LLC",""
"400933","src_asn_isp_","Citizens Telephone Company of Higginsville Missouri",""